--2026-09-17 00:02:58--  https://web.archive.org/web/20260604214342/https://blog.epheia.moe/
Resolving web.archive.org (web.archive.org)... 198.18.0.58
Connecting to web.archive.org (web.archive.org)|198.18.0.58|:443... connected.
HTTP request sent, awaiting response... 200 OK
Length: unspecified [text/html]
Saving to: ‘blog.epheia.moe/web.archive.org/web/20260604214342/https:/blog.epheia.moe/index.html’

     0K .......... .......... .......... .......... ..........  303K
    50K .......... .......... .......... .......... ..........  893K
   100K .......... .......... .......... .......... ..........  497K
   150K .......... .......... .......... .......... ..........  998K
   200K .......... .......... .......... .......... .......... 1011K
   250K .......... ..                                          2.38M=0.4s

Last-modified header missing -- time-stamps turned off.
2026-09-17 00:03:03 (616 KB/s) - ‘blog.epheia.moe/web.archive.org/web/20260604214342/https:/blog.epheia.moe/index.html’ saved [268891]

--2026-09-17 00:03:04--  https://web.archive.org/web/20260604214342/https://s4.zstatic.net/
Reusing existing connection to web.archive.org:443.
HTTP request sent, awaiting response... 302 FOUND
Location: https://web.archive.org/web/20260129061728/https://s4.zstatic.net/ [following]
--2026-09-17 00:03:05--  https://web.archive.org/web/20260129061728/https://s4.zstatic.net/
Reusing existing connection to web.archive.org:443.
HTTP request sent, awaiting response... 200 OK
Server ignored If-Modified-Since header for file ‘blog.epheia.moe/web.archive.org/web/20260604214342/https:/s4.zstatic.net/index.html’.
You might want to add --no-if-modified-since option.

--2026-09-17 00:03:07--  https://web.archive.org/web/20260604214342/https://s4.zstatic.net/ajax/libs/font-awesome/6.7.2/css/all.min.css
Connecting to web.archive.org (web.archive.org)|198.18.0.58|:443... connected.
HTTP request sent, awaiting response... 302 FOUND
Location: https://web.archive.org/web/20260605050728/https://s4.zstatic.net/ajax/libs/font-awesome/6.7.2/css/all.min.css [following]
--2026-09-17 00:03:09--  https://web.archive.org/web/20260605050728/https://s4.zstatic.net/ajax/libs/font-awesome/6.7.2/css/all.min.css
Reusing existing connection to web.archive.org:443.
HTTP request sent, awaiting response... 200 OK
Length: unspecified [text/css]
Saving to: ‘blog.epheia.moe/web.archive.org/web/20260604214342/https:/s4.zstatic.net/ajax/libs/font-awesome/6.7.2/css/all.min.css’

     0K .......... .......... .......... .......... ..........  283K
    50K .......... .......... ....                              353K=0.2s

Last-modified header missing -- time-stamps turned off.
2026-09-17 00:03:10 (303 KB/s) - ‘blog.epheia.moe/web.archive.org/web/20260604214342/https:/s4.zstatic.net/ajax/libs/font-awesome/6.7.2/css/all.min.css’ saved [75780]

--2026-09-17 00:03:11--  https://web.archive.org/web/20260604214342cs_/https://s4.zstatic.net/ajax/libs/font-awesome/6.7.2/css/all.min.css
Reusing existing connection to web.archive.org:443.
HTTP request sent, awaiting response... 302 FOUND
Location: https://web.archive.org/web/20260605050728cs_/https://s4.zstatic.net/ajax/libs/font-awesome/6.7.2/css/all.min.css [following]
--2026-09-17 00:03:12--  https://web.archive.org/web/20260605050728cs_/https://s4.zstatic.net/ajax/libs/font-awesome/6.7.2/css/all.min.css
Reusing existing connection to web.archive.org:443.
HTTP request sent, awaiting response... 200 OK
Length: unspecified [text/css]
Saving to: ‘blog.epheia.moe/web.archive.org/web/20260604214342cs_/https:/s4.zstatic.net/ajax/libs/font-awesome/6.7.2/css/all.min.css’

     0K .......... .......... .......... .......... .......... 2.81M
    50K .......... .......... ....                             2.41M=0.03s

Last-modified header missing -- time-stamps turned off.
2026-09-17 00:03:13 (2.67 MB/s) - ‘blog.epheia.moe/web.archive.org/web/20260604214342cs_/https:/s4.zstatic.net/ajax/libs/font-awesome/6.7.2/css/all.min.css’ saved [75778]

--2026-09-17 00:03:14--  https://web.archive.org/web/20260604214342im_/https://s.nmxc.ltd/sakurairo_vision/@3.0/basic/favicon.ico
Reusing existing connection to web.archive.org:443.
HTTP request sent, awaiting response... 302 FOUND
Location: https://web.archive.org/web/20260607134903im_/https://s.nmxc.ltd/sakurairo_vision/@3.0/basic/favicon.ico [following]
--2026-09-17 00:03:15--  https://web.archive.org/web/20260607134903im_/https://s.nmxc.ltd/sakurairo_vision/@3.0/basic/favicon.ico
Reusing existing connection to web.archive.org:443.
HTTP request sent, awaiting response... 200 OK
Server ignored If-Modified-Since header for file ‘blog.epheia.moe/web.archive.org/web/20260604214342im_/https:/s.nmxc.ltd/sakurairo_vision/@3.0/basic/favicon.ico’.
You might want to add --no-if-modified-since option.

--2026-09-17 00:03:17--  https://web.archive.org/web/20260604214342/https://s.nmxc.ltd/
Connecting to web.archive.org (web.archive.org)|198.18.0.58|:443... connected.
HTTP request sent, awaiting response... 302 FOUND
Location: https://web.archive.org/web/20260129214148/https://s.nmxc.ltd/ [following]
--2026-09-17 00:03:19--  https://web.archive.org/web/20260129214148/https://s.nmxc.ltd/
Reusing existing connection to web.archive.org:443.
HTTP request sent, awaiting response... 200 OK
Server ignored If-Modified-Since header for file ‘blog.epheia.moe/web.archive.org/web/20260604214342/https:/s.nmxc.ltd/index.html’.
You might want to add --no-if-modified-since option.

--2026-09-17 00:03:21--  https://web.archive.org/web/20260604214342cs_/https://blog.epheia.moe/wp-includes/css/dist/block-library/style.min.css?ver=7.0
Connecting to web.archive.org (web.archive.org)|198.18.0.58|:443... connected.
HTTP request sent, awaiting response... 302 FOUND
Location: https://web.archive.org/web/20260604214350cs_/https://blog.epheia.moe/wp-includes/css/dist/block-library/style.min.css?ver=7.0 [following]
--2026-09-17 00:03:23--  https://web.archive.org/web/20260604214350cs_/https://blog.epheia.moe/wp-includes/css/dist/block-library/style.min.css?ver=7.0
Reusing existing connection to web.archive.org:443.
HTTP request sent, awaiting response... 200 OK
Length: unspecified [text/css]
Saving to: ‘blog.epheia.moe/web.archive.org/web/20260604214342cs_/https:/blog.epheia.moe/wp-includes/css/dist/block-library/style.min.css?ver=7.0.css’

     0K .......... .......... .......... .......... ..........  267K
    50K .......... .......... .......... .......... ..........  293K
   100K .......... .......... ........                         19.1M=0.4s

2026-09-17 00:03:24 (358 KB/s) - ‘blog.epheia.moe/web.archive.org/web/20260604214342cs_/https:/blog.epheia.moe/wp-includes/css/dist/block-library/style.min.css?ver=7.0.css’ saved [131624]

--2026-09-17 00:03:24--  https://web.archive.org/web/20260604214342/https://blog.epheia.moe/wp-content/themes/Sakurairo/css/?iro_header&github&no_wave&minify&3.0.10
Reusing existing connection to web.archive.org:443.
HTTP request sent, awaiting response... 404 NOT FOUND
2026-09-17 00:03:25 ERROR 404: NOT FOUND.

--2026-09-17 00:03:26--  https://web.archive.org/web/20260604214342cs_/https://blog.epheia.moe/wp-content/themes/Sakurairo/css/?iro_header&github&no_wave&minify&3.0.10
Reusing existing connection to web.archive.org:443.
HTTP request sent, awaiting response... 404 NOT FOUND
2026-09-17 00:03:30 ERROR 404: NOT FOUND.

--2026-09-17 00:03:31--  https://web.archive.org/web/20260604214342im_/https://s.nmxc.ltd/sakurairo_vision/@3.0/basic/puff-load.svg
Reusing existing connection to web.archive.org:443.
HTTP request sent, awaiting response... 302 FOUND
Location: https://web.archive.org/web/20260605054148im_/https://s.nmxc.ltd/sakurairo_vision/@3.0/basic/puff-load.svg [following]
--2026-09-17 00:03:33--  https://web.archive.org/web/20260605054148im_/https://s.nmxc.ltd/sakurairo_vision/@3.0/basic/puff-load.svg
Reusing existing connection to web.archive.org:443.
HTTP request sent, awaiting response... 200 OK
Server ignored If-Modified-Since header for file ‘blog.epheia.moe/web.archive.org/web/20260604214342im_/https:/s.nmxc.ltd/sakurairo_vision/@3.0/basic/puff-load.svg’.
You might want to add --no-if-modified-since option.

--2026-09-17 00:03:34--  https://web.archive.org/web/20260604214342im_/https://blog.epheia.moe/
Connecting to web.archive.org (web.archive.org)|198.18.0.58|:443... connected.
HTTP request sent, awaiting response... 200 OK
Length: unspecified [text/html]
Saving to: ‘blog.epheia.moe/web.archive.org/web/20260604214342im_/https:/blog.epheia.moe/index.html’

     0K .......... .......... .......... .......... ..........  336K
    50K .......... .......... .......... .......... ..........  355K
   100K .......... .......... .......... .......... ..........  215K
   150K .......... .......... .......... .......... .......... 13.6M
   200K .......... .......... .......... .......... .......... 2.16M
   250K .......... ..                                          19.4M=0.5s

Last-modified header missing -- time-stamps turned off.
2026-09-17 00:03:36 (478 KB/s) - ‘blog.epheia.moe/web.archive.org/web/20260604214342im_/https:/blog.epheia.moe/index.html’ saved [268917]

--2026-09-17 00:03:37--  https://web.archive.org/web/20260604214342im_/https://s.nmxc.ltd/sakurairo_vision/@3.0/basic/add.svg
Reusing existing connection to web.archive.org:443.
HTTP request sent, awaiting response... 302 FOUND
Location: https://web.archive.org/web/20260628192309im_/https://s.nmxc.ltd/sakurairo_vision/@3.0/basic/add.svg [following]
--2026-09-17 00:03:38--  https://web.archive.org/web/20260628192309im_/https://s.nmxc.ltd/sakurairo_vision/@3.0/basic/add.svg
Reusing existing connection to web.archive.org:443.
HTTP request sent, awaiting response... 200 OK
Server ignored If-Modified-Since header for file ‘blog.epheia.moe/web.archive.org/web/20260604214342im_/https:/s.nmxc.ltd/sakurairo_vision/@3.0/basic/add.svg’.
You might want to add --no-if-modified-since option.

--2026-09-17 00:03:41--  https://web.archive.org/web/20260604214342im_/https://s.nmxc.ltd/sakurairo_vision/@3.0/basic/grid.png
Connecting to web.archive.org (web.archive.org)|198.18.0.58|:443... connected.
HTTP request sent, awaiting response... 302 FOUND
Location: https://web.archive.org/web/20260531202814im_/https://s.nmxc.ltd/sakurairo_vision/@3.0/basic/grid.png [following]
--2026-09-17 00:03:43--  https://web.archive.org/web/20260531202814im_/https://s.nmxc.ltd/sakurairo_vision/@3.0/basic/grid.png
Reusing existing connection to web.archive.org:443.
HTTP request sent, awaiting response... 200 OK
Server ignored If-Modified-Since header for file ‘blog.epheia.moe/web.archive.org/web/20260604214342im_/https:/s.nmxc.ltd/sakurairo_vision/@3.0/basic/grid.png’.
You might want to add --no-if-modified-since option.

--2026-09-17 00:03:45--  https://web.archive.org/web/20260604214342im_/https://s.nmxc.ltd/sakurairo_vision/@3.0/basic/dot.gif
Connecting to web.archive.org (web.archive.org)|198.18.0.58|:443... connected.
HTTP request sent, awaiting response... 302 FOUND
Location: https://web.archive.org/web/20260607043752im_/https://s.nmxc.ltd/sakurairo_vision/@3.0/basic/dot.gif [following]
--2026-09-17 00:03:46--  https://web.archive.org/web/20260607043752im_/https://s.nmxc.ltd/sakurairo_vision/@3.0/basic/dot.gif
Reusing existing connection to web.archive.org:443.
HTTP request sent, awaiting response... 200 OK
Server ignored If-Modified-Since header for file ‘blog.epheia.moe/web.archive.org/web/20260604214342im_/https:/s.nmxc.ltd/sakurairo_vision/@3.0/basic/dot.gif’.
You might want to add --no-if-modified-since option.

--2026-09-17 00:03:48--  https://web.archive.org/web/20260604214342im_/https://s.nmxc.ltd/sakurairo_vision/@3.0/basic/play.svg
Connecting to web.archive.org (web.archive.org)|198.18.0.58|:443... connected.
HTTP request sent, awaiting response... 302 FOUND
Location: https://web.archive.org/web/20260605050735im_/https://s.nmxc.ltd/sakurairo_vision/@3.0/basic/play.svg [following]
--2026-09-17 00:03:52--  https://web.archive.org/web/20260605050735im_/https://s.nmxc.ltd/sakurairo_vision/@3.0/basic/play.svg
Reusing existing connection to web.archive.org:443.
HTTP request sent, awaiting response... 200 OK
Server ignored If-Modified-Since header for file ‘blog.epheia.moe/web.archive.org/web/20260604214342im_/https:/s.nmxc.ltd/sakurairo_vision/@3.0/basic/play.svg’.
You might want to add --no-if-modified-since option.

--2026-09-17 00:03:53--  https://web.archive.org/web/20260604214342im_/https://s.nmxc.ltd/sakurairo_vision/@3.0/basic/pause.svg
Connecting to web.archive.org (web.archive.org)|198.18.0.58|:443... connected.
HTTP request sent, awaiting response... 302 FOUND
Location: https://web.archive.org/web/20260628192309im_/https://s.nmxc.ltd/sakurairo_vision/@3.0/basic/pause.svg [following]
--2026-09-17 00:03:55--  https://web.archive.org/web/20260628192309im_/https://s.nmxc.ltd/sakurairo_vision/@3.0/basic/pause.svg
Reusing existing connection to web.archive.org:443.
HTTP request sent, awaiting response... 200 OK
Server ignored If-Modified-Since header for file ‘blog.epheia.moe/web.archive.org/web/20260604214342im_/https:/s.nmxc.ltd/sakurairo_vision/@3.0/basic/pause.svg’.
You might want to add --no-if-modified-since option.

--2026-09-17 00:03:58--  https://web.archive.org/web/20260604214342im_/https://blog.epheia.moe/wp-content/uploads/2025/11/cropped-1762012142-android-chrome-512x512-1-32x32.png
Connecting to web.archive.org (web.archive.org)|198.18.0.58|:443... connected.
HTTP request sent, awaiting response... 302 FOUND
Location: https://web.archive.org/web/20260604214350im_/https://blog.epheia.moe/wp-content/uploads/2025/11/cropped-1762012142-android-chrome-512x512-1-32x32.png [following]
--2026-09-17 00:04:00--  https://web.archive.org/web/20260604214350im_/https://blog.epheia.moe/wp-content/uploads/2025/11/cropped-1762012142-android-chrome-512x512-1-32x32.png
Reusing existing connection to web.archive.org:443.
HTTP request sent, awaiting response... 200 OK
Server ignored If-Modified-Since header for file ‘blog.epheia.moe/web.archive.org/web/20260604214342im_/https:/blog.epheia.moe/wp-content/uploads/2025/11/cropped-1762012142-android-chrome-512x512-1-32x32.png’.
You might want to add --no-if-modified-since option.

--2026-09-17 00:04:01--  https://web.archive.org/web/20260604214342im_/https://blog.epheia.moe/wp-content/uploads/2025/11/cropped-1762012142-android-chrome-512x512-1-192x192.png
Connecting to web.archive.org (web.archive.org)|198.18.0.58|:443... connected.
HTTP request sent, awaiting response... 302 FOUND
Location: https://web.archive.org/web/20260604214350im_/https://blog.epheia.moe/wp-content/uploads/2025/11/cropped-1762012142-android-chrome-512x512-1-192x192.png [following]
--2026-09-17 00:04:04--  https://web.archive.org/web/20260604214350im_/https://blog.epheia.moe/wp-content/uploads/2025/11/cropped-1762012142-android-chrome-512x512-1-192x192.png
Reusing existing connection to web.archive.org:443.
HTTP request sent, awaiting response... 200 OK
Server ignored If-Modified-Since header for file ‘blog.epheia.moe/web.archive.org/web/20260604214342im_/https:/blog.epheia.moe/wp-content/uploads/2025/11/cropped-1762012142-android-chrome-512x512-1-192x192.png’.
You might want to add --no-if-modified-since option.

--2026-09-17 00:04:06--  https://web.archive.org/web/20260604214342im_/https://blog.epheia.moe/wp-content/uploads/2025/11/cropped-1762012142-android-chrome-512x512-1-180x180.png
Connecting to web.archive.org (web.archive.org)|198.18.0.58|:443... connected.
HTTP request sent, awaiting response... 302 FOUND
Location: https://web.archive.org/web/20260604214351im_/https://blog.epheia.moe/wp-content/uploads/2025/11/cropped-1762012142-android-chrome-512x512-1-180x180.png [following]
--2026-09-17 00:04:09--  https://web.archive.org/web/20260604214351im_/https://blog.epheia.moe/wp-content/uploads/2025/11/cropped-1762012142-android-chrome-512x512-1-180x180.png
Reusing existing connection to web.archive.org:443.
HTTP request sent, awaiting response... 200 OK
Server ignored If-Modified-Since header for file ‘blog.epheia.moe/web.archive.org/web/20260604214342im_/https:/blog.epheia.moe/wp-content/uploads/2025/11/cropped-1762012142-android-chrome-512x512-1-180x180.png’.
You might want to add --no-if-modified-since option.

--2026-09-17 00:04:10--  https://web.archive.org/web/20260604214342js_/https://blog.epheia.moe/wp-content/themes/Sakurairo/js/nav.js
Connecting to web.archive.org (web.archive.org)|198.18.0.58|:443... connected.
HTTP request sent, awaiting response... 302 FOUND
Location: https://web.archive.org/web/20260604214350js_/https://blog.epheia.moe/wp-content/themes/Sakurairo/js/nav.js [following]
--2026-09-17 00:04:13--  https://web.archive.org/web/20260604214350js_/https://blog.epheia.moe/wp-content/themes/Sakurairo/js/nav.js
Reusing existing connection to web.archive.org:443.
HTTP request sent, awaiting response... 200 OK
Server ignored If-Modified-Since header for file ‘blog.epheia.moe/web.archive.org/web/20260604214342js_/https:/blog.epheia.moe/wp-content/themes/Sakurairo/js/nav.js’.
You might want to add --no-if-modified-since option.

--2026-09-17 00:04:14--  https://web.archive.org/web/20260604214342im_/https://blog.epheia.moe/wp-content/uploads/2025/11/1762012142-android-chrome-512x512-1.png
Connecting to web.archive.org (web.archive.org)|198.18.0.58|:443... connected.
HTTP request sent, awaiting response... 200 OK
Server ignored If-Modified-Since header for file ‘blog.epheia.moe/web.archive.org/web/20260604214342im_/https:/blog.epheia.moe/wp-content/uploads/2025/11/1762012142-android-chrome-512x512-1.png’.
You might want to add --no-if-modified-since option.

--2026-09-17 00:04:16--  https://web.archive.org/web/20260604214342im_/https://blog.epheia.moe/wp-content/uploads/2026/03/cropped-1772969616-mmexport1772209790760.jpg
Connecting to web.archive.org (web.archive.org)|198.18.0.58|:443... connected.
HTTP request sent, awaiting response... 200 OK
Server ignored If-Modified-Since header for file ‘blog.epheia.moe/web.archive.org/web/20260604214342im_/https:/blog.epheia.moe/wp-content/uploads/2026/03/cropped-1772969616-mmexport1772209790760.jpg’.
You might want to add --no-if-modified-since option.

--2026-09-17 00:04:19--  https://web.archive.org/web/20260604214342im_/https://s.nmxc.ltd/sakurairo_vision/@3.0/display_icon/fluent_design/tw.webp
Connecting to web.archive.org (web.archive.org)|198.18.0.58|:443... connected.
HTTP request sent, awaiting response... 302 FOUND
Location: https://web.archive.org/web/20260601055722im_/https://s.nmxc.ltd/sakurairo_vision/@3.0/display_icon/fluent_design/tw.webp [following]
--2026-09-17 00:04:21--  https://web.archive.org/web/20260601055722im_/https://s.nmxc.ltd/sakurairo_vision/@3.0/display_icon/fluent_design/tw.webp
Reusing existing connection to web.archive.org:443.
HTTP request sent, awaiting response... 200 OK
Server ignored If-Modified-Since header for file ‘blog.epheia.moe/web.archive.org/web/20260604214342im_/https:/s.nmxc.ltd/sakurairo_vision/@3.0/display_icon/fluent_design/tw.webp’.
You might want to add --no-if-modified-since option.

--2026-09-17 00:04:22--  https://web.archive.org/web/20260604214342im_/https://s.nmxc.ltd/sakurairo_vision/@3.0/display_icon/fluent_design/mail.webp
Connecting to web.archive.org (web.archive.org)|198.18.0.58|:443... connected.
HTTP request sent, awaiting response... 302 FOUND
Location: https://web.archive.org/web/20260607043752im_/https://s.nmxc.ltd/sakurairo_vision/@3.0/display_icon/fluent_design/mail.webp [following]
--2026-09-17 00:04:24--  https://web.archive.org/web/20260607043752im_/https://s.nmxc.ltd/sakurairo_vision/@3.0/display_icon/fluent_design/mail.webp
Reusing existing connection to web.archive.org:443.
HTTP request sent, awaiting response... 200 OK
Server ignored If-Modified-Since header for file ‘blog.epheia.moe/web.archive.org/web/20260604214342im_/https:/s.nmxc.ltd/sakurairo_vision/@3.0/display_icon/fluent_design/mail.webp’.
You might want to add --no-if-modified-since option.

--2026-09-17 00:04:26--  https://web.archive.org/web/20260604214342/https://blog.epheia.moe/a/author/epheia/
Connecting to web.archive.org (web.archive.org)|198.18.0.58|:443... connected.
HTTP request sent, awaiting response... 302 FOUND
Location: https://web.archive.org/web/20260210034219/https://blog.epheia.moe/a/author/epheia/ [following]
--2026-09-17 00:04:29--  https://web.archive.org/web/20260210034219/https://blog.epheia.moe/a/author/epheia/
Reusing existing connection to web.archive.org:443.
HTTP request sent, awaiting response... 200 OK
Length: unspecified [text/html]
Saving to: ‘blog.epheia.moe/web.archive.org/web/20260604214342/https:/blog.epheia.moe/a/author/epheia/index.html’

     0K .......... .......... .......... .......... ..........  260K
    50K .......... .......... .......... .......... ..........  271K
   100K .......... .......... .......... .......... .......... 37.5M
   150K .......... .......... .......... .......... .......... 1.07M
   200K .......... .......... .......... .......... ..........  455K
   250K .......                                                32.5M=0.5s

Last-modified header missing -- time-stamps turned off.
2026-09-17 00:04:30 (482 KB/s) - ‘blog.epheia.moe/web.archive.org/web/20260604214342/https:/blog.epheia.moe/a/author/epheia/index.html’ saved [263829]

--2026-09-17 00:04:31--  https://web.archive.org/web/20260604214342/https://blog.epheia.moe/a/shuoshuo/pride2026/
Reusing existing connection to web.archive.org:443.
HTTP request sent, awaiting response... 404 NOT FOUND
2026-09-17 00:04:32 ERROR 404: NOT FOUND.

--2026-09-17 00:04:33--  https://web.archive.org/web/20260604214342im_/https://blog.epheia.moe/wp-content/uploads/2026/05/1780237492-1000061153-1024x555.jpg
Reusing existing connection to web.archive.org:443.
HTTP request sent, awaiting response... 200 OK
Server ignored If-Modified-Since header for file ‘blog.epheia.moe/web.archive.org/web/20260604214342im_/https:/blog.epheia.moe/wp-content/uploads/2026/05/1780237492-1000061153-1024x555.jpg’.
You might want to add --no-if-modified-since option.

--2026-09-17 00:04:34--  https://web.archive.org/web/20260604214342im_/https://blog.epheia.moe/wp-content/uploads/2026/05/1780237492-1000061153-300x163.jpg
Connecting to web.archive.org (web.archive.org)|198.18.0.58|:443... connected.
HTTP request sent, awaiting response... 200 OK
Server ignored If-Modified-Since header for file ‘blog.epheia.moe/web.archive.org/web/20260604214342im_/https:/blog.epheia.moe/wp-content/uploads/2026/05/1780237492-1000061153-300x163.jpg’.
You might want to add --no-if-modified-since option.

--2026-09-17 00:04:36--  https://web.archive.org/web/20260604214342im_/https://blog.epheia.moe/wp-content/uploads/2026/05/1780237492-1000061153-768x416.jpg
Connecting to web.archive.org (web.archive.org)|198.18.0.58|:443... connected.
HTTP request sent, awaiting response... 200 OK
Server ignored If-Modified-Since header for file ‘blog.epheia.moe/web.archive.org/web/20260604214342im_/https:/blog.epheia.moe/wp-content/uploads/2026/05/1780237492-1000061153-768x416.jpg’.
You might want to add --no-if-modified-since option.

--2026-09-17 00:04:38--  https://web.archive.org/web/20260604214342im_/https://blog.epheia.moe/wp-content/uploads/2026/05/1780237492-1000061153.jpg
Connecting to web.archive.org (web.archive.org)|198.18.0.58|:443... connected.
HTTP request sent, awaiting response... 200 OK
Server ignored If-Modified-Since header for file ‘blog.epheia.moe/web.archive.org/web/20260604214342im_/https:/blog.epheia.moe/wp-content/uploads/2026/05/1780237492-1000061153.jpg’.
You might want to add --no-if-modified-since option.

--2026-09-17 00:04:40--  https://web.archive.org/web/20260604214342/https://blog.epheia.moe/a/283
Connecting to web.archive.org (web.archive.org)|198.18.0.58|:443... connected.
HTTP request sent, awaiting response... 404 NOT FOUND
2026-09-17 00:04:42 ERROR 404: NOT FOUND.

--2026-09-17 00:04:43--  https://web.archive.org/web/20260604214342/https://blog.epheia.moe/a/280
Reusing existing connection to web.archive.org:443.
HTTP request sent, awaiting response... 404 NOT FOUND
2026-09-17 00:04:43 ERROR 404: NOT FOUND.

--2026-09-17 00:04:44--  https://web.archive.org/web/20260604214342/https://blog.epheia.moe/a/shuoshuo/pride-month-begins-in-one-week/
Reusing existing connection to web.archive.org:443.
HTTP request sent, awaiting response... 404 NOT FOUND
2026-09-17 00:04:46 ERROR 404: NOT FOUND.

--2026-09-17 00:04:47--  https://web.archive.org/web/20260604214342im_/https://blog.epheia.moe/wp-content/uploads/2026/05/1779714880-1000060851-1024x555.jpg
Reusing existing connection to web.archive.org:443.
HTTP request sent, awaiting response... 200 OK
Server ignored If-Modified-Since header for file ‘blog.epheia.moe/web.archive.org/web/20260604214342im_/https:/blog.epheia.moe/wp-content/uploads/2026/05/1779714880-1000060851-1024x555.jpg’.
You might want to add --no-if-modified-since option.

--2026-09-17 00:04:50--  https://web.archive.org/web/20260604214342im_/https://blog.epheia.moe/wp-content/uploads/2026/05/1779714880-1000060851-300x163.jpg
Connecting to web.archive.org (web.archive.org)|198.18.0.58|:443... connected.
HTTP request sent, awaiting response... 302 FOUND
Location: https://web.archive.org/web/20260604214343im_/https://blog.epheia.moe/wp-content/uploads/2026/05/1779714880-1000060851-300x163.jpg [following]
--2026-09-17 00:04:51--  https://web.archive.org/web/20260604214343im_/https://blog.epheia.moe/wp-content/uploads/2026/05/1779714880-1000060851-300x163.jpg
Reusing existing connection to web.archive.org:443.
HTTP request sent, awaiting response... 200 OK
Server ignored If-Modified-Since header for file ‘blog.epheia.moe/web.archive.org/web/20260604214342im_/https:/blog.epheia.moe/wp-content/uploads/2026/05/1779714880-1000060851-300x163.jpg’.
You might want to add --no-if-modified-since option.

--2026-09-17 00:04:53--  https://web.archive.org/web/20260604214342im_/https://blog.epheia.moe/wp-content/uploads/2026/05/1779714880-1000060851-768x416.jpg
Connecting to web.archive.org (web.archive.org)|198.18.0.58|:443... connected.
HTTP request sent, awaiting response... 302 FOUND
Location: https://web.archive.org/web/20260604214343im_/https://blog.epheia.moe/wp-content/uploads/2026/05/1779714880-1000060851-768x416.jpg [following]
--2026-09-17 00:04:55--  https://web.archive.org/web/20260604214343im_/https://blog.epheia.moe/wp-content/uploads/2026/05/1779714880-1000060851-768x416.jpg
Reusing existing connection to web.archive.org:443.
HTTP request sent, awaiting response... 200 OK
Server ignored If-Modified-Since header for file ‘blog.epheia.moe/web.archive.org/web/20260604214342im_/https:/blog.epheia.moe/wp-content/uploads/2026/05/1779714880-1000060851-768x416.jpg’.
You might want to add --no-if-modified-since option.

--2026-09-17 00:04:57--  https://web.archive.org/web/20260604214342im_/https://blog.epheia.moe/wp-content/uploads/2026/05/1779714880-1000060851.jpg
Connecting to web.archive.org (web.archive.org)|198.18.0.58|:443... connected.
HTTP request sent, awaiting response... 302 FOUND
Location: https://web.archive.org/web/20260604214343im_/https://blog.epheia.moe/wp-content/uploads/2026/05/1779714880-1000060851.jpg [following]
--2026-09-17 00:04:59--  https://web.archive.org/web/20260604214343im_/https://blog.epheia.moe/wp-content/uploads/2026/05/1779714880-1000060851.jpg
Reusing existing connection to web.archive.org:443.
HTTP request sent, awaiting response... 200 OK
Server ignored If-Modified-Since header for file ‘blog.epheia.moe/web.archive.org/web/20260604214342im_/https:/blog.epheia.moe/wp-content/uploads/2026/05/1779714880-1000060851.jpg’.
You might want to add --no-if-modified-since option.

--2026-09-17 00:05:01--  https://web.archive.org/web/20260604214342/https://blog.epheia.moe/a/271
Connecting to web.archive.org (web.archive.org)|198.18.0.58|:443... connected.
HTTP request sent, awaiting response... 404 NOT FOUND
2026-09-17 00:05:02 ERROR 404: NOT FOUND.

--2026-09-17 00:05:04--  https://web.archive.org/web/20260604214342/https://blog.epheia.moe/a/268
Reusing existing connection to web.archive.org:443.
HTTP request sent, awaiting response... 404 NOT FOUND
2026-09-17 00:05:05 ERROR 404: NOT FOUND.

--2026-09-17 00:05:06--  https://web.archive.org/web/20260604214342/https://blog.epheia.moe/a/265
Reusing existing connection to web.archive.org:443.
HTTP request sent, awaiting response... 404 NOT FOUND
2026-09-17 00:05:07 ERROR 404: NOT FOUND.

--2026-09-17 00:05:08--  https://web.archive.org/web/20260604214342/https://blog.epheia.moe/a/262
Reusing existing connection to web.archive.org:443.
HTTP request sent, awaiting response... 404 NOT FOUND
2026-09-17 00:05:09 ERROR 404: NOT FOUND.

--2026-09-17 00:05:09--  https://web.archive.org/web/20260604214342/https://blog.epheia.moe/a/shuoshuo/tdov2026/
Reusing existing connection to web.archive.org:443.
HTTP request sent, awaiting response... 404 NOT FOUND
2026-09-17 00:05:10 ERROR 404: NOT FOUND.

--2026-09-17 00:05:11--  https://web.archive.org/web/20260604214342/https://blog.epheia.moe/a/235
Reusing existing connection to web.archive.org:443.
HTTP request sent, awaiting response... 404 NOT FOUND
2026-09-17 00:05:11 ERROR 404: NOT FOUND.

--2026-09-17 00:05:12--  https://web.archive.org/web/20260604214342js_/https://blog.epheia.moe/wp-content/themes/Sakurairo/js/polyfill.js?ver=3.0.10
Reusing existing connection to web.archive.org:443.
HTTP request sent, awaiting response... 302 FOUND
Location: https://web.archive.org/web/20260604214350js_/https://blog.epheia.moe/wp-content/themes/Sakurairo/js/polyfill.js?ver=3.0.10 [following]
--2026-09-17 00:05:14--  https://web.archive.org/web/20260604214350js_/https://blog.epheia.moe/wp-content/themes/Sakurairo/js/polyfill.js?ver=3.0.10
Reusing existing connection to web.archive.org:443.
HTTP request sent, awaiting response... 200 OK
Server ignored If-Modified-Since header for file ‘blog.epheia.moe/web.archive.org/web/20260604214342js_/https:/blog.epheia.moe/wp-content/themes/Sakurairo/js/polyfill.js?ver=3.0.10’.
You might want to add --no-if-modified-since option.

--2026-09-17 00:05:15--  https://web.archive.org/web/20260604214342js_/https://blog.epheia.moe/wp-content/themes/Sakurairo/js/app.js?ver=3.0.10
Connecting to web.archive.org (web.archive.org)|198.18.0.58|:443... connected.
HTTP request sent, awaiting response... 302 FOUND
Location: https://web.archive.org/web/20260604214350js_/https://blog.epheia.moe/wp-content/themes/Sakurairo/js/app.js?ver=3.0.10 [following]
--2026-09-17 00:05:17--  https://web.archive.org/web/20260604214350js_/https://blog.epheia.moe/wp-content/themes/Sakurairo/js/app.js?ver=3.0.10
Reusing existing connection to web.archive.org:443.
HTTP request sent, awaiting response... 200 OK
Server ignored If-Modified-Since header for file ‘blog.epheia.moe/web.archive.org/web/20260604214342js_/https:/blog.epheia.moe/wp-content/themes/Sakurairo/js/app.js?ver=3.0.10’.
You might want to add --no-if-modified-since option.

--2026-09-17 00:05:18--  https://web.archive.org/web/20260604214342js_/https://s.nmxc.ltd/sakurairo/@3.0.10/js/smoothscroll.js?ver=3.0.10
Connecting to web.archive.org (web.archive.org)|198.18.0.58|:443... connected.
HTTP request sent, awaiting response... 302 FOUND
Location: https://web.archive.org/web/20260607043750js_/https://s.nmxc.ltd/sakurairo/@3.0.10/js/smoothscroll.js?ver=3.0.10 [following]
--2026-09-17 00:05:20--  https://web.archive.org/web/20260607043750js_/https://s.nmxc.ltd/sakurairo/@3.0.10/js/smoothscroll.js?ver=3.0.10
Reusing existing connection to web.archive.org:443.
HTTP request sent, awaiting response... 404 Not Found
2026-09-17 00:05:21 ERROR 404: Not Found.

--2026-09-17 00:05:21--  https://web.archive.org/web/20260604214342/https://blog.epheia.moe/a/date/2026/05/
Reusing existing connection to web.archive.org:443.
HTTP request sent, awaiting response... 404 NOT FOUND
2026-09-17 00:05:23 ERROR 404: NOT FOUND.

--2026-09-17 00:05:24--  https://web.archive.org/web/20260604214342/https://blog.epheia.moe/a/date/2026/03/
Reusing existing connection to web.archive.org:443.
HTTP request sent, awaiting response... 404 NOT FOUND
2026-09-17 00:05:24 ERROR 404: NOT FOUND.

--2026-09-17 00:05:26--  https://web.archive.org/web/20260604214342/https://blog.epheia.moe/a/date/2025/10/
Reusing existing connection to web.archive.org:443.
HTTP request sent, awaiting response... 302 FOUND
Location: https://web.archive.org/web/20260103055039/https://blog.epheia.moe/a/date/2025/10/ [following]
--2026-09-17 00:05:28--  https://web.archive.org/web/20260103055039/https://blog.epheia.moe/a/date/2025/10/
Reusing existing connection to web.archive.org:443.
HTTP request sent, awaiting response... 200 OK
Length: unspecified [text/html]
Saving to: ‘blog.epheia.moe/web.archive.org/web/20260604214342/https:/blog.epheia.moe/a/date/2025/10/index.html’

     0K .......... .......... .......... .......... ..........  314K
    50K .......... .......... .......... .......... ..........  313K
   100K .......... .......... .......... .......... .......... 1.22M
   150K .......... .......... .......... .......... ..........  559K
   200K .......... .......... .......... ........               889K=0.5s

Last-modified header missing -- time-stamps turned off.
2026-09-17 00:05:29 (485 KB/s) - ‘blog.epheia.moe/web.archive.org/web/20260604214342/https:/blog.epheia.moe/a/date/2025/10/index.html’ saved [244070]

--2026-09-17 00:05:30--  https://web.archive.org/web/20260605050728im_/https://s4.zstatic.net/ajax/libs/font-awesome/6.7.2/webfonts/fa-brands-400.woff2
Reusing existing connection to web.archive.org:443.
HTTP request sent, awaiting response... 302 FOUND
Location: https://web.archive.org/web/20260605050733im_/https://s4.zstatic.net/ajax/libs/font-awesome/6.7.2/webfonts/fa-brands-400.woff2 [following]
--2026-09-17 00:05:31--  https://web.archive.org/web/20260605050733im_/https://s4.zstatic.net/ajax/libs/font-awesome/6.7.2/webfonts/fa-brands-400.woff2
Reusing existing connection to web.archive.org:443.
HTTP request sent, awaiting response... 200 OK
Length: 118684 (116K) [application/octet-stream]
Saving to: ‘blog.epheia.moe/web.archive.org/web/20260605050728im_/https:/s4.zstatic.net/ajax/libs/font-awesome/6.7.2/webfonts/fa-brands-400.woff2’

     0K .......... .......... .......... .......... .......... 43% 2.19M 0s
    50K .......... .......... .......... .......... .......... 86% 1.45M 0s
   100K .......... .....                                      100% 30.3M=0.06s

Last-modified header missing -- time-stamps turned off.
2026-09-17 00:05:32 (2.00 MB/s) - ‘blog.epheia.moe/web.archive.org/web/20260605050728im_/https:/s4.zstatic.net/ajax/libs/font-awesome/6.7.2/webfonts/fa-brands-400.woff2’ saved [118684/118684]

--2026-09-17 00:05:33--  https://web.archive.org/web/20260605050728im_/https://s4.zstatic.net/ajax/libs/font-awesome/6.7.2/webfonts/fa-brands-400.ttf
Reusing existing connection to web.archive.org:443.
HTTP request sent, awaiting response... 302 FOUND
Location: https://web.archive.org/web/20260529160005im_/https://s4.zstatic.net/ajax/libs/font-awesome/6.7.2/webfonts/fa-brands-400.ttf [following]
--2026-09-17 00:05:35--  https://web.archive.org/web/20260529160005im_/https://s4.zstatic.net/ajax/libs/font-awesome/6.7.2/webfonts/fa-brands-400.ttf
Reusing existing connection to web.archive.org:443.
HTTP request sent, awaiting response... 200 OK
Length: 210792 (206K) [application/octet-stream]
Saving to: ‘blog.epheia.moe/web.archive.org/web/20260605050728im_/https:/s4.zstatic.net/ajax/libs/font-awesome/6.7.2/webfonts/fa-brands-400.ttf’

     0K .......... .......... .......... .......... .......... 24% 2.10M 0s
    50K .......... .......... .......... .......... .......... 48% 1.95M 0s
   100K .......... .......... .......... .......... .......... 72% 2.18M 0s
   150K .......... .......... .......... .......... .......... 97% 1.90M 0s
   200K .....                                                 100% 8.16M=0.1s

Last-modified header missing -- time-stamps turned off.
2026-09-17 00:05:35 (2.07 MB/s) - ‘blog.epheia.moe/web.archive.org/web/20260605050728im_/https:/s4.zstatic.net/ajax/libs/font-awesome/6.7.2/webfonts/fa-brands-400.ttf’ saved [210792/210792]

--2026-09-17 00:05:36--  https://web.archive.org/web/20260605050728im_/https://s4.zstatic.net/ajax/libs/font-awesome/6.7.2/webfonts/fa-regular-400.woff2
Reusing existing connection to web.archive.org:443.
HTTP request sent, awaiting response... 302 FOUND
Location: https://web.archive.org/web/20260605050733im_/https://s4.zstatic.net/ajax/libs/font-awesome/6.7.2/webfonts/fa-regular-400.woff2 [following]
--2026-09-17 00:05:38--  https://web.archive.org/web/20260605050733im_/https://s4.zstatic.net/ajax/libs/font-awesome/6.7.2/webfonts/fa-regular-400.woff2
Reusing existing connection to web.archive.org:443.
HTTP request sent, awaiting response... 200 OK
Length: 25472 (25K) [application/octet-stream]
Saving to: ‘blog.epheia.moe/web.archive.org/web/20260605050728im_/https:/s4.zstatic.net/ajax/libs/font-awesome/6.7.2/webfonts/fa-regular-400.woff2’

     0K .......... .......... ....                            100% 1.68M=0.01s

Last-modified header missing -- time-stamps turned off.
2026-09-17 00:05:39 (1.68 MB/s) - ‘blog.epheia.moe/web.archive.org/web/20260605050728im_/https:/s4.zstatic.net/ajax/libs/font-awesome/6.7.2/webfonts/fa-regular-400.woff2’ saved [25472/25472]

--2026-09-17 00:05:39--  https://web.archive.org/web/20260605050728im_/https://s4.zstatic.net/ajax/libs/font-awesome/6.7.2/webfonts/fa-regular-400.ttf
Reusing existing connection to web.archive.org:443.
HTTP request sent, awaiting response... 302 FOUND
Location: https://web.archive.org/web/20260529160005im_/https://s4.zstatic.net/ajax/libs/font-awesome/6.7.2/webfonts/fa-regular-400.ttf [following]
--2026-09-17 00:05:41--  https://web.archive.org/web/20260529160005im_/https://s4.zstatic.net/ajax/libs/font-awesome/6.7.2/webfonts/fa-regular-400.ttf
Reusing existing connection to web.archive.org:443.
HTTP request sent, awaiting response... 200 OK
Server ignored If-Modified-Since header for file ‘blog.epheia.moe/web.archive.org/web/20260605050728im_/https:/s4.zstatic.net/ajax/libs/font-awesome/6.7.2/webfonts/fa-regular-400.ttf’.
You might want to add --no-if-modified-since option.

--2026-09-17 00:05:42--  https://web.archive.org/web/20260605050728im_/https://s4.zstatic.net/ajax/libs/font-awesome/6.7.2/webfonts/fa-solid-900.woff2
Connecting to web.archive.org (web.archive.org)|198.18.0.58|:443... connected.
HTTP request sent, awaiting response... 302 FOUND
Location: https://web.archive.org/web/20260605050733im_/https://s4.zstatic.net/ajax/libs/font-awesome/6.7.2/webfonts/fa-solid-900.woff2 [following]
--2026-09-17 00:05:44--  https://web.archive.org/web/20260605050733im_/https://s4.zstatic.net/ajax/libs/font-awesome/6.7.2/webfonts/fa-solid-900.woff2
Reusing existing connection to web.archive.org:443.
HTTP request sent, awaiting response... 200 OK
Server ignored If-Modified-Since header for file ‘blog.epheia.moe/web.archive.org/web/20260605050728im_/https:/s4.zstatic.net/ajax/libs/font-awesome/6.7.2/webfonts/fa-solid-900.woff2’.
You might want to add --no-if-modified-since option.

--2026-09-17 00:05:45--  https://web.archive.org/web/20260605050728im_/https://s4.zstatic.net/ajax/libs/font-awesome/6.7.2/webfonts/fa-solid-900.ttf
Connecting to web.archive.org (web.archive.org)|198.18.0.58|:443... connected.
HTTP request sent, awaiting response... 302 FOUND
Location: https://web.archive.org/web/20260628192315im_/https://s4.zstatic.net/ajax/libs/font-awesome/6.7.2/webfonts/fa-solid-900.ttf [following]
--2026-09-17 00:05:47--  https://web.archive.org/web/20260628192315im_/https://s4.zstatic.net/ajax/libs/font-awesome/6.7.2/webfonts/fa-solid-900.ttf
Reusing existing connection to web.archive.org:443.
HTTP request sent, awaiting response... 200 OK
Server ignored If-Modified-Since header for file ‘blog.epheia.moe/web.archive.org/web/20260605050728im_/https:/s4.zstatic.net/ajax/libs/font-awesome/6.7.2/webfonts/fa-solid-900.ttf’.
You might want to add --no-if-modified-since option.

--2026-09-17 00:05:49--  https://web.archive.org/web/20260605050728im_/https://s4.zstatic.net/ajax/libs/font-awesome/6.7.2/webfonts/fa-v4compatibility.woff2
Connecting to web.archive.org (web.archive.org)|198.18.0.58|:443... connected.
HTTP request sent, awaiting response... 302 FOUND
Location: https://web.archive.org/web/20260628192315im_/https://s4.zstatic.net/ajax/libs/font-awesome/6.7.2/webfonts/fa-v4compatibility.woff2 [following]
--2026-09-17 00:05:51--  https://web.archive.org/web/20260628192315im_/https://s4.zstatic.net/ajax/libs/font-awesome/6.7.2/webfonts/fa-v4compatibility.woff2
Reusing existing connection to web.archive.org:443.
HTTP request sent, awaiting response... 200 OK
Length: 4796 (4.7K) [application/octet-stream]
Saving to: ‘blog.epheia.moe/web.archive.org/web/20260605050728im_/https:/s4.zstatic.net/ajax/libs/font-awesome/6.7.2/webfonts/fa-v4compatibility.woff2’

     0K ....                                                  100%  762M=0s

Last-modified header missing -- time-stamps turned off.
2026-09-17 00:05:51 (762 MB/s) - ‘blog.epheia.moe/web.archive.org/web/20260605050728im_/https:/s4.zstatic.net/ajax/libs/font-awesome/6.7.2/webfonts/fa-v4compatibility.woff2’ saved [4796/4796]

--2026-09-17 00:05:52--  https://web.archive.org/web/20260605050728im_/https://s4.zstatic.net/ajax/libs/font-awesome/6.7.2/webfonts/fa-v4compatibility.ttf
Reusing existing connection to web.archive.org:443.
HTTP request sent, awaiting response... 302 FOUND
Location: https://web.archive.org/web/20260529160005im_/https://s4.zstatic.net/ajax/libs/font-awesome/6.7.2/webfonts/fa-v4compatibility.ttf [following]
--2026-09-17 00:05:53--  https://web.archive.org/web/20260529160005im_/https://s4.zstatic.net/ajax/libs/font-awesome/6.7.2/webfonts/fa-v4compatibility.ttf
Reusing existing connection to web.archive.org:443.
HTTP request sent, awaiting response... 200 OK
Length: 10836 (11K) [application/octet-stream]
Saving to: ‘blog.epheia.moe/web.archive.org/web/20260605050728im_/https:/s4.zstatic.net/ajax/libs/font-awesome/6.7.2/webfonts/fa-v4compatibility.ttf’

     0K ..........                                            100% 1.01G=0s

Last-modified header missing -- time-stamps turned off.
2026-09-17 00:05:53 (1.01 GB/s) - ‘blog.epheia.moe/web.archive.org/web/20260605050728im_/https:/s4.zstatic.net/ajax/libs/font-awesome/6.7.2/webfonts/fa-v4compatibility.ttf’ saved [10836/10836]

--2026-09-17 00:05:55--  https://web.archive.org/web/20260210034219/https://s4.zstatic.net/
Reusing existing connection to web.archive.org:443.
HTTP request sent, awaiting response... 302 FOUND
Location: https://web.archive.org/web/20260129061728/https://s4.zstatic.net/ [following]
--2026-09-17 00:05:56--  https://web.archive.org/web/20260129061728/https://s4.zstatic.net/
Reusing existing connection to web.archive.org:443.
HTTP request sent, awaiting response... 200 OK
Server ignored If-Modified-Since header for file ‘blog.epheia.moe/web.archive.org/web/20260210034219/https:/s4.zstatic.net/index.html’.
You might want to add --no-if-modified-since option.

--2026-09-17 00:05:57--  https://web.archive.org/web/20260210034219/https://s4.zstatic.net/ajax/libs/font-awesome/6.7.2/css/all.min.css
Connecting to web.archive.org (web.archive.org)|198.18.0.58|:443... connected.
HTTP request sent, awaiting response... 302 FOUND
Location: https://web.archive.org/web/20260210142025/https://s4.zstatic.net/ajax/libs/font-awesome/6.7.2/css/all.min.css [following]
--2026-09-17 00:05:59--  https://web.archive.org/web/20260210142025/https://s4.zstatic.net/ajax/libs/font-awesome/6.7.2/css/all.min.css
Reusing existing connection to web.archive.org:443.
HTTP request sent, awaiting response... 200 OK
Length: unspecified [text/css]
Saving to: ‘blog.epheia.moe/web.archive.org/web/20260210034219/https:/s4.zstatic.net/ajax/libs/font-awesome/6.7.2/css/all.min.css’

     0K .......... .......... .......... .......... ..........  247K
    50K .......... .......... ....                              874K=0.2s

Last-modified header missing -- time-stamps turned off.
2026-09-17 00:06:00 (321 KB/s) - ‘blog.epheia.moe/web.archive.org/web/20260210034219/https:/s4.zstatic.net/ajax/libs/font-awesome/6.7.2/css/all.min.css’ saved [75779]

--2026-09-17 00:06:01--  https://web.archive.org/web/20260210034219cs_/https://s4.zstatic.net/ajax/libs/font-awesome/6.7.2/css/all.min.css
Reusing existing connection to web.archive.org:443.
HTTP request sent, awaiting response... 302 FOUND
Location: https://web.archive.org/web/20260210142025cs_/https://s4.zstatic.net/ajax/libs/font-awesome/6.7.2/css/all.min.css [following]
--2026-09-17 00:06:03--  https://web.archive.org/web/20260210142025cs_/https://s4.zstatic.net/ajax/libs/font-awesome/6.7.2/css/all.min.css
Reusing existing connection to web.archive.org:443.
HTTP request sent, awaiting response... 200 OK
Length: unspecified [text/css]
Saving to: ‘blog.epheia.moe/web.archive.org/web/20260210034219cs_/https:/s4.zstatic.net/ajax/libs/font-awesome/6.7.2/css/all.min.css’

     0K .......... .......... .......... .......... ..........  488K
    50K .......... .......... ....                             85.2M=0.1s

Last-modified header missing -- time-stamps turned off.
2026-09-17 00:06:03 (720 KB/s) - ‘blog.epheia.moe/web.archive.org/web/20260210034219cs_/https:/s4.zstatic.net/ajax/libs/font-awesome/6.7.2/css/all.min.css’ saved [75779]

--2026-09-17 00:06:04--  https://web.archive.org/web/20260210034219im_/https://s.nmxc.ltd/sakurairo_vision/@3.0/basic/favicon.ico
Reusing existing connection to web.archive.org:443.
HTTP request sent, awaiting response... 302 FOUND
Location: https://web.archive.org/web/20260208220108im_/https://s.nmxc.ltd/sakurairo_vision/@3.0/basic/favicon.ico [following]
--2026-09-17 00:06:06--  https://web.archive.org/web/20260208220108im_/https://s.nmxc.ltd/sakurairo_vision/@3.0/basic/favicon.ico
Reusing existing connection to web.archive.org:443.
HTTP request sent, awaiting response... 200 OK
Server ignored If-Modified-Since header for file ‘blog.epheia.moe/web.archive.org/web/20260210034219im_/https:/s.nmxc.ltd/sakurairo_vision/@3.0/basic/favicon.ico’.
You might want to add --no-if-modified-since option.

--2026-09-17 00:06:07--  https://web.archive.org/web/20260210034219/https://blog.epheia.moe/
Connecting to web.archive.org (web.archive.org)|198.18.0.58|:443... connected.
HTTP request sent, awaiting response... 302 FOUND
Location: https://web.archive.org/web/20251230100138/https://blog.epheia.moe/ [following]
--2026-09-17 00:06:08--  https://web.archive.org/web/20251230100138/https://blog.epheia.moe/
Reusing existing connection to web.archive.org:443.
HTTP request sent, awaiting response... 200 OK
Length: unspecified [text/html]
Saving to: ‘blog.epheia.moe/web.archive.org/web/20260210034219/https:/blog.epheia.moe/index.html’

     0K .......... .......... .......... .......... ..........  260K
    50K .......... .......... .......... .......... ..........  312K
   100K .......... .......... .......... .......... ..........  845K
   150K .......... .......... .......... .......... ..........  807K
   200K .......... .......... .......... .......... ..........  354K
   250K .....                                                  7.73M=0.6s

Last-modified header missing -- time-stamps turned off.
2026-09-17 00:06:09 (415 KB/s) - ‘blog.epheia.moe/web.archive.org/web/20260210034219/https:/blog.epheia.moe/index.html’ saved [261846]

--2026-09-17 00:06:10--  https://web.archive.org/web/20260210034219/https://s.nmxc.ltd/
Reusing existing connection to web.archive.org:443.
HTTP request sent, awaiting response... 302 FOUND
Location: https://web.archive.org/web/20260129214148/https://s.nmxc.ltd/ [following]
--2026-09-17 00:06:12--  https://web.archive.org/web/20260129214148/https://s.nmxc.ltd/
Reusing existing connection to web.archive.org:443.
HTTP request sent, awaiting response... 200 OK
Server ignored If-Modified-Since header for file ‘blog.epheia.moe/web.archive.org/web/20260210034219/https:/s.nmxc.ltd/index.html’.
You might want to add --no-if-modified-since option.

--2026-09-17 00:06:13--  https://web.archive.org/web/20260210034219/https://blog.epheia.moe/wp-content/themes/Sakurairo/css/?iro_header&github&no_wave&minify&3.0.4
Connecting to web.archive.org (web.archive.org)|198.18.0.58|:443... connected.
HTTP request sent, awaiting response... 302 FOUND
Location: https://web.archive.org/web/20251227031920/https://blog.epheia.moe/wp-content/themes/Sakurairo/css/?iro_header&github&no_wave&minify&3.0.4 [following]
--2026-09-17 00:06:15--  https://web.archive.org/web/20251227031920/https://blog.epheia.moe/wp-content/themes/Sakurairo/css/?iro_header&github&no_wave&minify&3.0.4
Reusing existing connection to web.archive.org:443.
HTTP request sent, awaiting response... 200 OK
Length: unspecified [text/css]
Saving to: ‘blog.epheia.moe/web.archive.org/web/20260210034219/https:/blog.epheia.moe/wp-content/themes/Sakurairo/css/index.html?iro_header&github&no_wave&minify&3.0.4.css’

     0K .......... .......... .......... .......... ..........  287K
    50K .......... .......... .......... .......... ..........  551K
   100K .......... .......... .......... .......... ..........  787K
   150K .......                                                1.38M=0.3s

Last-modified header missing -- time-stamps turned off.
2026-09-17 00:06:15 (473 KB/s) - ‘blog.epheia.moe/web.archive.org/web/20260210034219/https:/blog.epheia.moe/wp-content/themes/Sakurairo/css/index.html?iro_header&github&no_wave&minify&3.0.4.css’ saved [161513]

--2026-09-17 00:06:16--  https://web.archive.org/web/20260210034219cs_/https://blog.epheia.moe/wp-content/themes/Sakurairo/css/?iro_header&github&no_wave&minify&3.0.4
Reusing existing connection to web.archive.org:443.
HTTP request sent, awaiting response... 302 FOUND
Location: https://web.archive.org/web/20251227031920cs_/https://blog.epheia.moe/wp-content/themes/Sakurairo/css/?iro_header&github&no_wave&minify&3.0.4 [following]
--2026-09-17 00:06:17--  https://web.archive.org/web/20251227031920cs_/https://blog.epheia.moe/wp-content/themes/Sakurairo/css/?iro_header&github&no_wave&minify&3.0.4
Reusing existing connection to web.archive.org:443.
HTTP request sent, awaiting response... 200 OK
Length: unspecified [text/css]
Saving to: ‘blog.epheia.moe/web.archive.org/web/20260210034219cs_/https:/blog.epheia.moe/wp-content/themes/Sakurairo/css/index.html?iro_header&github&no_wave&minify&3.0.4.css’

     0K .......... .......... .......... .......... .......... 2.75M
    50K .......... .......... .......... .......... .......... 1.90M
   100K .......... .......... .......... .......... .......... 1.93M
   150K .......                                                24.8M=0.07s

Last-modified header missing -- time-stamps turned off.
2026-09-17 00:06:17 (2.23 MB/s) - ‘blog.epheia.moe/web.archive.org/web/20260210034219cs_/https:/blog.epheia.moe/wp-content/themes/Sakurairo/css/index.html?iro_header&github&no_wave&minify&3.0.4.css’ saved [161513]

--2026-09-17 00:06:18--  https://web.archive.org/web/20260210034219im_/https://s.nmxc.ltd/sakurairo_vision/@3.0/basic/puff-load.svg
Reusing existing connection to web.archive.org:443.
HTTP request sent, awaiting response... 302 FOUND
Location: https://web.archive.org/web/20260210014410im_/https://s.nmxc.ltd/sakurairo_vision/@3.0/basic/puff-load.svg [following]
--2026-09-17 00:06:19--  https://web.archive.org/web/20260210014410im_/https://s.nmxc.ltd/sakurairo_vision/@3.0/basic/puff-load.svg
Reusing existing connection to web.archive.org:443.
HTTP request sent, awaiting response... 200 OK
Server ignored If-Modified-Since header for file ‘blog.epheia.moe/web.archive.org/web/20260210034219im_/https:/s.nmxc.ltd/sakurairo_vision/@3.0/basic/puff-load.svg’.
You might want to add --no-if-modified-since option.

--2026-09-17 00:06:21--  https://web.archive.org/web/20260210034219im_/https://blog.epheia.moe/a/author/epheia/
Connecting to web.archive.org (web.archive.org)|198.18.0.58|:443... connected.
HTTP request sent, awaiting response... 200 OK
Length: unspecified [text/html]
Saving to: ‘blog.epheia.moe/web.archive.org/web/20260210034219im_/https:/blog.epheia.moe/a/author/epheia/index.html’

     0K .......... .......... .......... .......... ..........  274K
    50K .......... .......... .......... .......... ..........  384K
   100K .......... .......... .......... .......... ..........  361K
   150K .......... .......... .......... .......... .......... 1.52M
   200K .......... .......... .......... .......... ..........  754K
   250K .......                                                28.1M=0.6s

Last-modified header missing -- time-stamps turned off.
2026-09-17 00:06:22 (468 KB/s) - ‘blog.epheia.moe/web.archive.org/web/20260210034219im_/https:/blog.epheia.moe/a/author/epheia/index.html’ saved [263828]

--2026-09-17 00:06:23--  https://web.archive.org/web/20260210034219im_/https://s.nmxc.ltd/sakurairo_vision/@3.0/basic/add.svg
Reusing existing connection to web.archive.org:443.
HTTP request sent, awaiting response... 302 FOUND
Location: https://web.archive.org/web/20260130114107im_/https://s.nmxc.ltd/sakurairo_vision/@3.0/basic/add.svg [following]
--2026-09-17 00:06:25--  https://web.archive.org/web/20260130114107im_/https://s.nmxc.ltd/sakurairo_vision/@3.0/basic/add.svg
Reusing existing connection to web.archive.org:443.
HTTP request sent, awaiting response... 502 Bad Gateway
2026-09-17 00:06:25 ERROR 502: Bad Gateway.

--2026-09-17 00:06:26--  https://web.archive.org/web/20260210034219im_/https://s.nmxc.ltd/sakurairo_vision/@3.0/basic/grid.png
Reusing existing connection to web.archive.org:443.
HTTP request sent, awaiting response... 302 FOUND
Location: https://web.archive.org/web/20260210084307im_/https://s.nmxc.ltd/sakurairo_vision/@3.0/basic/grid.png [following]
--2026-09-17 00:06:28--  https://web.archive.org/web/20260210084307im_/https://s.nmxc.ltd/sakurairo_vision/@3.0/basic/grid.png
Reusing existing connection to web.archive.org:443.
HTTP request sent, awaiting response... 200 OK
Server ignored If-Modified-Since header for file ‘blog.epheia.moe/web.archive.org/web/20260210034219im_/https:/s.nmxc.ltd/sakurairo_vision/@3.0/basic/grid.png’.
You might want to add --no-if-modified-since option.

--2026-09-17 00:06:29--  https://web.archive.org/web/20260210034219im_/https://s.nmxc.ltd/sakurairo_vision/@3.0/basic/dot.gif
Connecting to web.archive.org (web.archive.org)|198.18.0.58|:443... connected.
HTTP request sent, awaiting response... 302 FOUND
Location: https://web.archive.org/web/20260130114112im_/https://s.nmxc.ltd/sakurairo_vision/@3.0/basic/dot.gif [following]
--2026-09-17 00:06:31--  https://web.archive.org/web/20260130114112im_/https://s.nmxc.ltd/sakurairo_vision/@3.0/basic/dot.gif
Reusing existing connection to web.archive.org:443.
HTTP request sent, awaiting response... 502 Bad Gateway
2026-09-17 00:06:31 ERROR 502: Bad Gateway.

--2026-09-17 00:06:32--  https://web.archive.org/web/20260210034219im_/https://s.nmxc.ltd/sakurairo_vision/@3.0/basic/play.svg
Reusing existing connection to web.archive.org:443.
HTTP request sent, awaiting response... 302 FOUND
Location: https://web.archive.org/web/20260130114114im_/https://s.nmxc.ltd/sakurairo_vision/@3.0/basic/play.svg [following]
--2026-09-17 00:06:34--  https://web.archive.org/web/20260130114114im_/https://s.nmxc.ltd/sakurairo_vision/@3.0/basic/play.svg
Reusing existing connection to web.archive.org:443.
HTTP request sent, awaiting response... 502 Bad Gateway
2026-09-17 00:06:34 ERROR 502: Bad Gateway.

--2026-09-17 00:06:35--  https://web.archive.org/web/20260210034219im_/https://s.nmxc.ltd/sakurairo_vision/@3.0/basic/pause.svg
Reusing existing connection to web.archive.org:443.
HTTP request sent, awaiting response... 302 FOUND
Location: https://web.archive.org/web/20260207054935im_/https://s.nmxc.ltd/sakurairo_vision/@3.0/basic/pause.svg [following]
--2026-09-17 00:06:37--  https://web.archive.org/web/20260207054935im_/https://s.nmxc.ltd/sakurairo_vision/@3.0/basic/pause.svg
Reusing existing connection to web.archive.org:443.
HTTP request sent, awaiting response... 200 OK
Server ignored If-Modified-Since header for file ‘blog.epheia.moe/web.archive.org/web/20260210034219im_/https:/s.nmxc.ltd/sakurairo_vision/@3.0/basic/pause.svg’.
You might want to add --no-if-modified-since option.

--2026-09-17 00:06:39--  https://web.archive.org/web/20260210034219im_/https://blog.epheia.moe/wp-content/uploads/2025/11/cropped-1762012142-android-chrome-512x512-1-32x32.png
Connecting to web.archive.org (web.archive.org)|198.18.0.58|:443... connected.
HTTP request sent, awaiting response... 302 FOUND
Location: https://web.archive.org/web/20260210034720im_/https://blog.epheia.moe/wp-content/uploads/2025/11/cropped-1762012142-android-chrome-512x512-1-32x32.png [following]
--2026-09-17 00:06:41--  https://web.archive.org/web/20260210034720im_/https://blog.epheia.moe/wp-content/uploads/2025/11/cropped-1762012142-android-chrome-512x512-1-32x32.png
Reusing existing connection to web.archive.org:443.
HTTP request sent, awaiting response... 200 OK
Server ignored If-Modified-Since header for file ‘blog.epheia.moe/web.archive.org/web/20260210034219im_/https:/blog.epheia.moe/wp-content/uploads/2025/11/cropped-1762012142-android-chrome-512x512-1-32x32.png’.
You might want to add --no-if-modified-since option.

--2026-09-17 00:06:42--  https://web.archive.org/web/20260210034219im_/https://blog.epheia.moe/wp-content/uploads/2025/11/cropped-1762012142-android-chrome-512x512-1-192x192.png
Connecting to web.archive.org (web.archive.org)|198.18.0.58|:443... connected.
HTTP request sent, awaiting response... 302 FOUND
Location: https://web.archive.org/web/20260210034720im_/https://blog.epheia.moe/wp-content/uploads/2025/11/cropped-1762012142-android-chrome-512x512-1-192x192.png [following]
--2026-09-17 00:06:44--  https://web.archive.org/web/20260210034720im_/https://blog.epheia.moe/wp-content/uploads/2025/11/cropped-1762012142-android-chrome-512x512-1-192x192.png
Reusing existing connection to web.archive.org:443.
HTTP request sent, awaiting response... 200 OK
Server ignored If-Modified-Since header for file ‘blog.epheia.moe/web.archive.org/web/20260210034219im_/https:/blog.epheia.moe/wp-content/uploads/2025/11/cropped-1762012142-android-chrome-512x512-1-192x192.png’.
You might want to add --no-if-modified-since option.

--2026-09-17 00:06:46--  https://web.archive.org/web/20260210034219im_/https://blog.epheia.moe/wp-content/uploads/2025/11/cropped-1762012142-android-chrome-512x512-1-180x180.png
Connecting to web.archive.org (web.archive.org)|198.18.0.58|:443... connected.
HTTP request sent, awaiting response... 302 FOUND
Location: https://web.archive.org/web/20260210034720im_/https://blog.epheia.moe/wp-content/uploads/2025/11/cropped-1762012142-android-chrome-512x512-1-180x180.png [following]
--2026-09-17 00:06:48--  https://web.archive.org/web/20260210034720im_/https://blog.epheia.moe/wp-content/uploads/2025/11/cropped-1762012142-android-chrome-512x512-1-180x180.png
Reusing existing connection to web.archive.org:443.
HTTP request sent, awaiting response... 200 OK
Server ignored If-Modified-Since header for file ‘blog.epheia.moe/web.archive.org/web/20260210034219im_/https:/blog.epheia.moe/wp-content/uploads/2025/11/cropped-1762012142-android-chrome-512x512-1-180x180.png’.
You might want to add --no-if-modified-since option.

--2026-09-17 00:06:49--  https://web.archive.org/web/20260210034219js_/https://blog.epheia.moe/wp-content/themes/Sakurairo/js/nav.js
Connecting to web.archive.org (web.archive.org)|198.18.0.58|:443... connected.
HTTP request sent, awaiting response... 302 FOUND
Location: https://web.archive.org/web/20260210034710js_/https://blog.epheia.moe/wp-content/themes/Sakurairo/js/nav.js [following]
--2026-09-17 00:06:51--  https://web.archive.org/web/20260210034710js_/https://blog.epheia.moe/wp-content/themes/Sakurairo/js/nav.js
Reusing existing connection to web.archive.org:443.
HTTP request sent, awaiting response... 200 OK
Server ignored If-Modified-Since header for file ‘blog.epheia.moe/web.archive.org/web/20260210034219js_/https:/blog.epheia.moe/wp-content/themes/Sakurairo/js/nav.js’.
You might want to add --no-if-modified-since option.

--2026-09-17 00:06:52--  https://web.archive.org/web/20260210034219im_/https://blog.epheia.moe/wp-content/uploads/2025/11/1762012142-android-chrome-512x512-1.png
Connecting to web.archive.org (web.archive.org)|198.18.0.58|:443... connected.
HTTP request sent, awaiting response... 302 FOUND
Location: https://web.archive.org/web/20260210034231im_/https://blog.epheia.moe/wp-content/uploads/2025/11/1762012142-android-chrome-512x512-1.png [following]
--2026-09-17 00:06:54--  https://web.archive.org/web/20260210034231im_/https://blog.epheia.moe/wp-content/uploads/2025/11/1762012142-android-chrome-512x512-1.png
Reusing existing connection to web.archive.org:443.
HTTP request sent, awaiting response... 200 OK
Server ignored If-Modified-Since header for file ‘blog.epheia.moe/web.archive.org/web/20260210034219im_/https:/blog.epheia.moe/wp-content/uploads/2025/11/1762012142-android-chrome-512x512-1.png’.
You might want to add --no-if-modified-since option.

--2026-09-17 00:06:56--  https://web.archive.org/web/20260210034219im_/https://blog.epheia.moe/wp-content/uploads/2025/10/1761925036-Image_1761925021241.jpg
Connecting to web.archive.org (web.archive.org)|198.18.0.58|:443... connected.
HTTP request sent, awaiting response... 302 FOUND
Location: https://web.archive.org/web/20260210034231im_/https://blog.epheia.moe/wp-content/uploads/2025/10/1761925036-Image_1761925021241.jpg [following]
--2026-09-17 00:06:58--  https://web.archive.org/web/20260210034231im_/https://blog.epheia.moe/wp-content/uploads/2025/10/1761925036-Image_1761925021241.jpg
Reusing existing connection to web.archive.org:443.
HTTP request sent, awaiting response... 200 OK
Server ignored If-Modified-Since header for file ‘blog.epheia.moe/web.archive.org/web/20260210034219im_/https:/blog.epheia.moe/wp-content/uploads/2025/10/1761925036-Image_1761925021241.jpg’.
You might want to add --no-if-modified-since option.

--2026-09-17 00:07:00--  https://web.archive.org/web/20260210034219im_/https://s.nmxc.ltd/sakurairo_vision/@3.0/display_icon/fluent_design/tw.webp
Connecting to web.archive.org (web.archive.org)|198.18.0.58|:443... connected.
HTTP request sent, awaiting response... 302 FOUND
Location: https://web.archive.org/web/20260204174146im_/https://s.nmxc.ltd/sakurairo_vision/@3.0/display_icon/fluent_design/tw.webp [following]
--2026-09-17 00:07:01--  https://web.archive.org/web/20260204174146im_/https://s.nmxc.ltd/sakurairo_vision/@3.0/display_icon/fluent_design/tw.webp
Reusing existing connection to web.archive.org:443.
HTTP request sent, awaiting response... 200 OK
Server ignored If-Modified-Since header for file ‘blog.epheia.moe/web.archive.org/web/20260210034219im_/https:/s.nmxc.ltd/sakurairo_vision/@3.0/display_icon/fluent_design/tw.webp’.
You might want to add --no-if-modified-since option.

--2026-09-17 00:07:02--  https://web.archive.org/web/20260210034219im_/https://s.nmxc.ltd/sakurairo_vision/@3.0/display_icon/fluent_design/mail.webp
Connecting to web.archive.org (web.archive.org)|198.18.0.58|:443... connected.
HTTP request sent, awaiting response... 302 FOUND
Location: https://web.archive.org/web/20260209151713im_/https://s.nmxc.ltd/sakurairo_vision/@3.0/display_icon/fluent_design/mail.webp [following]
--2026-09-17 00:07:04--  https://web.archive.org/web/20260209151713im_/https://s.nmxc.ltd/sakurairo_vision/@3.0/display_icon/fluent_design/mail.webp
Reusing existing connection to web.archive.org:443.
HTTP request sent, awaiting response... 200 OK
Server ignored If-Modified-Since header for file ‘blog.epheia.moe/web.archive.org/web/20260210034219im_/https:/s.nmxc.ltd/sakurairo_vision/@3.0/display_icon/fluent_design/mail.webp’.
You might want to add --no-if-modified-since option.

--2026-09-17 00:07:05--  https://web.archive.org/web/20260210034219/https://blog.epheia.moe/a/shuoshuo/%e4%b8%8d%e9%94%99/
Connecting to web.archive.org (web.archive.org)|198.18.0.58|:443... connected.
HTTP request sent, awaiting response... 404 NOT FOUND
2026-09-17 00:07:06 ERROR 404: NOT FOUND.

--2026-09-17 00:07:07--  https://web.archive.org/web/20260210034219im_/https://blog.epheia.moe/wp-content/uploads/2026/01/1768117692-image-1024x292.png
Reusing existing connection to web.archive.org:443.
HTTP request sent, awaiting response... 302 FOUND
Location: https://web.archive.org/web/20260210034231im_/https://blog.epheia.moe/wp-content/uploads/2026/01/1768117692-image-1024x292.png [following]
--2026-09-17 00:07:08--  https://web.archive.org/web/20260210034231im_/https://blog.epheia.moe/wp-content/uploads/2026/01/1768117692-image-1024x292.png
Reusing existing connection to web.archive.org:443.
HTTP request sent, awaiting response... 200 OK
Server ignored If-Modified-Since header for file ‘blog.epheia.moe/web.archive.org/web/20260210034219im_/https:/blog.epheia.moe/wp-content/uploads/2026/01/1768117692-image-1024x292.png’.
You might want to add --no-if-modified-since option.

--2026-09-17 00:07:10--  https://web.archive.org/web/20260210034219im_/https://blog.epheia.moe/wp-content/uploads/2026/01/1768117692-image-300x85.png
Connecting to web.archive.org (web.archive.org)|198.18.0.58|:443... connected.
HTTP request sent, awaiting response... 302 FOUND
Location: https://web.archive.org/web/20260210034231im_/https://blog.epheia.moe/wp-content/uploads/2026/01/1768117692-image-300x85.png [following]
--2026-09-17 00:07:12--  https://web.archive.org/web/20260210034231im_/https://blog.epheia.moe/wp-content/uploads/2026/01/1768117692-image-300x85.png
Reusing existing connection to web.archive.org:443.
HTTP request sent, awaiting response... 200 OK
Server ignored If-Modified-Since header for file ‘blog.epheia.moe/web.archive.org/web/20260210034219im_/https:/blog.epheia.moe/wp-content/uploads/2026/01/1768117692-image-300x85.png’.
You might want to add --no-if-modified-since option.

--2026-09-17 00:07:13--  https://web.archive.org/web/20260210034219im_/https://blog.epheia.moe/wp-content/uploads/2026/01/1768117692-image-768x219.png
Connecting to web.archive.org (web.archive.org)|198.18.0.58|:443... connected.
HTTP request sent, awaiting response... 302 FOUND
Location: https://web.archive.org/web/20260210034231im_/https://blog.epheia.moe/wp-content/uploads/2026/01/1768117692-image-768x219.png [following]
--2026-09-17 00:07:16--  https://web.archive.org/web/20260210034231im_/https://blog.epheia.moe/wp-content/uploads/2026/01/1768117692-image-768x219.png
Reusing existing connection to web.archive.org:443.
HTTP request sent, awaiting response... 200 OK
Server ignored If-Modified-Since header for file ‘blog.epheia.moe/web.archive.org/web/20260210034219im_/https:/blog.epheia.moe/wp-content/uploads/2026/01/1768117692-image-768x219.png’.
You might want to add --no-if-modified-since option.

--2026-09-17 00:07:17--  https://web.archive.org/web/20260210034219im_/https://blog.epheia.moe/wp-content/uploads/2026/01/1768117692-image.png
Connecting to web.archive.org (web.archive.org)|198.18.0.58|:443... connected.
HTTP request sent, awaiting response... 302 FOUND
Location: https://web.archive.org/web/20260210034231im_/https://blog.epheia.moe/wp-content/uploads/2026/01/1768117692-image.png [following]
--2026-09-17 00:07:19--  https://web.archive.org/web/20260210034231im_/https://blog.epheia.moe/wp-content/uploads/2026/01/1768117692-image.png
Reusing existing connection to web.archive.org:443.
HTTP request sent, awaiting response... 200 OK
Server ignored If-Modified-Since header for file ‘blog.epheia.moe/web.archive.org/web/20260210034219im_/https:/blog.epheia.moe/wp-content/uploads/2026/01/1768117692-image.png’.
You might want to add --no-if-modified-since option.

--2026-09-17 00:07:20--  https://web.archive.org/web/20260210034219/https://blog.epheia.moe/a/shuoshuo/222/
Connecting to web.archive.org (web.archive.org)|198.18.0.58|:443... connected.
HTTP request sent, awaiting response... 404 NOT FOUND
2026-09-17 00:07:21 ERROR 404: NOT FOUND.

--2026-09-17 00:07:22--  https://web.archive.org/web/20260210034219im_/https://blog.epheia.moe/wp-content/uploads/2026/01/1767957262-Screenshot_20260108_232219-480x1024.jpg
Reusing existing connection to web.archive.org:443.
HTTP request sent, awaiting response... 302 FOUND
Location: https://web.archive.org/web/20260210034231im_/https://blog.epheia.moe/wp-content/uploads/2026/01/1767957262-Screenshot_20260108_232219-480x1024.jpg [following]
--2026-09-17 00:07:24--  https://web.archive.org/web/20260210034231im_/https://blog.epheia.moe/wp-content/uploads/2026/01/1767957262-Screenshot_20260108_232219-480x1024.jpg
Reusing existing connection to web.archive.org:443.
HTTP request sent, awaiting response... 200 OK
Server ignored If-Modified-Since header for file ‘blog.epheia.moe/web.archive.org/web/20260210034219im_/https:/blog.epheia.moe/wp-content/uploads/2026/01/1767957262-Screenshot_20260108_232219-480x1024.jpg’.
You might want to add --no-if-modified-since option.

--2026-09-17 00:07:25--  https://web.archive.org/web/20260210034219im_/https://blog.epheia.moe/wp-content/uploads/2026/01/1767957262-Screenshot_20260108_232219-141x300.jpg
Connecting to web.archive.org (web.archive.org)|198.18.0.58|:443... connected.
HTTP request sent, awaiting response... 302 FOUND
Location: https://web.archive.org/web/20260210034231im_/https://blog.epheia.moe/wp-content/uploads/2026/01/1767957262-Screenshot_20260108_232219-141x300.jpg [following]
--2026-09-17 00:07:27--  https://web.archive.org/web/20260210034231im_/https://blog.epheia.moe/wp-content/uploads/2026/01/1767957262-Screenshot_20260108_232219-141x300.jpg
Reusing existing connection to web.archive.org:443.
HTTP request sent, awaiting response... 200 OK
Server ignored If-Modified-Since header for file ‘blog.epheia.moe/web.archive.org/web/20260210034219im_/https:/blog.epheia.moe/wp-content/uploads/2026/01/1767957262-Screenshot_20260108_232219-141x300.jpg’.
You might want to add --no-if-modified-since option.

--2026-09-17 00:07:28--  https://web.archive.org/web/20260210034219im_/https://blog.epheia.moe/wp-content/uploads/2026/01/1767957262-Screenshot_20260108_232219-768x1640.jpg
Connecting to web.archive.org (web.archive.org)|198.18.0.58|:443... connected.
HTTP request sent, awaiting response... 302 FOUND
Location: https://web.archive.org/web/20260210034241im_/https://blog.epheia.moe/wp-content/uploads/2026/01/1767957262-Screenshot_20260108_232219-768x1640.jpg [following]
--2026-09-17 00:07:31--  https://web.archive.org/web/20260210034241im_/https://blog.epheia.moe/wp-content/uploads/2026/01/1767957262-Screenshot_20260108_232219-768x1640.jpg
Reusing existing connection to web.archive.org:443.
HTTP request sent, awaiting response... 200 OK
Server ignored If-Modified-Since header for file ‘blog.epheia.moe/web.archive.org/web/20260210034219im_/https:/blog.epheia.moe/wp-content/uploads/2026/01/1767957262-Screenshot_20260108_232219-768x1640.jpg’.
You might want to add --no-if-modified-since option.

--2026-09-17 00:07:31--  https://web.archive.org/web/20260210034219im_/https://blog.epheia.moe/wp-content/uploads/2026/01/1767957262-Screenshot_20260108_232219-719x1536.jpg
Connecting to web.archive.org (web.archive.org)|198.18.0.58|:443... connected.
HTTP request sent, awaiting response... 302 FOUND
Location: https://web.archive.org/web/20260210034241im_/https://blog.epheia.moe/wp-content/uploads/2026/01/1767957262-Screenshot_20260108_232219-719x1536.jpg [following]
--2026-09-17 00:07:33--  https://web.archive.org/web/20260210034241im_/https://blog.epheia.moe/wp-content/uploads/2026/01/1767957262-Screenshot_20260108_232219-719x1536.jpg
Reusing existing connection to web.archive.org:443.
HTTP request sent, awaiting response... 200 OK
Server ignored If-Modified-Since header for file ‘blog.epheia.moe/web.archive.org/web/20260210034219im_/https:/blog.epheia.moe/wp-content/uploads/2026/01/1767957262-Screenshot_20260108_232219-719x1536.jpg’.
You might want to add --no-if-modified-since option.

--2026-09-17 00:07:34--  https://web.archive.org/web/20260210034219im_/https://blog.epheia.moe/wp-content/uploads/2026/01/1767957262-Screenshot_20260108_232219-959x2048.jpg
Connecting to web.archive.org (web.archive.org)|198.18.0.58|:443... connected.
HTTP request sent, awaiting response... 302 FOUND
Location: https://web.archive.org/web/20260210034241im_/https://blog.epheia.moe/wp-content/uploads/2026/01/1767957262-Screenshot_20260108_232219-959x2048.jpg [following]
--2026-09-17 00:07:36--  https://web.archive.org/web/20260210034241im_/https://blog.epheia.moe/wp-content/uploads/2026/01/1767957262-Screenshot_20260108_232219-959x2048.jpg
Reusing existing connection to web.archive.org:443.
HTTP request sent, awaiting response... 200 OK
Server ignored If-Modified-Since header for file ‘blog.epheia.moe/web.archive.org/web/20260210034219im_/https:/blog.epheia.moe/wp-content/uploads/2026/01/1767957262-Screenshot_20260108_232219-959x2048.jpg’.
You might want to add --no-if-modified-since option.

--2026-09-17 00:07:38--  https://web.archive.org/web/20260210034219im_/https://blog.epheia.moe/wp-content/uploads/2026/01/1767957262-Screenshot_20260108_232219.jpg
Connecting to web.archive.org (web.archive.org)|198.18.0.58|:443... connected.
HTTP request sent, awaiting response... 302 FOUND
Location: https://web.archive.org/web/20260210034241im_/https://blog.epheia.moe/wp-content/uploads/2026/01/1767957262-Screenshot_20260108_232219.jpg [following]
--2026-09-17 00:07:40--  https://web.archive.org/web/20260210034241im_/https://blog.epheia.moe/wp-content/uploads/2026/01/1767957262-Screenshot_20260108_232219.jpg
Reusing existing connection to web.archive.org:443.
HTTP request sent, awaiting response... 200 OK
Server ignored If-Modified-Since header for file ‘blog.epheia.moe/web.archive.org/web/20260210034219im_/https:/blog.epheia.moe/wp-content/uploads/2026/01/1767957262-Screenshot_20260108_232219.jpg’.
You might want to add --no-if-modified-since option.

--2026-09-17 00:07:41--  https://web.archive.org/web/20260210034219/https://blog.epheia.moe/a/shuoshuo/%e5%88%9a%e6%90%ad%e5%a5%bd%e7%8a%b6%e6%80%81%e9%a1%b5%e5%b0%b1%e6%9c%89%e7%94%a8%e4%ba%86/
Connecting to web.archive.org (web.archive.org)|198.18.0.58|:443... connected.
HTTP request sent, awaiting response... 302 FOUND
Location: https://web.archive.org/web/20251228102112/https://blog.epheia.moe/a/shuoshuo/%e5%88%9a%e6%90%ad%e5%a5%bd%e7%8a%b6%e6%80%81%e9%a1%b5%e5%b0%b1%e6%9c%89%e7%94%a8%e4%ba%86 [following]
--2026-09-17 00:07:43--  https://web.archive.org/web/20251228102112/https://blog.epheia.moe/a/shuoshuo/%e5%88%9a%e6%90%ad%e5%a5%bd%e7%8a%b6%e6%80%81%e9%a1%b5%e5%b0%b1%e6%9c%89%e7%94%a8%e4%ba%86
Reusing existing connection to web.archive.org:443.
HTTP request sent, awaiting response... 200 OK
Length: unspecified [text/html]
Saving to: ‘blog.epheia.moe/web.archive.org/web/20260210034219/https:/blog.epheia.moe/a/shuoshuo/刚搭好状态页就有用了/index.html’

     0K .......... .......... .......... .......... ..........  191K
    50K .......... .......... .......... .......... ..........  183K
   100K .......... .......... .......... .......... ..........  363K
   150K .......... .......... .......... .......... ..........  392K
   200K .......... .......... .......... .......... ........   1.12M=0.8s

Last-modified header missing -- time-stamps turned off.
2026-09-17 00:07:44 (295 KB/s) - ‘blog.epheia.moe/web.archive.org/web/20260210034219/https:/blog.epheia.moe/a/shuoshuo/刚搭好状态页就有用了/index.html’ saved [254306]

--2026-09-17 00:07:45--  https://web.archive.org/web/20260210034219im_/https://blog.epheia.moe/wp-content/uploads/2025/12/1765113079-%E5%B1%8F%E5%B9%95%E6%88%AA%E5%9B%BE-2025-12-07-202338-1024x546.png
Reusing existing connection to web.archive.org:443.
HTTP request sent, awaiting response... 302 FOUND
Location: https://web.archive.org/web/20260210034241im_/https://blog.epheia.moe/wp-content/uploads/2025/12/1765113079-%E5%B1%8F%E5%B9%95%E6%88%AA%E5%9B%BE-2025-12-07-202338-1024x546.png [following]
--2026-09-17 00:07:46--  https://web.archive.org/web/20260210034241im_/https://blog.epheia.moe/wp-content/uploads/2025/12/1765113079-%E5%B1%8F%E5%B9%95%E6%88%AA%E5%9B%BE-2025-12-07-202338-1024x546.png
Reusing existing connection to web.archive.org:443.
HTTP request sent, awaiting response... 200 OK
Server ignored If-Modified-Since header for file ‘blog.epheia.moe/web.archive.org/web/20260210034219im_/https:/blog.epheia.moe/wp-content/uploads/2025/12/1765113079-屏幕截图-2025-12-07-202338-1024x546.png’.
You might want to add --no-if-modified-since option.

--2026-09-17 00:07:47--  https://web.archive.org/web/20260210034219im_/https://blog.epheia.moe/wp-content/uploads/2025/12/1765113079-%E5%B1%8F%E5%B9%95%E6%88%AA%E5%9B%BE-2025-12-07-202338-300x160.png
Connecting to web.archive.org (web.archive.org)|198.18.0.58|:443... connected.
HTTP request sent, awaiting response... 302 FOUND
Location: https://web.archive.org/web/20260210034241im_/https://blog.epheia.moe/wp-content/uploads/2025/12/1765113079-%E5%B1%8F%E5%B9%95%E6%88%AA%E5%9B%BE-2025-12-07-202338-300x160.png [following]
--2026-09-17 00:07:49--  https://web.archive.org/web/20260210034241im_/https://blog.epheia.moe/wp-content/uploads/2025/12/1765113079-%E5%B1%8F%E5%B9%95%E6%88%AA%E5%9B%BE-2025-12-07-202338-300x160.png
Reusing existing connection to web.archive.org:443.
HTTP request sent, awaiting response... 200 OK
Server ignored If-Modified-Since header for file ‘blog.epheia.moe/web.archive.org/web/20260210034219im_/https:/blog.epheia.moe/wp-content/uploads/2025/12/1765113079-屏幕截图-2025-12-07-202338-300x160.png’.
You might want to add --no-if-modified-since option.

--2026-09-17 00:07:50--  https://web.archive.org/web/20260210034219im_/https://blog.epheia.moe/wp-content/uploads/2025/12/1765113079-%E5%B1%8F%E5%B9%95%E6%88%AA%E5%9B%BE-2025-12-07-202338-768x409.png
Connecting to web.archive.org (web.archive.org)|198.18.0.58|:443... connected.
HTTP request sent, awaiting response... 302 FOUND
Location: https://web.archive.org/web/20260210034241im_/https://blog.epheia.moe/wp-content/uploads/2025/12/1765113079-%E5%B1%8F%E5%B9%95%E6%88%AA%E5%9B%BE-2025-12-07-202338-768x409.png [following]
--2026-09-17 00:07:53--  https://web.archive.org/web/20260210034241im_/https://blog.epheia.moe/wp-content/uploads/2025/12/1765113079-%E5%B1%8F%E5%B9%95%E6%88%AA%E5%9B%BE-2025-12-07-202338-768x409.png
Reusing existing connection to web.archive.org:443.
HTTP request sent, awaiting response... 200 OK
Server ignored If-Modified-Since header for file ‘blog.epheia.moe/web.archive.org/web/20260210034219im_/https:/blog.epheia.moe/wp-content/uploads/2025/12/1765113079-屏幕截图-2025-12-07-202338-768x409.png’.
You might want to add --no-if-modified-since option.

--2026-09-17 00:07:54--  https://web.archive.org/web/20260210034219im_/https://blog.epheia.moe/wp-content/uploads/2025/12/1765113079-%E5%B1%8F%E5%B9%95%E6%88%AA%E5%9B%BE-2025-12-07-202338-1536x819.png
Connecting to web.archive.org (web.archive.org)|198.18.0.58|:443... connected.
HTTP request sent, awaiting response... 302 FOUND
Location: https://web.archive.org/web/20260210034241im_/https://blog.epheia.moe/wp-content/uploads/2025/12/1765113079-%E5%B1%8F%E5%B9%95%E6%88%AA%E5%9B%BE-2025-12-07-202338-1536x819.png [following]
--2026-09-17 00:07:57--  https://web.archive.org/web/20260210034241im_/https://blog.epheia.moe/wp-content/uploads/2025/12/1765113079-%E5%B1%8F%E5%B9%95%E6%88%AA%E5%9B%BE-2025-12-07-202338-1536x819.png
Reusing existing connection to web.archive.org:443.
HTTP request sent, awaiting response... 200 OK
Server ignored If-Modified-Since header for file ‘blog.epheia.moe/web.archive.org/web/20260210034219im_/https:/blog.epheia.moe/wp-content/uploads/2025/12/1765113079-屏幕截图-2025-12-07-202338-1536x819.png’.
You might want to add --no-if-modified-since option.

--2026-09-17 00:07:58--  https://web.archive.org/web/20260210034219im_/https://blog.epheia.moe/wp-content/uploads/2025/12/1765113079-%E5%B1%8F%E5%B9%95%E6%88%AA%E5%9B%BE-2025-12-07-202338.png
Connecting to web.archive.org (web.archive.org)|198.18.0.58|:443... connected.
HTTP request sent, awaiting response... 302 FOUND
Location: https://web.archive.org/web/20260210034251im_/https://blog.epheia.moe/wp-content/uploads/2025/12/1765113079-%E5%B1%8F%E5%B9%95%E6%88%AA%E5%9B%BE-2025-12-07-202338.png [following]
--2026-09-17 00:07:59--  https://web.archive.org/web/20260210034251im_/https://blog.epheia.moe/wp-content/uploads/2025/12/1765113079-%E5%B1%8F%E5%B9%95%E6%88%AA%E5%9B%BE-2025-12-07-202338.png
Reusing existing connection to web.archive.org:443.
HTTP request sent, awaiting response... 200 OK
Server ignored If-Modified-Since header for file ‘blog.epheia.moe/web.archive.org/web/20260210034219im_/https:/blog.epheia.moe/wp-content/uploads/2025/12/1765113079-屏幕截图-2025-12-07-202338.png’.
You might want to add --no-if-modified-since option.

--2026-09-17 00:08:01--  https://web.archive.org/web/20260210034219/https://blog.epheia.moe/a/140
Connecting to web.archive.org (web.archive.org)|198.18.0.58|:443... connected.
HTTP request sent, awaiting response... 302 FOUND
Location: https://web.archive.org/web/20260206162955/https://blog.epheia.moe/a/140 [following]
--2026-09-17 00:08:03--  https://web.archive.org/web/20260206162955/https://blog.epheia.moe/a/140
Reusing existing connection to web.archive.org:443.
HTTP request sent, awaiting response... 200 OK
Length: unspecified [text/html]
Saving to: ‘blog.epheia.moe/web.archive.org/web/20260210034219/https:/blog.epheia.moe/a/140.html’

     0K .......... .......... .......... .......... ..........  163K
    50K .......... .......... .......... .......... .......... 7.19M
   100K .......... .......... .......... .......... ..........  356K
   150K .......... .......... .......... .......... .......... 1.31M
   200K .......... .......... .......... .........             1.73M=0.5s

Last-modified header missing -- time-stamps turned off.
2026-09-17 00:08:03 (467 KB/s) - ‘blog.epheia.moe/web.archive.org/web/20260210034219/https:/blog.epheia.moe/a/140.html’ saved [245678]

--2026-09-17 00:08:05--  https://web.archive.org/web/20260210034219/https://blog.epheia.moe/a/119
Reusing existing connection to web.archive.org:443.
HTTP request sent, awaiting response... 302 FOUND
Location: https://web.archive.org/web/20251228064038/https://blog.epheia.moe/a/119 [following]
--2026-09-17 00:08:07--  https://web.archive.org/web/20251228064038/https://blog.epheia.moe/a/119
Reusing existing connection to web.archive.org:443.
HTTP request sent, awaiting response... 200 OK
Length: unspecified [text/html]
Saving to: ‘blog.epheia.moe/web.archive.org/web/20260210034219/https:/blog.epheia.moe/a/119.html’

     0K .......... .......... .......... .......... .......... 1.67M
    50K .......... .......... .......... .......... .......... 2.23M
   100K .......... .......... .......... .......... .......... 1.98M
   150K .......... .......... .......... .......... .......... 1.86M
   200K .......... .......... .......... .......... .......... 1.80M
   250K .......... .                                           3.60M=0.1s

Last-modified header missing -- time-stamps turned off.
2026-09-17 00:08:07 (1.93 MB/s) - ‘blog.epheia.moe/web.archive.org/web/20260210034219/https:/blog.epheia.moe/a/119.html’ saved [267289]

--2026-09-17 00:08:08--  https://web.archive.org/web/20260210034219/https://blog.epheia.moe/a/6
Reusing existing connection to web.archive.org:443.
HTTP request sent, awaiting response... 302 FOUND
Location: https://web.archive.org/web/20260222105121/https://blog.epheia.moe/a/6 [following]
--2026-09-17 00:08:09--  https://web.archive.org/web/20260222105121/https://blog.epheia.moe/a/6
Reusing existing connection to web.archive.org:443.
HTTP request sent, awaiting response... 200 OK
Length: unspecified [text/html]
Saving to: ‘blog.epheia.moe/web.archive.org/web/20260210034219/https:/blog.epheia.moe/a/6.html’

     0K .......... .......... .......... .......... .......... 1.82M
    50K .......... .......... .......... .......... .......... 6.57M
   100K .......... .......... .......... .......... .......... 5.45M
   150K .......... .......... .......... .......... .......... 2.91M
   200K .......... .......... .......... .......               15.4M=0.06s

Last-modified header missing -- time-stamps turned off.
2026-09-17 00:08:10 (3.72 MB/s) - ‘blog.epheia.moe/web.archive.org/web/20260210034219/https:/blog.epheia.moe/a/6.html’ saved [243548]

--2026-09-17 00:08:10--  https://web.archive.org/web/20260210034219js_/https://blog.epheia.moe/wp-content/themes/Sakurairo/js/polyfill.js?ver=3.0.4
Reusing existing connection to web.archive.org:443.
HTTP request sent, awaiting response... 302 FOUND
Location: https://web.archive.org/web/20260210034710js_/https://blog.epheia.moe/wp-content/themes/Sakurairo/js/polyfill.js?ver=3.0.4 [following]
--2026-09-17 00:08:12--  https://web.archive.org/web/20260210034710js_/https://blog.epheia.moe/wp-content/themes/Sakurairo/js/polyfill.js?ver=3.0.4
Reusing existing connection to web.archive.org:443.
HTTP request sent, awaiting response... 200 OK
Server ignored If-Modified-Since header for file ‘blog.epheia.moe/web.archive.org/web/20260210034219js_/https:/blog.epheia.moe/wp-content/themes/Sakurairo/js/polyfill.js?ver=3.0.4’.
You might want to add --no-if-modified-since option.

--2026-09-17 00:08:13--  https://web.archive.org/web/20260210034219js_/https://blog.epheia.moe/wp-content/themes/Sakurairo/js/app.js?ver=3.0.4
Connecting to web.archive.org (web.archive.org)|198.18.0.58|:443... connected.
HTTP request sent, awaiting response... 302 FOUND
Location: https://web.archive.org/web/20260210034719js_/https://blog.epheia.moe/wp-content/themes/Sakurairo/js/app.js?ver=3.0.4 [following]
--2026-09-17 00:08:15--  https://web.archive.org/web/20260210034719js_/https://blog.epheia.moe/wp-content/themes/Sakurairo/js/app.js?ver=3.0.4
Reusing existing connection to web.archive.org:443.
HTTP request sent, awaiting response... 200 OK
Server ignored If-Modified-Since header for file ‘blog.epheia.moe/web.archive.org/web/20260210034219js_/https:/blog.epheia.moe/wp-content/themes/Sakurairo/js/app.js?ver=3.0.4’.
You might want to add --no-if-modified-since option.

--2026-09-17 00:08:17--  https://web.archive.org/web/20260210034219js_/https://blog.epheia.moe/wp-content/themes/Sakurairo/js/page.js?ver=3.0.4
Connecting to web.archive.org (web.archive.org)|198.18.0.58|:443... connected.
HTTP request sent, awaiting response... 302 FOUND
Location: https://web.archive.org/web/20260210034719js_/https://blog.epheia.moe/wp-content/themes/Sakurairo/js/page.js?ver=3.0.4 [following]
--2026-09-17 00:08:18--  https://web.archive.org/web/20260210034719js_/https://blog.epheia.moe/wp-content/themes/Sakurairo/js/page.js?ver=3.0.4
Reusing existing connection to web.archive.org:443.
HTTP request sent, awaiting response... 200 OK
Server ignored If-Modified-Since header for file ‘blog.epheia.moe/web.archive.org/web/20260210034219js_/https:/blog.epheia.moe/wp-content/themes/Sakurairo/js/page.js?ver=3.0.4’.
You might want to add --no-if-modified-since option.

--2026-09-17 00:08:19--  https://web.archive.org/web/20260210034219js_/https://s.nmxc.ltd/sakurairo/@3.0.4/js/smoothscroll.js?ver=3.0.4
Connecting to web.archive.org (web.archive.org)|198.18.0.58|:443... connected.
HTTP request sent, awaiting response... 302 FOUND
Location: https://web.archive.org/web/20260210203533js_/https://s.nmxc.ltd/sakurairo/@3.0.4/js/smoothscroll.js?ver=3.0.4 [following]
--2026-09-17 00:08:21--  https://web.archive.org/web/20260210203533js_/https://s.nmxc.ltd/sakurairo/@3.0.4/js/smoothscroll.js?ver=3.0.4
Reusing existing connection to web.archive.org:443.
HTTP request sent, awaiting response... 200 OK
Server ignored If-Modified-Since header for file ‘blog.epheia.moe/web.archive.org/web/20260210034219js_/https:/s.nmxc.ltd/sakurairo/@3.0.4/js/smoothscroll.js?ver=3.0.4’.
You might want to add --no-if-modified-since option.

--2026-09-17 00:08:22--  https://web.archive.org/web/20260210034219/https://blog.epheia.moe/a/date/2025/10/
Connecting to web.archive.org (web.archive.org)|198.18.0.58|:443... connected.
HTTP request sent, awaiting response... 302 FOUND
Location: https://web.archive.org/web/20260103055039/https://blog.epheia.moe/a/date/2025/10/ [following]
--2026-09-17 00:08:25--  https://web.archive.org/web/20260103055039/https://blog.epheia.moe/a/date/2025/10/
Reusing existing connection to web.archive.org:443.
HTTP request sent, awaiting response... 200 OK
Length: unspecified [text/html]
Saving to: ‘blog.epheia.moe/web.archive.org/web/20260210034219/https:/blog.epheia.moe/a/date/2025/10/index.html’

     0K .......... .......... .......... .......... ..........  268K
    50K .......... .......... .......... .......... ..........  315K
   100K .......... .......... .......... .......... .......... 14.4M
   150K .......... .......... .......... .......... ..........  952K
   200K .......... .......... .......... ........               377K=0.5s

Last-modified header missing -- time-stamps turned off.
2026-09-17 00:08:25 (474 KB/s) - ‘blog.epheia.moe/web.archive.org/web/20260210034219/https:/blog.epheia.moe/a/date/2025/10/index.html’ saved [244070]

--2026-09-17 00:08:26--  https://web.archive.org/web/20260103055039/https://s4.zstatic.net/
Reusing existing connection to web.archive.org:443.
HTTP request sent, awaiting response... 302 FOUND
Location: https://web.archive.org/web/20260104163124/https://s4.zstatic.net/ [following]
--2026-09-17 00:08:28--  https://web.archive.org/web/20260104163124/https://s4.zstatic.net/
Reusing existing connection to web.archive.org:443.
HTTP request sent, awaiting response... 200 OK
Length: unspecified [application/json]
Saving to: ‘blog.epheia.moe/web.archive.org/web/20260103055039/https:/s4.zstatic.net/index.html’

     0K                                                        11.4M=0s

2026-09-17 00:08:28 (11.4 MB/s) - ‘blog.epheia.moe/web.archive.org/web/20260103055039/https:/s4.zstatic.net/index.html’ saved [36]

--2026-09-17 00:08:29--  https://web.archive.org/web/20260103055039/https://s4.zstatic.net/ajax/libs/font-awesome/6.7.2/css/all.min.css
Reusing existing connection to web.archive.org:443.
HTTP request sent, awaiting response... 302 FOUND
Location: https://web.archive.org/web/20260102234249/https://s4.zstatic.net/ajax/libs/font-awesome/6.7.2/css/all.min.css [following]
--2026-09-17 00:08:30--  https://web.archive.org/web/20260102234249/https://s4.zstatic.net/ajax/libs/font-awesome/6.7.2/css/all.min.css
Reusing existing connection to web.archive.org:443.
HTTP request sent, awaiting response... 200 OK
Length: unspecified [text/css]
Saving to: ‘blog.epheia.moe/web.archive.org/web/20260103055039/https:/s4.zstatic.net/ajax/libs/font-awesome/6.7.2/css/all.min.css’

     0K .......... .......... .......... .......... .......... 2.63M
    50K .......... .......... ....                             3.64M=0.02s

2026-09-17 00:08:31 (2.89 MB/s) - ‘blog.epheia.moe/web.archive.org/web/20260103055039/https:/s4.zstatic.net/ajax/libs/font-awesome/6.7.2/css/all.min.css’ saved [75780]

--2026-09-17 00:08:32--  https://web.archive.org/web/20260103055039cs_/https://s4.zstatic.net/ajax/libs/font-awesome/6.7.2/css/all.min.css
Reusing existing connection to web.archive.org:443.
HTTP request sent, awaiting response... 302 FOUND
Location: https://web.archive.org/web/20260102234249cs_/https://s4.zstatic.net/ajax/libs/font-awesome/6.7.2/css/all.min.css [following]
--2026-09-17 00:08:33--  https://web.archive.org/web/20260102234249cs_/https://s4.zstatic.net/ajax/libs/font-awesome/6.7.2/css/all.min.css
Reusing existing connection to web.archive.org:443.
HTTP request sent, awaiting response... 200 OK
Length: unspecified [text/css]
Saving to: ‘blog.epheia.moe/web.archive.org/web/20260103055039cs_/https:/s4.zstatic.net/ajax/libs/font-awesome/6.7.2/css/all.min.css’

     0K .......... .......... .......... .......... .......... 3.21M
    50K .......... .......... ....                             53.5M=0.02s

2026-09-17 00:08:33 (4.61 MB/s) - ‘blog.epheia.moe/web.archive.org/web/20260103055039cs_/https:/s4.zstatic.net/ajax/libs/font-awesome/6.7.2/css/all.min.css’ saved [75779]

--2026-09-17 00:08:35--  https://web.archive.org/web/20260103055039im_/https://s.nmxc.ltd/sakurairo_vision/@3.0/basic/favicon.ico
Reusing existing connection to web.archive.org:443.
HTTP request sent, awaiting response... 302 FOUND
Location: https://web.archive.org/web/20260101182124im_/https://s.nmxc.ltd/sakurairo_vision/@3.0/basic/favicon.ico [following]
--2026-09-17 00:08:36--  https://web.archive.org/web/20260101182124im_/https://s.nmxc.ltd/sakurairo_vision/@3.0/basic/favicon.ico
Reusing existing connection to web.archive.org:443.
HTTP request sent, awaiting response... 200 OK
Length: 160814 (157K) [image/x-icon]
Saving to: ‘blog.epheia.moe/web.archive.org/web/20260103055039im_/https:/s.nmxc.ltd/sakurairo_vision/@3.0/basic/favicon.ico’

     0K .......... .......... .......... .......... .......... 31% 4.49M 0s
    50K .......... .......... .......... .......... .......... 63% 2.19M 0s
   100K .......... .......... .......... .......... .......... 95% 2.44M 0s
   150K .......                                               100%  141K=0.05s

2026-09-17 00:08:37 (2.89 MB/s) - ‘blog.epheia.moe/web.archive.org/web/20260103055039im_/https:/s.nmxc.ltd/sakurairo_vision/@3.0/basic/favicon.ico’ saved [160814/160814]

--2026-09-17 00:08:39--  https://web.archive.org/web/20260103055039/https://blog.epheia.moe/
Reusing existing connection to web.archive.org:443.
HTTP request sent, awaiting response... 302 FOUND
Location: https://web.archive.org/web/20251230100138/https://blog.epheia.moe/ [following]
--2026-09-17 00:08:40--  https://web.archive.org/web/20251230100138/https://blog.epheia.moe/
Reusing existing connection to web.archive.org:443.
HTTP request sent, awaiting response... 200 OK
Length: unspecified [text/html]
Saving to: ‘blog.epheia.moe/web.archive.org/web/20260103055039/https:/blog.epheia.moe/index.html’

     0K .......... .......... .......... .......... .......... 2.37M
    50K .......... .......... .......... .......... .......... 2.19M
   100K .......... .......... .......... .......... .......... 2.31M
   150K .......... .......... .......... .......... .......... 2.07M
   200K .......... .......... .......... .......... .......... 1.08M
   250K .....                                                  17.3M=0.1s

Last-modified header missing -- time-stamps turned off.
2026-09-17 00:08:41 (1.87 MB/s) - ‘blog.epheia.moe/web.archive.org/web/20260103055039/https:/blog.epheia.moe/index.html’ saved [261846]

--2026-09-17 00:08:42--  https://web.archive.org/web/20260103055039/https://s.nmxc.ltd/
Reusing existing connection to web.archive.org:443.
HTTP request sent, awaiting response... 302 FOUND
Location: https://web.archive.org/web/20251225101737/https://s.nmxc.ltd/ [following]
--2026-09-17 00:08:44--  https://web.archive.org/web/20251225101737/https://s.nmxc.ltd/
Reusing existing connection to web.archive.org:443.
HTTP request sent, awaiting response... 200 OK
Length: unspecified [text/html]
Saving to: ‘blog.epheia.moe/web.archive.org/web/20260103055039/https:/s.nmxc.ltd/index.html’

     0K ..                                                      703M=0s

2026-09-17 00:08:44 (703 MB/s) - ‘blog.epheia.moe/web.archive.org/web/20260103055039/https:/s.nmxc.ltd/index.html’ saved [2212]

--2026-09-17 00:08:45--  https://web.archive.org/web/20260103055039/https://blog.epheia.moe/wp-content/themes/Sakurairo/css/?iro_header&github&no_wave&minify&3.0.4
Reusing existing connection to web.archive.org:443.
HTTP request sent, awaiting response... 302 FOUND
Location: https://web.archive.org/web/20251227031920/https://blog.epheia.moe/wp-content/themes/Sakurairo/css/?iro_header&github&no_wave&minify&3.0.4 [following]
--2026-09-17 00:08:46--  https://web.archive.org/web/20251227031920/https://blog.epheia.moe/wp-content/themes/Sakurairo/css/?iro_header&github&no_wave&minify&3.0.4
Reusing existing connection to web.archive.org:443.
HTTP request sent, awaiting response... 200 OK
Length: unspecified [text/css]
Saving to: ‘blog.epheia.moe/web.archive.org/web/20260103055039/https:/blog.epheia.moe/wp-content/themes/Sakurairo/css/index.html?iro_header&github&no_wave&minify&3.0.4.css’

     0K .......... .......... .......... .......... .......... 3.68M
    50K .......... .......... .......... .......... .......... 2.28M
   100K .......... .......... .......... .......... .......... 4.18M
   150K .......                                                1.54M=0.05s

Last-modified header missing -- time-stamps turned off.
2026-09-17 00:08:47 (3.01 MB/s) - ‘blog.epheia.moe/web.archive.org/web/20260103055039/https:/blog.epheia.moe/wp-content/themes/Sakurairo/css/index.html?iro_header&github&no_wave&minify&3.0.4.css’ saved [161513]

--2026-09-17 00:08:48--  https://web.archive.org/web/20260103055039cs_/https://blog.epheia.moe/wp-content/themes/Sakurairo/css/?iro_header&github&no_wave&minify&3.0.4
Reusing existing connection to web.archive.org:443.
HTTP request sent, awaiting response... 302 FOUND
Location: https://web.archive.org/web/20251227031920cs_/https://blog.epheia.moe/wp-content/themes/Sakurairo/css/?iro_header&github&no_wave&minify&3.0.4 [following]
--2026-09-17 00:08:49--  https://web.archive.org/web/20251227031920cs_/https://blog.epheia.moe/wp-content/themes/Sakurairo/css/?iro_header&github&no_wave&minify&3.0.4
Reusing existing connection to web.archive.org:443.
HTTP request sent, awaiting response... 200 OK
Length: unspecified [text/css]
Saving to: ‘blog.epheia.moe/web.archive.org/web/20260103055039cs_/https:/blog.epheia.moe/wp-content/themes/Sakurairo/css/index.html?iro_header&github&no_wave&minify&3.0.4.css’

     0K .......... .......... .......... .......... ..........  555K
    50K .......... .......... .......... .......... .......... 20.0M
   100K .......... .......... .......... .......... .......... 27.7M
   150K .......                                                15.4M=0.09s

Last-modified header missing -- time-stamps turned off.
2026-09-17 00:08:50 (1.62 MB/s) - ‘blog.epheia.moe/web.archive.org/web/20260103055039cs_/https:/blog.epheia.moe/wp-content/themes/Sakurairo/css/index.html?iro_header&github&no_wave&minify&3.0.4.css’ saved [161513]

--2026-09-17 00:08:50--  https://web.archive.org/web/20260103055039im_/https://s.nmxc.ltd/sakurairo_vision/@3.0/basic/puff-load.svg
Reusing existing connection to web.archive.org:443.
HTTP request sent, awaiting response... 302 FOUND
Location: https://web.archive.org/web/20260102221907im_/https://s.nmxc.ltd/sakurairo_vision/@3.0/basic/puff-load.svg [following]
--2026-09-17 00:08:52--  https://web.archive.org/web/20260102221907im_/https://s.nmxc.ltd/sakurairo_vision/@3.0/basic/puff-load.svg
Reusing existing connection to web.archive.org:443.
HTTP request sent, awaiting response... 200 OK
Length: unspecified [image/svg+xml]
Saving to: ‘blog.epheia.moe/web.archive.org/web/20260103055039im_/https:/s.nmxc.ltd/sakurairo_vision/@3.0/basic/puff-load.svg’

     0K .                                                      66.4M=0s

2026-09-17 00:08:53 (66.4 MB/s) - ‘blog.epheia.moe/web.archive.org/web/20260103055039im_/https:/s.nmxc.ltd/sakurairo_vision/@3.0/basic/puff-load.svg’ saved [1463]

--2026-09-17 00:08:54--  https://web.archive.org/web/20260103055039im_/https://blog.epheia.moe/a/date/2025/10/
Reusing existing connection to web.archive.org:443.
HTTP request sent, awaiting response... 200 OK
Length: unspecified [text/html]
Saving to: ‘blog.epheia.moe/web.archive.org/web/20260103055039im_/https:/blog.epheia.moe/a/date/2025/10/index.html’

     0K .......... .......... .......... .......... .......... 2.90M
    50K .......... .......... .......... .......... .......... 2.81M
   100K .......... .......... .......... .......... ..........  128K
   150K .......... .......... .......... .......... .......... 28.2M
   200K .......... .......... .......... ........              45.1M=0.4s

Last-modified header missing -- time-stamps turned off.
2026-09-17 00:08:55 (559 KB/s) - ‘blog.epheia.moe/web.archive.org/web/20260103055039im_/https:/blog.epheia.moe/a/date/2025/10/index.html’ saved [244068]

--2026-09-17 00:08:56--  https://web.archive.org/web/20260103055039im_/https://s.nmxc.ltd/sakurairo_vision/@3.0/basic/add.svg
Reusing existing connection to web.archive.org:443.
HTTP request sent, awaiting response... 302 FOUND
Location: https://web.archive.org/web/20260105220038im_/https://s.nmxc.ltd/sakurairo_vision/@3.0/basic/add.svg [following]
--2026-09-17 00:08:57--  https://web.archive.org/web/20260105220038im_/https://s.nmxc.ltd/sakurairo_vision/@3.0/basic/add.svg
Reusing existing connection to web.archive.org:443.
HTTP request sent, awaiting response... 504 Gateway Time-out
Retrying.

--2026-09-17 00:08:58--  (try: 2)  https://web.archive.org/web/20260105220038im_/https://s.nmxc.ltd/sakurairo_vision/@3.0/basic/add.svg
Reusing existing connection to web.archive.org:443.
HTTP request sent, awaiting response... 504 Gateway Time-out
Retrying.

--2026-09-17 00:09:01--  (try: 3)  https://web.archive.org/web/20260105220038im_/https://s.nmxc.ltd/sakurairo_vision/@3.0/basic/add.svg
Reusing existing connection to web.archive.org:443.
HTTP request sent, awaiting response... 504 Gateway Time-out
Retrying.

--2026-09-17 00:09:04--  (try: 4)  https://web.archive.org/web/20260105220038im_/https://s.nmxc.ltd/sakurairo_vision/@3.0/basic/add.svg
Reusing existing connection to web.archive.org:443.
HTTP request sent, awaiting response... 504 Gateway Time-out
Retrying.

--2026-09-17 00:09:08--  (try: 5)  https://web.archive.org/web/20260105220038im_/https://s.nmxc.ltd/sakurairo_vision/@3.0/basic/add.svg
Reusing existing connection to web.archive.org:443.
HTTP request sent, awaiting response... 504 Gateway Time-out
Giving up.

--2026-09-17 00:09:10--  https://web.archive.org/web/20260103055039im_/https://s.nmxc.ltd/sakurairo_vision/@3.0/basic/grid.png
Reusing existing connection to web.archive.org:443.
HTTP request sent, awaiting response... 302 FOUND
Location: https://web.archive.org/web/20260103032342im_/https://s.nmxc.ltd/sakurairo_vision/@3.0/basic/grid.png [following]
--2026-09-17 00:09:11--  https://web.archive.org/web/20260103032342im_/https://s.nmxc.ltd/sakurairo_vision/@3.0/basic/grid.png
Reusing existing connection to web.archive.org:443.
HTTP request sent, awaiting response... 200 OK
Length: 125 [image/png]
Saving to: ‘blog.epheia.moe/web.archive.org/web/20260103055039im_/https:/s.nmxc.ltd/sakurairo_vision/@3.0/basic/grid.png’

     0K                                                       100% 59.6M=0s

2026-09-17 00:09:12 (59.6 MB/s) - ‘blog.epheia.moe/web.archive.org/web/20260103055039im_/https:/s.nmxc.ltd/sakurairo_vision/@3.0/basic/grid.png’ saved [125/125]

--2026-09-17 00:09:13--  https://web.archive.org/web/20260103055039im_/https://s.nmxc.ltd/sakurairo_vision/@3.0/basic/dot.gif
Reusing existing connection to web.archive.org:443.
HTTP request sent, awaiting response... 302 FOUND
Location: https://web.archive.org/web/20260105220034im_/https://s.nmxc.ltd/sakurairo_vision/@3.0/basic/dot.gif [following]
--2026-09-17 00:09:14--  https://web.archive.org/web/20260105220034im_/https://s.nmxc.ltd/sakurairo_vision/@3.0/basic/dot.gif
Reusing existing connection to web.archive.org:443.
HTTP request sent, awaiting response... 504 Gateway Time-out
Retrying.

--2026-09-17 00:09:15--  (try: 2)  https://web.archive.org/web/20260105220034im_/https://s.nmxc.ltd/sakurairo_vision/@3.0/basic/dot.gif
Reusing existing connection to web.archive.org:443.
HTTP request sent, awaiting response... 504 Gateway Time-out
Retrying.

--2026-09-17 00:09:17--  (try: 3)  https://web.archive.org/web/20260105220034im_/https://s.nmxc.ltd/sakurairo_vision/@3.0/basic/dot.gif
Reusing existing connection to web.archive.org:443.
HTTP request sent, awaiting response... 504 Gateway Time-out
Retrying.

--2026-09-17 00:09:20--  (try: 4)  https://web.archive.org/web/20260105220034im_/https://s.nmxc.ltd/sakurairo_vision/@3.0/basic/dot.gif
Reusing existing connection to web.archive.org:443.
HTTP request sent, awaiting response... 504 Gateway Time-out
Retrying.

--2026-09-17 00:09:25--  (try: 5)  https://web.archive.org/web/20260105220034im_/https://s.nmxc.ltd/sakurairo_vision/@3.0/basic/dot.gif
Reusing existing connection to web.archive.org:443.
HTTP request sent, awaiting response... 504 Gateway Time-out
Giving up.

--2026-09-17 00:09:26--  https://web.archive.org/web/20260103055039im_/https://s.nmxc.ltd/sakurairo_vision/@3.0/basic/play.svg
Reusing existing connection to web.archive.org:443.
HTTP request sent, awaiting response... 302 FOUND
Location: https://web.archive.org/web/20260105220035im_/https://s.nmxc.ltd/sakurairo_vision/@3.0/basic/play.svg [following]
--2026-09-17 00:09:28--  https://web.archive.org/web/20260105220035im_/https://s.nmxc.ltd/sakurairo_vision/@3.0/basic/play.svg
Reusing existing connection to web.archive.org:443.
HTTP request sent, awaiting response... 504 Gateway Time-out
Retrying.

--2026-09-17 00:09:30--  (try: 2)  https://web.archive.org/web/20260105220035im_/https://s.nmxc.ltd/sakurairo_vision/@3.0/basic/play.svg
Reusing existing connection to web.archive.org:443.
HTTP request sent, awaiting response... 504 Gateway Time-out
Retrying.

--2026-09-17 00:09:32--  (try: 3)  https://web.archive.org/web/20260105220035im_/https://s.nmxc.ltd/sakurairo_vision/@3.0/basic/play.svg
Reusing existing connection to web.archive.org:443.
HTTP request sent, awaiting response... 504 Gateway Time-out
Retrying.

--2026-09-17 00:09:35--  (try: 4)  https://web.archive.org/web/20260105220035im_/https://s.nmxc.ltd/sakurairo_vision/@3.0/basic/play.svg
Reusing existing connection to web.archive.org:443.
HTTP request sent, awaiting response... 504 Gateway Time-out
Retrying.

--2026-09-17 00:09:40--  (try: 5)  https://web.archive.org/web/20260105220035im_/https://s.nmxc.ltd/sakurairo_vision/@3.0/basic/play.svg
Reusing existing connection to web.archive.org:443.
HTTP request sent, awaiting response... 504 Gateway Time-out
Giving up.

--2026-09-17 00:09:42--  https://web.archive.org/web/20260103055039im_/https://s.nmxc.ltd/sakurairo_vision/@3.0/basic/pause.svg
Reusing existing connection to web.archive.org:443.
HTTP request sent, awaiting response... 302 FOUND
Location: https://web.archive.org/web/20260105220036im_/https://s.nmxc.ltd/sakurairo_vision/@3.0/basic/pause.svg [following]
--2026-09-17 00:09:43--  https://web.archive.org/web/20260105220036im_/https://s.nmxc.ltd/sakurairo_vision/@3.0/basic/pause.svg
Reusing existing connection to web.archive.org:443.
HTTP request sent, awaiting response... 200 OK
Length: 462 [image/svg+xml]
Saving to: ‘blog.epheia.moe/web.archive.org/web/20260103055039im_/https:/s.nmxc.ltd/sakurairo_vision/@3.0/basic/pause.svg’

     0K                                                       100%  147M=0s

2026-09-17 00:09:43 (147 MB/s) - ‘blog.epheia.moe/web.archive.org/web/20260103055039im_/https:/s.nmxc.ltd/sakurairo_vision/@3.0/basic/pause.svg’ saved [462/462]

--2026-09-17 00:09:45--  https://web.archive.org/web/20260103055039im_/https://blog.epheia.moe/wp-content/uploads/2025/11/cropped-1762012142-android-chrome-512x512-1-32x32.png
Reusing existing connection to web.archive.org:443.
HTTP request sent, awaiting response... 302 FOUND
Location: https://web.archive.org/web/20260104052337im_/https://blog.epheia.moe/wp-content/uploads/2025/11/cropped-1762012142-android-chrome-512x512-1-32x32.png [following]
--2026-09-17 00:09:46--  https://web.archive.org/web/20260104052337im_/https://blog.epheia.moe/wp-content/uploads/2025/11/cropped-1762012142-android-chrome-512x512-1-32x32.png
Reusing existing connection to web.archive.org:443.
HTTP request sent, awaiting response... 200 OK
Length: unspecified [image/png]
Saving to: ‘blog.epheia.moe/web.archive.org/web/20260103055039im_/https:/blog.epheia.moe/wp-content/uploads/2025/11/cropped-1762012142-android-chrome-512x512-1-32x32.png’

     0K ..                                                      207M=0s

2026-09-17 00:09:46 (207 MB/s) - ‘blog.epheia.moe/web.archive.org/web/20260103055039im_/https:/blog.epheia.moe/wp-content/uploads/2025/11/cropped-1762012142-android-chrome-512x512-1-32x32.png’ saved [2172]

--2026-09-17 00:09:48--  https://web.archive.org/web/20260103055039im_/https://blog.epheia.moe/wp-content/uploads/2025/11/cropped-1762012142-android-chrome-512x512-1-192x192.png
Reusing existing connection to web.archive.org:443.
HTTP request sent, awaiting response... 302 FOUND
Location: https://web.archive.org/web/20260107204052im_/https://blog.epheia.moe/wp-content/uploads/2025/11/cropped-1762012142-android-chrome-512x512-1-192x192.png [following]
--2026-09-17 00:09:49--  https://web.archive.org/web/20260107204052im_/https://blog.epheia.moe/wp-content/uploads/2025/11/cropped-1762012142-android-chrome-512x512-1-192x192.png
Reusing existing connection to web.archive.org:443.
HTTP request sent, awaiting response... 200 OK
Length: unspecified [image/png]
Saving to: ‘blog.epheia.moe/web.archive.org/web/20260103055039im_/https:/blog.epheia.moe/wp-content/uploads/2025/11/cropped-1762012142-android-chrome-512x512-1-192x192.png’

     0K .......... .......... .......... .......... ...         103M=0s

2026-09-17 00:09:49 (103 MB/s) - ‘blog.epheia.moe/web.archive.org/web/20260103055039im_/https:/blog.epheia.moe/wp-content/uploads/2025/11/cropped-1762012142-android-chrome-512x512-1-192x192.png’ saved [44033]

--2026-09-17 00:09:51--  https://web.archive.org/web/20260103055039im_/https://blog.epheia.moe/wp-content/uploads/2025/11/cropped-1762012142-android-chrome-512x512-1-180x180.png
Reusing existing connection to web.archive.org:443.
HTTP request sent, awaiting response... 302 FOUND
Location: https://web.archive.org/web/20260107204052im_/https://blog.epheia.moe/wp-content/uploads/2025/11/cropped-1762012142-android-chrome-512x512-1-180x180.png [following]
--2026-09-17 00:09:52--  https://web.archive.org/web/20260107204052im_/https://blog.epheia.moe/wp-content/uploads/2025/11/cropped-1762012142-android-chrome-512x512-1-180x180.png
Reusing existing connection to web.archive.org:443.
HTTP request sent, awaiting response... 200 OK
Length: unspecified [image/png]
Saving to: ‘blog.epheia.moe/web.archive.org/web/20260103055039im_/https:/blog.epheia.moe/wp-content/uploads/2025/11/cropped-1762012142-android-chrome-512x512-1-180x180.png’

     0K .......... .......... .......... ........              48.6M=0.001s

2026-09-17 00:09:53 (48.6 MB/s) - ‘blog.epheia.moe/web.archive.org/web/20260103055039im_/https:/blog.epheia.moe/wp-content/uploads/2025/11/cropped-1762012142-android-chrome-512x512-1-180x180.png’ saved [39892]

--2026-09-17 00:09:54--  https://web.archive.org/web/20260103055039js_/https://blog.epheia.moe/wp-content/themes/Sakurairo/js/nav.js
Reusing existing connection to web.archive.org:443.
HTTP request sent, awaiting response... 302 FOUND
Location: https://web.archive.org/web/20260107204052js_/https://blog.epheia.moe/wp-content/themes/Sakurairo/js/nav.js [following]
--2026-09-17 00:09:57--  https://web.archive.org/web/20260107204052js_/https://blog.epheia.moe/wp-content/themes/Sakurairo/js/nav.js
Reusing existing connection to web.archive.org:443.
HTTP request sent, awaiting response... 200 OK
Length: unspecified [application/javascript]
Saving to: ‘blog.epheia.moe/web.archive.org/web/20260103055039js_/https:/blog.epheia.moe/wp-content/themes/Sakurairo/js/nav.js’

     0K .......... .......... .......... .......... .......... 3.76M
    50K ....                                                   85.4K=0.01s

2026-09-17 00:09:57 (4.08 MB/s) - ‘blog.epheia.moe/web.archive.org/web/20260103055039js_/https:/blog.epheia.moe/wp-content/themes/Sakurairo/js/nav.js’ saved [55572]

--2026-09-17 00:09:59--  https://web.archive.org/web/20260103055039im_/https://blog.epheia.moe/wp-content/uploads/2025/11/1762012142-android-chrome-512x512-1.png
Reusing existing connection to web.archive.org:443.
HTTP request sent, awaiting response... 302 FOUND
Location: https://web.archive.org/web/20260104035230im_/https://blog.epheia.moe/wp-content/uploads/2025/11/1762012142-android-chrome-512x512-1.png [following]
--2026-09-17 00:10:00--  https://web.archive.org/web/20260104035230im_/https://blog.epheia.moe/wp-content/uploads/2025/11/1762012142-android-chrome-512x512-1.png
Reusing existing connection to web.archive.org:443.
HTTP request sent, awaiting response... 200 OK
Length: unspecified [image/png]
Saving to: ‘blog.epheia.moe/web.archive.org/web/20260103055039im_/https:/blog.epheia.moe/wp-content/uploads/2025/11/1762012142-android-chrome-512x512-1.png’

     0K .......... .......... .......... .......... .......... 2.75M
    50K .......... .......... .......... .......... .......... 2.94M
   100K .......... .......... .......... .......... .......... 2.89M
   150K .......... .......... .......... .......... .......... 2.60M
   200K .......... .......... .......... .......... .......... 2.79M
   250K .......... .......... .......... .......... .......... 2.80M
   300K .......... .......... .......... .......... ..........  490K
   350K ....                                                   91.2K=0.2s

2026-09-17 00:10:01 (1.67 MB/s) - ‘blog.epheia.moe/web.archive.org/web/20260103055039im_/https:/blog.epheia.moe/wp-content/uploads/2025/11/1762012142-android-chrome-512x512-1.png’ saved [363070]

--2026-09-17 00:10:02--  https://web.archive.org/web/20260103055039im_/https://blog.epheia.moe/wp-content/uploads/2025/10/1761925036-Image_1761925021241.jpg
Reusing existing connection to web.archive.org:443.
HTTP request sent, awaiting response... 302 FOUND
Location: https://web.archive.org/web/20260107204052im_/https://blog.epheia.moe/wp-content/uploads/2025/10/1761925036-Image_1761925021241.jpg [following]
--2026-09-17 00:10:03--  https://web.archive.org/web/20260107204052im_/https://blog.epheia.moe/wp-content/uploads/2025/10/1761925036-Image_1761925021241.jpg
Reusing existing connection to web.archive.org:443.
HTTP request sent, awaiting response... 200 OK
Length: unspecified [image/jpeg]
Saving to: ‘blog.epheia.moe/web.archive.org/web/20260103055039im_/https:/blog.epheia.moe/wp-content/uploads/2025/10/1761925036-Image_1761925021241.jpg’

     0K .......... .......... .......... .......... .......... 3.80M
    50K .                                                      22.5K=0.01s

2026-09-17 00:10:03 (3.89 MB/s) - ‘blog.epheia.moe/web.archive.org/web/20260103055039im_/https:/blog.epheia.moe/wp-content/uploads/2025/10/1761925036-Image_1761925021241.jpg’ saved [52353]

--2026-09-17 00:10:04--  https://web.archive.org/web/20260103055039im_/https://s.nmxc.ltd/sakurairo_vision/@3.0/display_icon/fluent_design/tw.webp
Reusing existing connection to web.archive.org:443.
HTTP request sent, awaiting response... 302 FOUND
Location: https://web.archive.org/web/20260105110024im_/https://s.nmxc.ltd/sakurairo_vision/@3.0/display_icon/fluent_design/tw.webp [following]
--2026-09-17 00:10:05--  https://web.archive.org/web/20260105110024im_/https://s.nmxc.ltd/sakurairo_vision/@3.0/display_icon/fluent_design/tw.webp
Reusing existing connection to web.archive.org:443.
HTTP request sent, awaiting response... 200 OK
Length: 6706 (6.5K) [image/webp]
Saving to: ‘blog.epheia.moe/web.archive.org/web/20260103055039im_/https:/s.nmxc.ltd/sakurairo_vision/@3.0/display_icon/fluent_design/tw.webp’

     0K ......                                                100% 1.04G=0s

2026-09-17 00:10:06 (1.04 GB/s) - ‘blog.epheia.moe/web.archive.org/web/20260103055039im_/https:/s.nmxc.ltd/sakurairo_vision/@3.0/display_icon/fluent_design/tw.webp’ saved [6706/6706]

--2026-09-17 00:10:07--  https://web.archive.org/web/20260103055039im_/https://s.nmxc.ltd/sakurairo_vision/@3.0/display_icon/fluent_design/mail.webp
Reusing existing connection to web.archive.org:443.
HTTP request sent, awaiting response... 302 FOUND
Location: https://web.archive.org/web/20251230154414im_/https://s.nmxc.ltd/sakurairo_vision/@3.0/display_icon/fluent_design/mail.webp [following]
--2026-09-17 00:10:08--  https://web.archive.org/web/20251230154414im_/https://s.nmxc.ltd/sakurairo_vision/@3.0/display_icon/fluent_design/mail.webp
Reusing existing connection to web.archive.org:443.
HTTP request sent, awaiting response... 200 OK
Length: 6446 (6.3K) [image/webp]
Saving to: ‘blog.epheia.moe/web.archive.org/web/20260103055039im_/https:/s.nmxc.ltd/sakurairo_vision/@3.0/display_icon/fluent_design/mail.webp’

     0K ......                                                100% 1.50G=0s

2026-09-17 00:10:08 (1.50 GB/s) - ‘blog.epheia.moe/web.archive.org/web/20260103055039im_/https:/s.nmxc.ltd/sakurairo_vision/@3.0/display_icon/fluent_design/mail.webp’ saved [6446/6446]

--2026-09-17 00:10:09--  https://web.archive.org/web/20260103055039/https://blog.epheia.moe/a/140
Reusing existing connection to web.archive.org:443.
HTTP request sent, awaiting response... 302 FOUND
Location: https://web.archive.org/web/20260206162955/https://blog.epheia.moe/a/140 [following]
--2026-09-17 00:10:10--  https://web.archive.org/web/20260206162955/https://blog.epheia.moe/a/140
Reusing existing connection to web.archive.org:443.
HTTP request sent, awaiting response... 200 OK
Length: unspecified [text/html]
Saving to: ‘blog.epheia.moe/web.archive.org/web/20260103055039/https:/blog.epheia.moe/a/140.html’

     0K .......... .......... .......... .......... .......... 14.6M
    50K .......... .......... .......... .......... .......... 3.06M
   100K .......... .......... .......... .......... .......... 7.45M
   150K .......... .......... .......... .......... .......... 3.22M
   200K .......... .......... .......... .........             4.58M=0.05s

Last-modified header missing -- time-stamps turned off.
2026-09-17 00:10:11 (4.73 MB/s) - ‘blog.epheia.moe/web.archive.org/web/20260103055039/https:/blog.epheia.moe/a/140.html’ saved [245679]

--2026-09-17 00:10:11--  https://web.archive.org/web/20260103055039/https://blog.epheia.moe/a/119
Reusing existing connection to web.archive.org:443.
HTTP request sent, awaiting response... 302 FOUND
Location: https://web.archive.org/web/20251228064038/https://blog.epheia.moe/a/119 [following]
--2026-09-17 00:10:13--  https://web.archive.org/web/20251228064038/https://blog.epheia.moe/a/119
Reusing existing connection to web.archive.org:443.
HTTP request sent, awaiting response... 200 OK
Length: unspecified [text/html]
Saving to: ‘blog.epheia.moe/web.archive.org/web/20260103055039/https:/blog.epheia.moe/a/119.html’

     0K .......... .......... .......... .......... .......... 3.56M
    50K .......... .......... .......... .......... .......... 3.69M
   100K .......... .......... .......... .......... .......... 3.53M
   150K .......... .......... .......... .......... .......... 3.57M
   200K .......... .......... .......... .......... .......... 2.64M
   250K .......... .                                           17.4M=0.07s

Last-modified header missing -- time-stamps turned off.
2026-09-17 00:10:13 (3.46 MB/s) - ‘blog.epheia.moe/web.archive.org/web/20260103055039/https:/blog.epheia.moe/a/119.html’ saved [267289]

--2026-09-17 00:10:14--  https://web.archive.org/web/20260103055039/https://blog.epheia.moe/a/6
Reusing existing connection to web.archive.org:443.
HTTP request sent, awaiting response... 302 FOUND
Location: https://web.archive.org/web/20260222105121/https://blog.epheia.moe/a/6 [following]
--2026-09-17 00:10:16--  https://web.archive.org/web/20260222105121/https://blog.epheia.moe/a/6
Reusing existing connection to web.archive.org:443.
HTTP request sent, awaiting response... 200 OK
Length: unspecified [text/html]
Saving to: ‘blog.epheia.moe/web.archive.org/web/20260103055039/https:/blog.epheia.moe/a/6.html’

     0K .......... .......... .......... .......... .......... 3.57M
    50K .......... .......... .......... .......... .......... 3.84M
   100K .......... .......... .......... .......... .......... 2.09M
   150K .......... .......... .......... .......... .......... 7.84M
   200K .......... .......... .......... .......               5.20M=0.06s

Last-modified header missing -- time-stamps turned off.
2026-09-17 00:10:17 (3.68 MB/s) - ‘blog.epheia.moe/web.archive.org/web/20260103055039/https:/blog.epheia.moe/a/6.html’ saved [243548]

--2026-09-17 00:10:17--  https://web.archive.org/web/20260103055039js_/https://blog.epheia.moe/wp-content/themes/Sakurairo/js/polyfill.js?ver=3.0.4
Reusing existing connection to web.archive.org:443.
HTTP request sent, awaiting response... 302 FOUND
Location: https://web.archive.org/web/20260107204052js_/https://blog.epheia.moe/wp-content/themes/Sakurairo/js/polyfill.js?ver=3.0.4 [following]
--2026-09-17 00:10:19--  https://web.archive.org/web/20260107204052js_/https://blog.epheia.moe/wp-content/themes/Sakurairo/js/polyfill.js?ver=3.0.4
Reusing existing connection to web.archive.org:443.
HTTP request sent, awaiting response... 200 OK
Length: unspecified [application/javascript]
Saving to: ‘blog.epheia.moe/web.archive.org/web/20260103055039js_/https:/blog.epheia.moe/wp-content/themes/Sakurairo/js/polyfill.js?ver=3.0.4’

     0K .......... .......... ...                              77.1M=0s

2026-09-17 00:10:21 (77.1 MB/s) - ‘blog.epheia.moe/web.archive.org/web/20260103055039js_/https:/blog.epheia.moe/wp-content/themes/Sakurairo/js/polyfill.js?ver=3.0.4’ saved [23941]

--2026-09-17 00:10:22--  https://web.archive.org/web/20260103055039js_/https://blog.epheia.moe/wp-content/themes/Sakurairo/js/app.js?ver=3.0.4
Reusing existing connection to web.archive.org:443.
HTTP request sent, awaiting response... 302 FOUND
Location: https://web.archive.org/web/20260107130321js_/https://blog.epheia.moe/wp-content/themes/Sakurairo/js/app.js?ver=3.0.4 [following]
--2026-09-17 00:10:25--  https://web.archive.org/web/20260107130321js_/https://blog.epheia.moe/wp-content/themes/Sakurairo/js/app.js?ver=3.0.4
Reusing existing connection to web.archive.org:443.
HTTP request sent, awaiting response... 200 OK
Length: unspecified [application/javascript]
Saving to: ‘blog.epheia.moe/web.archive.org/web/20260103055039js_/https:/blog.epheia.moe/wp-content/themes/Sakurairo/js/app.js?ver=3.0.4’

     0K .......... .......... .......... .......... .......... 3.33M
    50K .......... .........                                   27.2M=0.02s

2026-09-17 00:10:25 (4.39 MB/s) - ‘blog.epheia.moe/web.archive.org/web/20260103055039js_/https:/blog.epheia.moe/wp-content/themes/Sakurairo/js/app.js?ver=3.0.4’ saved [70765]

--2026-09-17 00:10:26--  https://web.archive.org/web/20260103055039js_/https://blog.epheia.moe/wp-content/themes/Sakurairo/js/page.js?ver=3.0.4
Reusing existing connection to web.archive.org:443.
HTTP request sent, awaiting response... 302 FOUND
Location: https://web.archive.org/web/20260107204052js_/https://blog.epheia.moe/wp-content/themes/Sakurairo/js/page.js?ver=3.0.4 [following]
--2026-09-17 00:10:27--  https://web.archive.org/web/20260107204052js_/https://blog.epheia.moe/wp-content/themes/Sakurairo/js/page.js?ver=3.0.4
Reusing existing connection to web.archive.org:443.
HTTP request sent, awaiting response... 200 OK
Length: unspecified [application/javascript]
Saving to: ‘blog.epheia.moe/web.archive.org/web/20260103055039js_/https:/blog.epheia.moe/wp-content/themes/Sakurairo/js/page.js?ver=3.0.4’

     0K .......... .......... .......... .......... .......... 4.99M
    50K ........                                                176K=0.01s

2026-09-17 00:10:28 (5.86 MB/s) - ‘blog.epheia.moe/web.archive.org/web/20260103055039js_/https:/blog.epheia.moe/wp-content/themes/Sakurairo/js/page.js?ver=3.0.4’ saved [60206]

--2026-09-17 00:10:29--  https://web.archive.org/web/20260103055039js_/https://s.nmxc.ltd/sakurairo/@3.0.4/js/smoothscroll.js?ver=3.0.4
Reusing existing connection to web.archive.org:443.
HTTP request sent, awaiting response... 302 FOUND
Location: https://web.archive.org/web/20260103080733js_/https://s.nmxc.ltd/sakurairo/@3.0.4/js/smoothscroll.js?ver=3.0.4 [following]
--2026-09-17 00:10:31--  https://web.archive.org/web/20260103080733js_/https://s.nmxc.ltd/sakurairo/@3.0.4/js/smoothscroll.js?ver=3.0.4
Reusing existing connection to web.archive.org:443.
HTTP request sent, awaiting response... 200 OK
Length: unspecified [application/javascript]
Saving to: ‘blog.epheia.moe/web.archive.org/web/20260103055039js_/https:/s.nmxc.ltd/sakurairo/@3.0.4/js/smoothscroll.js?ver=3.0.4’

     0K .......... ...                                         38.1M=0s

2026-09-17 00:10:31 (38.1 MB/s) - ‘blog.epheia.moe/web.archive.org/web/20260103055039js_/https:/s.nmxc.ltd/sakurairo/@3.0.4/js/smoothscroll.js?ver=3.0.4’ saved [13705]

--2026-09-17 00:10:32--  https://web.archive.org/web/20260210142025im_/https://s4.zstatic.net/ajax/libs/font-awesome/6.7.2/webfonts/fa-brands-400.woff2
Reusing existing connection to web.archive.org:443.
HTTP request sent, awaiting response... 302 FOUND
Location: https://web.archive.org/web/20260210142028im_/https://s4.zstatic.net/ajax/libs/font-awesome/6.7.2/webfonts/fa-brands-400.woff2 [following]
--2026-09-17 00:10:34--  https://web.archive.org/web/20260210142028im_/https://s4.zstatic.net/ajax/libs/font-awesome/6.7.2/webfonts/fa-brands-400.woff2
Reusing existing connection to web.archive.org:443.
HTTP request sent, awaiting response... 200 OK
Length: 118684 (116K) [application/octet-stream]
Saving to: ‘blog.epheia.moe/web.archive.org/web/20260210142025im_/https:/s4.zstatic.net/ajax/libs/font-awesome/6.7.2/webfonts/fa-brands-400.woff2’

     0K .......... .......... .......... .......... .......... 43% 4.20M 0s
    50K .......... .......... .......... .......... .......... 86% 3.15M 0s
   100K .......... .....                                      100% 21.7M=0.03s

Last-modified header missing -- time-stamps turned off.
2026-09-17 00:10:35 (4.06 MB/s) - ‘blog.epheia.moe/web.archive.org/web/20260210142025im_/https:/s4.zstatic.net/ajax/libs/font-awesome/6.7.2/webfonts/fa-brands-400.woff2’ saved [118684/118684]

--2026-09-17 00:10:36--  https://web.archive.org/web/20260210142025im_/https://s4.zstatic.net/ajax/libs/font-awesome/6.7.2/webfonts/fa-brands-400.ttf
Reusing existing connection to web.archive.org:443.
HTTP request sent, awaiting response... 302 FOUND
Location: https://web.archive.org/web/20260207232244im_/https://s4.zstatic.net/ajax/libs/font-awesome/6.7.2/webfonts/fa-brands-400.ttf [following]
--2026-09-17 00:10:38--  https://web.archive.org/web/20260207232244im_/https://s4.zstatic.net/ajax/libs/font-awesome/6.7.2/webfonts/fa-brands-400.ttf
Reusing existing connection to web.archive.org:443.
HTTP request sent, awaiting response... 200 OK
Length: 210792 (206K) [application/octet-stream]
Saving to: ‘blog.epheia.moe/web.archive.org/web/20260210142025im_/https:/s4.zstatic.net/ajax/libs/font-awesome/6.7.2/webfonts/fa-brands-400.ttf’

     0K .......... .......... .......... .......... .......... 24% 4.04M 0s
    50K .......... .......... .......... .......... .......... 48% 5.35M 0s
   100K .......... .......... .......... .......... .......... 72% 2.44M 0s
   150K .......... .......... .......... .......... .......... 97% 13.4M 0s
   200K .....                                                 100% 3.69M=0.05s

Last-modified header missing -- time-stamps turned off.
2026-09-17 00:10:38 (4.34 MB/s) - ‘blog.epheia.moe/web.archive.org/web/20260210142025im_/https:/s4.zstatic.net/ajax/libs/font-awesome/6.7.2/webfonts/fa-brands-400.ttf’ saved [210792/210792]

--2026-09-17 00:10:39--  https://web.archive.org/web/20260210142025im_/https://s4.zstatic.net/ajax/libs/font-awesome/6.7.2/webfonts/fa-regular-400.woff2
Reusing existing connection to web.archive.org:443.
HTTP request sent, awaiting response... 302 FOUND
Location: https://web.archive.org/web/20260210142028im_/https://s4.zstatic.net/ajax/libs/font-awesome/6.7.2/webfonts/fa-regular-400.woff2 [following]
--2026-09-17 00:10:41--  https://web.archive.org/web/20260210142028im_/https://s4.zstatic.net/ajax/libs/font-awesome/6.7.2/webfonts/fa-regular-400.woff2
Reusing existing connection to web.archive.org:443.
HTTP request sent, awaiting response... 200 OK
Length: 25472 (25K) [application/octet-stream]
Saving to: ‘blog.epheia.moe/web.archive.org/web/20260210142025im_/https:/s4.zstatic.net/ajax/libs/font-awesome/6.7.2/webfonts/fa-regular-400.woff2’

     0K .......... .......... ....                            100% 13.6M=0.002s

2026-09-17 00:10:41 (13.6 MB/s) - ‘blog.epheia.moe/web.archive.org/web/20260210142025im_/https:/s4.zstatic.net/ajax/libs/font-awesome/6.7.2/webfonts/fa-regular-400.woff2’ saved [25472/25472]

--2026-09-17 00:10:42--  https://web.archive.org/web/20260210142025im_/https://s4.zstatic.net/ajax/libs/font-awesome/6.7.2/webfonts/fa-regular-400.ttf
Reusing existing connection to web.archive.org:443.
HTTP request sent, awaiting response... 302 FOUND
Location: https://web.archive.org/web/20260215163531im_/https://s4.zstatic.net/ajax/libs/font-awesome/6.7.2/webfonts/fa-regular-400.ttf [following]
--2026-09-17 00:10:44--  https://web.archive.org/web/20260215163531im_/https://s4.zstatic.net/ajax/libs/font-awesome/6.7.2/webfonts/fa-regular-400.ttf
Reusing existing connection to web.archive.org:443.
HTTP request sent, awaiting response... 200 OK
Length: 68064 (66K) [application/octet-stream]
Saving to: ‘blog.epheia.moe/web.archive.org/web/20260210142025im_/https:/s4.zstatic.net/ajax/libs/font-awesome/6.7.2/webfonts/fa-regular-400.ttf’

     0K .......... .......... .......... .......... .......... 75% 21.7M 0s
    50K .......... ......                                     100% 22.3M=0.003s

2026-09-17 00:10:45 (21.9 MB/s) - ‘blog.epheia.moe/web.archive.org/web/20260210142025im_/https:/s4.zstatic.net/ajax/libs/font-awesome/6.7.2/webfonts/fa-regular-400.ttf’ saved [68064/68064]

--2026-09-17 00:10:46--  https://web.archive.org/web/20260210142025im_/https://s4.zstatic.net/ajax/libs/font-awesome/6.7.2/webfonts/fa-solid-900.woff2
Reusing existing connection to web.archive.org:443.
HTTP request sent, awaiting response... 302 FOUND
Location: https://web.archive.org/web/20260210142028im_/https://s4.zstatic.net/ajax/libs/font-awesome/6.7.2/webfonts/fa-solid-900.woff2 [following]
--2026-09-17 00:10:47--  https://web.archive.org/web/20260210142028im_/https://s4.zstatic.net/ajax/libs/font-awesome/6.7.2/webfonts/fa-solid-900.woff2
Reusing existing connection to web.archive.org:443.
HTTP request sent, awaiting response... 200 OK
Length: 158220 (155K) [application/octet-stream]
Saving to: ‘blog.epheia.moe/web.archive.org/web/20260210142025im_/https:/s4.zstatic.net/ajax/libs/font-awesome/6.7.2/webfonts/fa-solid-900.woff2’

     0K .......... .......... .......... .......... .......... 32% 3.33M 0s
    50K .......... .......... .......... .......... .......... 64% 2.29M 0s
   100K .......... .......... .......... .......... .......... 97% 16.9M 0s
   150K ....                                                  100% 90.2K=0.04s

2026-09-17 00:10:50 (3.88 MB/s) - ‘blog.epheia.moe/web.archive.org/web/20260210142025im_/https:/s4.zstatic.net/ajax/libs/font-awesome/6.7.2/webfonts/fa-solid-900.woff2’ saved [158220/158220]

--2026-09-17 00:10:51--  https://web.archive.org/web/20260210142025im_/https://s4.zstatic.net/ajax/libs/font-awesome/6.7.2/webfonts/fa-solid-900.ttf
Reusing existing connection to web.archive.org:443.
HTTP request sent, awaiting response... 302 FOUND
Location: https://web.archive.org/web/20260130114110im_/https://s4.zstatic.net/ajax/libs/font-awesome/6.7.2/webfonts/fa-solid-900.ttf [following]
--2026-09-17 00:10:52--  https://web.archive.org/web/20260130114110im_/https://s4.zstatic.net/ajax/libs/font-awesome/6.7.2/webfonts/fa-solid-900.ttf
Reusing existing connection to web.archive.org:443.
HTTP request sent, awaiting response... 200 OK
Length: unspecified [application/octet-stream]
Saving to: ‘blog.epheia.moe/web.archive.org/web/20260210142025im_/https:/s4.zstatic.net/ajax/libs/font-awesome/6.7.2/webfonts/fa-solid-900.ttf’

     0K .......... .......... .......... .......... .......... 1.67M
    50K .......... .......... .......... .......... .......... 19.2M
   100K .......... .......... .......... .......... .......... 5.63M
   150K .......... .......... .......... .......... ..........  956K
   200K .......... .......... .......... .......... .......... 11.4M
   250K .......... .......... .......... .......... .......... 25.0M
   300K .......... .......... .......... .......... ..........  391K
   350K .......... .......... .......... .......... .......... 10.2M
   400K .......... ......                                      23.0M=0.2s

Last-modified header missing -- time-stamps turned off.
2026-09-17 00:10:52 (1.75 MB/s) - ‘blog.epheia.moe/web.archive.org/web/20260210142025im_/https:/s4.zstatic.net/ajax/libs/font-awesome/6.7.2/webfonts/fa-solid-900.ttf’ saved [426112]

--2026-09-17 00:10:54--  https://web.archive.org/web/20260210142025im_/https://s4.zstatic.net/ajax/libs/font-awesome/6.7.2/webfonts/fa-v4compatibility.woff2
Reusing existing connection to web.archive.org:443.
HTTP request sent, awaiting response... 302 FOUND
Location: https://web.archive.org/web/20260130114112im_/https://s4.zstatic.net/ajax/libs/font-awesome/6.7.2/webfonts/fa-v4compatibility.woff2 [following]
--2026-09-17 00:10:57--  https://web.archive.org/web/20260130114112im_/https://s4.zstatic.net/ajax/libs/font-awesome/6.7.2/webfonts/fa-v4compatibility.woff2
Reusing existing connection to web.archive.org:443.
HTTP request sent, awaiting response... 200 OK
Length: unspecified [application/octet-stream]
Saving to: ‘blog.epheia.moe/web.archive.org/web/20260210142025im_/https:/s4.zstatic.net/ajax/libs/font-awesome/6.7.2/webfonts/fa-v4compatibility.woff2’

     0K ....                                                    762M=0s

Last-modified header missing -- time-stamps turned off.
2026-09-17 00:10:57 (762 MB/s) - ‘blog.epheia.moe/web.archive.org/web/20260210142025im_/https:/s4.zstatic.net/ajax/libs/font-awesome/6.7.2/webfonts/fa-v4compatibility.woff2’ saved [4796]

--2026-09-17 00:10:58--  https://web.archive.org/web/20260210142025im_/https://s4.zstatic.net/ajax/libs/font-awesome/6.7.2/webfonts/fa-v4compatibility.ttf
Reusing existing connection to web.archive.org:443.
HTTP request sent, awaiting response... 302 FOUND
Location: https://web.archive.org/web/20260130114113im_/https://s4.zstatic.net/ajax/libs/font-awesome/6.7.2/webfonts/fa-v4compatibility.ttf [following]
--2026-09-17 00:11:00--  https://web.archive.org/web/20260130114113im_/https://s4.zstatic.net/ajax/libs/font-awesome/6.7.2/webfonts/fa-v4compatibility.ttf
Reusing existing connection to web.archive.org:443.
HTTP request sent, awaiting response... 200 OK
Length: unspecified [application/octet-stream]
Saving to: ‘blog.epheia.moe/web.archive.org/web/20260210142025im_/https:/s4.zstatic.net/ajax/libs/font-awesome/6.7.2/webfonts/fa-v4compatibility.ttf’

     0K ..........                                              795M=0s

Last-modified header missing -- time-stamps turned off.
2026-09-17 00:11:00 (795 MB/s) - ‘blog.epheia.moe/web.archive.org/web/20260210142025im_/https:/s4.zstatic.net/ajax/libs/font-awesome/6.7.2/webfonts/fa-v4compatibility.ttf’ saved [10836]

--2026-09-17 00:11:01--  https://web.archive.org/web/20251230100138/https://s4.zstatic.net/
Reusing existing connection to web.archive.org:443.
HTTP request sent, awaiting response... 302 FOUND
Location: https://web.archive.org/web/20260104163124/https://s4.zstatic.net/ [following]
--2026-09-17 00:11:02--  https://web.archive.org/web/20260104163124/https://s4.zstatic.net/
Reusing existing connection to web.archive.org:443.
HTTP request sent, awaiting response... 200 OK
Length: unspecified [application/json]
Saving to: ‘blog.epheia.moe/web.archive.org/web/20251230100138/https:/s4.zstatic.net/index.html’

     0K                                                        3.12M=0s

2026-09-17 00:11:03 (3.12 MB/s) - ‘blog.epheia.moe/web.archive.org/web/20251230100138/https:/s4.zstatic.net/index.html’ saved [36]

--2026-09-17 00:11:04--  https://web.archive.org/web/20251230100138/https://s4.zstatic.net/ajax/libs/font-awesome/6.7.2/css/all.min.css
Reusing existing connection to web.archive.org:443.
HTTP request sent, awaiting response... 302 FOUND
Location: https://web.archive.org/web/20251230124748/https://s4.zstatic.net/ajax/libs/font-awesome/6.7.2/css/all.min.css [following]
--2026-09-17 00:11:05--  https://web.archive.org/web/20251230124748/https://s4.zstatic.net/ajax/libs/font-awesome/6.7.2/css/all.min.css
Reusing existing connection to web.archive.org:443.
HTTP request sent, awaiting response... 200 OK
Length: unspecified [text/css]
Saving to: ‘blog.epheia.moe/web.archive.org/web/20251230100138/https:/s4.zstatic.net/ajax/libs/font-awesome/6.7.2/css/all.min.css’

     0K .......... .......... .......... .......... .......... 6.76M
    50K .......... .......... ....                             3.29M=0.01s

2026-09-17 00:11:05 (5.03 MB/s) - ‘blog.epheia.moe/web.archive.org/web/20251230100138/https:/s4.zstatic.net/ajax/libs/font-awesome/6.7.2/css/all.min.css’ saved [75779]

--2026-09-17 00:11:06--  https://web.archive.org/web/20251230100138cs_/https://s4.zstatic.net/ajax/libs/font-awesome/6.7.2/css/all.min.css
Reusing existing connection to web.archive.org:443.
HTTP request sent, awaiting response... 302 FOUND
Location: https://web.archive.org/web/20251230124748cs_/https://s4.zstatic.net/ajax/libs/font-awesome/6.7.2/css/all.min.css [following]
--2026-09-17 00:11:08--  https://web.archive.org/web/20251230124748cs_/https://s4.zstatic.net/ajax/libs/font-awesome/6.7.2/css/all.min.css
Reusing existing connection to web.archive.org:443.
HTTP request sent, awaiting response... 200 OK
Length: unspecified [text/css]
Saving to: ‘blog.epheia.moe/web.archive.org/web/20251230100138cs_/https:/s4.zstatic.net/ajax/libs/font-awesome/6.7.2/css/all.min.css’

     0K .......... .......... .......... .......... .......... 4.88M
    50K .......... .......... ....                             4.57M=0.02s

2026-09-17 00:11:08 (4.78 MB/s) - ‘blog.epheia.moe/web.archive.org/web/20251230100138cs_/https:/s4.zstatic.net/ajax/libs/font-awesome/6.7.2/css/all.min.css’ saved [75780]

--2026-09-17 00:11:09--  https://web.archive.org/web/20251230100138im_/https://s.nmxc.ltd/sakurairo_vision/@3.0/basic/favicon.ico
Reusing existing connection to web.archive.org:443.
HTTP request sent, awaiting response... 302 FOUND
Location: https://web.archive.org/web/20251230154422im_/https://s.nmxc.ltd/sakurairo_vision/@3.0/basic/favicon.ico [following]
--2026-09-17 00:11:10--  https://web.archive.org/web/20251230154422im_/https://s.nmxc.ltd/sakurairo_vision/@3.0/basic/favicon.ico
Reusing existing connection to web.archive.org:443.
HTTP request sent, awaiting response... 200 OK
Length: 160814 (157K) [image/x-icon]
Saving to: ‘blog.epheia.moe/web.archive.org/web/20251230100138im_/https:/s.nmxc.ltd/sakurairo_vision/@3.0/basic/favicon.ico’

     0K .......... .......... .......... .......... .......... 31% 3.11M 0s
    50K .......... .......... .......... .......... .......... 63%  347K 0s
   100K .......... .......... .......... .......... .......... 95% 7.40M 0s
   150K .......                                               100%  141K=0.2s

2026-09-17 00:11:11 (944 KB/s) - ‘blog.epheia.moe/web.archive.org/web/20251230100138im_/https:/s.nmxc.ltd/sakurairo_vision/@3.0/basic/favicon.ico’ saved [160814/160814]

--2026-09-17 00:11:12--  https://web.archive.org/web/20251230100138/https://s.nmxc.ltd/
Reusing existing connection to web.archive.org:443.
HTTP request sent, awaiting response... 302 FOUND
Location: https://web.archive.org/web/20251225101737/https://s.nmxc.ltd/ [following]
--2026-09-17 00:11:13--  https://web.archive.org/web/20251225101737/https://s.nmxc.ltd/
Reusing existing connection to web.archive.org:443.
HTTP request sent, awaiting response... 200 OK
Length: unspecified [text/html]
Saving to: ‘blog.epheia.moe/web.archive.org/web/20251230100138/https:/s.nmxc.ltd/index.html’

     0K ..                                                      422M=0s

2026-09-17 00:11:14 (422 MB/s) - ‘blog.epheia.moe/web.archive.org/web/20251230100138/https:/s.nmxc.ltd/index.html’ saved [2211]

--2026-09-17 00:11:15--  https://web.archive.org/web/20251230100138/https://blog.epheia.moe/wp-content/themes/Sakurairo/css/?iro_header&github&no_wave&minify&3.0.4
Reusing existing connection to web.archive.org:443.
HTTP request sent, awaiting response... 302 FOUND
Location: https://web.archive.org/web/20251227031920/https://blog.epheia.moe/wp-content/themes/Sakurairo/css/?iro_header&github&no_wave&minify&3.0.4 [following]
--2026-09-17 00:11:15--  https://web.archive.org/web/20251227031920/https://blog.epheia.moe/wp-content/themes/Sakurairo/css/?iro_header&github&no_wave&minify&3.0.4
Reusing existing connection to web.archive.org:443.
HTTP request sent, awaiting response... 200 OK
Length: unspecified [text/css]
Saving to: ‘blog.epheia.moe/web.archive.org/web/20251230100138/https:/blog.epheia.moe/wp-content/themes/Sakurairo/css/index.html?iro_header&github&no_wave&minify&3.0.4.css’

     0K .......... .......... .......... .......... .......... 3.94M
    50K .......... .......... .......... .......... .......... 3.67M
   100K .......... .......... .......... .......... .......... 3.72M
   150K .......                                                9.91M=0.04s

Last-modified header missing -- time-stamps turned off.
2026-09-17 00:11:16 (3.90 MB/s) - ‘blog.epheia.moe/web.archive.org/web/20251230100138/https:/blog.epheia.moe/wp-content/themes/Sakurairo/css/index.html?iro_header&github&no_wave&minify&3.0.4.css’ saved [161511]

--2026-09-17 00:11:17--  https://web.archive.org/web/20251230100138cs_/https://blog.epheia.moe/wp-content/themes/Sakurairo/css/?iro_header&github&no_wave&minify&3.0.4
Reusing existing connection to web.archive.org:443.
HTTP request sent, awaiting response... 302 FOUND
Location: https://web.archive.org/web/20251227031920cs_/https://blog.epheia.moe/wp-content/themes/Sakurairo/css/?iro_header&github&no_wave&minify&3.0.4 [following]
--2026-09-17 00:11:18--  https://web.archive.org/web/20251227031920cs_/https://blog.epheia.moe/wp-content/themes/Sakurairo/css/?iro_header&github&no_wave&minify&3.0.4
Reusing existing connection to web.archive.org:443.
HTTP request sent, awaiting response... 200 OK
Length: unspecified [text/css]
Saving to: ‘blog.epheia.moe/web.archive.org/web/20251230100138cs_/https:/blog.epheia.moe/wp-content/themes/Sakurairo/css/index.html?iro_header&github&no_wave&minify&3.0.4.css’

     0K .......... .......... .......... .......... .......... 4.50M
    50K .......... .......... .......... .......... .......... 3.08M
   100K .......... .......... .......... .......... ..........  515K
   150K .......                                                5.13M=0.1s

Last-modified header missing -- time-stamps turned off.
2026-09-17 00:11:19 (1.23 MB/s) - ‘blog.epheia.moe/web.archive.org/web/20251230100138cs_/https:/blog.epheia.moe/wp-content/themes/Sakurairo/css/index.html?iro_header&github&no_wave&minify&3.0.4.css’ saved [161510]

--2026-09-17 00:11:20--  https://web.archive.org/web/20251230100138im_/https://s.nmxc.ltd/sakurairo_vision/@3.0/basic/puff-load.svg
Reusing existing connection to web.archive.org:443.
HTTP request sent, awaiting response... 302 FOUND
Location: https://web.archive.org/web/20251230080141im_/https://s.nmxc.ltd/sakurairo_vision/@3.0/basic/puff-load.svg [following]
--2026-09-17 00:11:21--  https://web.archive.org/web/20251230080141im_/https://s.nmxc.ltd/sakurairo_vision/@3.0/basic/puff-load.svg
Reusing existing connection to web.archive.org:443.
HTTP request sent, awaiting response... 200 OK
Length: unspecified [image/svg+xml]
Saving to: ‘blog.epheia.moe/web.archive.org/web/20251230100138im_/https:/s.nmxc.ltd/sakurairo_vision/@3.0/basic/puff-load.svg’

     0K .                                                       349M=0s

2026-09-17 00:11:22 (349 MB/s) - ‘blog.epheia.moe/web.archive.org/web/20251230100138im_/https:/s.nmxc.ltd/sakurairo_vision/@3.0/basic/puff-load.svg’ saved [1463]

--2026-09-17 00:11:23--  https://web.archive.org/web/20251230100138im_/https://blog.epheia.moe/
Reusing existing connection to web.archive.org:443.
HTTP request sent, awaiting response... 200 OK
Length: unspecified [text/html]
Saving to: ‘blog.epheia.moe/web.archive.org/web/20251230100138im_/https:/blog.epheia.moe/index.html’

     0K .......... .......... .......... .......... .......... 5.30M
    50K .......... .......... .......... .......... .......... 3.42M
   100K .......... .......... .......... .......... ..........  508K
   150K .......... .......... .......... .......... .......... 25.1M
   200K .......... .......... .......... .......... ..........  882K
   250K .....                                                  14.0M=0.2s

Last-modified header missing -- time-stamps turned off.
2026-09-17 00:11:23 (1.38 MB/s) - ‘blog.epheia.moe/web.archive.org/web/20251230100138im_/https:/blog.epheia.moe/index.html’ saved [261844]

--2026-09-17 00:11:24--  https://web.archive.org/web/20251230100138im_/https://s.nmxc.ltd/sakurairo_vision/@3.0/basic/add.svg
Reusing existing connection to web.archive.org:443.
HTTP request sent, awaiting response... 302 FOUND
Location: https://web.archive.org/web/20260105220038im_/https://s.nmxc.ltd/sakurairo_vision/@3.0/basic/add.svg [following]
--2026-09-17 00:11:26--  https://web.archive.org/web/20260105220038im_/https://s.nmxc.ltd/sakurairo_vision/@3.0/basic/add.svg
Reusing existing connection to web.archive.org:443.
HTTP request sent, awaiting response... 504 Gateway Time-out
Retrying.

--2026-09-17 00:11:27--  (try: 2)  https://web.archive.org/web/20260105220038im_/https://s.nmxc.ltd/sakurairo_vision/@3.0/basic/add.svg
Reusing existing connection to web.archive.org:443.
HTTP request sent, awaiting response... 504 Gateway Time-out
Retrying.

--2026-09-17 00:11:29--  (try: 3)  https://web.archive.org/web/20260105220038im_/https://s.nmxc.ltd/sakurairo_vision/@3.0/basic/add.svg
Reusing existing connection to web.archive.org:443.
HTTP request sent, awaiting response... 504 Gateway Time-out
Retrying.

--2026-09-17 00:11:33--  (try: 4)  https://web.archive.org/web/20260105220038im_/https://s.nmxc.ltd/sakurairo_vision/@3.0/basic/add.svg
Reusing existing connection to web.archive.org:443.
HTTP request sent, awaiting response... 504 Gateway Time-out
Retrying.

--2026-09-17 00:11:37--  (try: 5)  https://web.archive.org/web/20260105220038im_/https://s.nmxc.ltd/sakurairo_vision/@3.0/basic/add.svg
Reusing existing connection to web.archive.org:443.
HTTP request sent, awaiting response... 504 Gateway Time-out
Giving up.

--2026-09-17 00:11:38--  https://web.archive.org/web/20251230100138im_/https://s.nmxc.ltd/sakurairo_vision/@3.0/basic/grid.png
Reusing existing connection to web.archive.org:443.
HTTP request sent, awaiting response... 302 FOUND
Location: https://web.archive.org/web/20251229104233im_/https://s.nmxc.ltd/sakurairo_vision/@3.0/basic/grid.png [following]
--2026-09-17 00:11:40--  https://web.archive.org/web/20251229104233im_/https://s.nmxc.ltd/sakurairo_vision/@3.0/basic/grid.png
Reusing existing connection to web.archive.org:443.
HTTP request sent, awaiting response... 200 OK
Length: 125 [image/png]
Saving to: ‘blog.epheia.moe/web.archive.org/web/20251230100138im_/https:/s.nmxc.ltd/sakurairo_vision/@3.0/basic/grid.png’

     0K                                                       100% 19.9M=0s

2026-09-17 00:11:40 (19.9 MB/s) - ‘blog.epheia.moe/web.archive.org/web/20251230100138im_/https:/s.nmxc.ltd/sakurairo_vision/@3.0/basic/grid.png’ saved [125/125]

--2026-09-17 00:11:41--  https://web.archive.org/web/20251230100138im_/https://s.nmxc.ltd/sakurairo_vision/@3.0/basic/dot.gif
Reusing existing connection to web.archive.org:443.
HTTP request sent, awaiting response... 302 FOUND
Location: https://web.archive.org/web/20260105220034im_/https://s.nmxc.ltd/sakurairo_vision/@3.0/basic/dot.gif [following]
--2026-09-17 00:11:43--  https://web.archive.org/web/20260105220034im_/https://s.nmxc.ltd/sakurairo_vision/@3.0/basic/dot.gif
Reusing existing connection to web.archive.org:443.
HTTP request sent, awaiting response... 504 Gateway Time-out
Retrying.

--2026-09-17 00:11:44--  (try: 2)  https://web.archive.org/web/20260105220034im_/https://s.nmxc.ltd/sakurairo_vision/@3.0/basic/dot.gif
Reusing existing connection to web.archive.org:443.
HTTP request sent, awaiting response... 504 Gateway Time-out
Retrying.

--2026-09-17 00:11:46--  (try: 3)  https://web.archive.org/web/20260105220034im_/https://s.nmxc.ltd/sakurairo_vision/@3.0/basic/dot.gif
Reusing existing connection to web.archive.org:443.
HTTP request sent, awaiting response... 504 Gateway Time-out
Retrying.

--2026-09-17 00:11:50--  (try: 4)  https://web.archive.org/web/20260105220034im_/https://s.nmxc.ltd/sakurairo_vision/@3.0/basic/dot.gif
Reusing existing connection to web.archive.org:443.
HTTP request sent, awaiting response... 504 Gateway Time-out
Retrying.

--2026-09-17 00:11:54--  (try: 5)  https://web.archive.org/web/20260105220034im_/https://s.nmxc.ltd/sakurairo_vision/@3.0/basic/dot.gif
Reusing existing connection to web.archive.org:443.
HTTP request sent, awaiting response... 504 Gateway Time-out
Giving up.

--2026-09-17 00:11:55--  https://web.archive.org/web/20251230100138im_/https://s.nmxc.ltd/sakurairo_vision/@3.0/basic/play.svg
Reusing existing connection to web.archive.org:443.
HTTP request sent, awaiting response... 302 FOUND
Location: https://web.archive.org/web/20260105220035im_/https://s.nmxc.ltd/sakurairo_vision/@3.0/basic/play.svg [following]
--2026-09-17 00:11:56--  https://web.archive.org/web/20260105220035im_/https://s.nmxc.ltd/sakurairo_vision/@3.0/basic/play.svg
Reusing existing connection to web.archive.org:443.
HTTP request sent, awaiting response... 504 Gateway Time-out
Retrying.

--2026-09-17 00:11:58--  (try: 2)  https://web.archive.org/web/20260105220035im_/https://s.nmxc.ltd/sakurairo_vision/@3.0/basic/play.svg
Reusing existing connection to web.archive.org:443.
HTTP request sent, awaiting response... 504 Gateway Time-out
Retrying.

--2026-09-17 00:12:00--  (try: 3)  https://web.archive.org/web/20260105220035im_/https://s.nmxc.ltd/sakurairo_vision/@3.0/basic/play.svg
Reusing existing connection to web.archive.org:443.
HTTP request sent, awaiting response... 504 Gateway Time-out
Retrying.

--2026-09-17 00:12:04--  (try: 4)  https://web.archive.org/web/20260105220035im_/https://s.nmxc.ltd/sakurairo_vision/@3.0/basic/play.svg
Reusing existing connection to web.archive.org:443.
HTTP request sent, awaiting response... 504 Gateway Time-out
Retrying.

--2026-09-17 00:12:08--  (try: 5)  https://web.archive.org/web/20260105220035im_/https://s.nmxc.ltd/sakurairo_vision/@3.0/basic/play.svg
Reusing existing connection to web.archive.org:443.
HTTP request sent, awaiting response... 504 Gateway Time-out
Giving up.

--2026-09-17 00:12:09--  https://web.archive.org/web/20251230100138im_/https://s.nmxc.ltd/sakurairo_vision/@3.0/basic/pause.svg
Reusing existing connection to web.archive.org:443.
HTTP request sent, awaiting response... 302 FOUND
Location: https://web.archive.org/web/20260105220036im_/https://s.nmxc.ltd/sakurairo_vision/@3.0/basic/pause.svg [following]
--2026-09-17 00:12:10--  https://web.archive.org/web/20260105220036im_/https://s.nmxc.ltd/sakurairo_vision/@3.0/basic/pause.svg
Reusing existing connection to web.archive.org:443.
HTTP request sent, awaiting response... 200 OK
Length: 462 [image/svg+xml]
Saving to: ‘blog.epheia.moe/web.archive.org/web/20251230100138im_/https:/s.nmxc.ltd/sakurairo_vision/@3.0/basic/pause.svg’

     0K                                                       100%  147M=0s

2026-09-17 00:12:11 (147 MB/s) - ‘blog.epheia.moe/web.archive.org/web/20251230100138im_/https:/s.nmxc.ltd/sakurairo_vision/@3.0/basic/pause.svg’ saved [462/462]

--2026-09-17 00:12:11--  https://web.archive.org/web/20251230100138im_/https://blog.epheia.moe/wp-content/uploads/2025/11/cropped-1762012142-android-chrome-512x512-1-32x32.png
Reusing existing connection to web.archive.org:443.
HTTP request sent, awaiting response... 302 FOUND
Location: https://web.archive.org/web/20251228064049im_/https://blog.epheia.moe/wp-content/uploads/2025/11/cropped-1762012142-android-chrome-512x512-1-32x32.png [following]
--2026-09-17 00:12:13--  https://web.archive.org/web/20251228064049im_/https://blog.epheia.moe/wp-content/uploads/2025/11/cropped-1762012142-android-chrome-512x512-1-32x32.png
Reusing existing connection to web.archive.org:443.
HTTP request sent, awaiting response... 200 OK
Length: unspecified [image/png]
Saving to: ‘blog.epheia.moe/web.archive.org/web/20251230100138im_/https:/blog.epheia.moe/wp-content/uploads/2025/11/cropped-1762012142-android-chrome-512x512-1-32x32.png’

     0K ..                                                      129M=0s

2026-09-17 00:12:13 (129 MB/s) - ‘blog.epheia.moe/web.archive.org/web/20251230100138im_/https:/blog.epheia.moe/wp-content/uploads/2025/11/cropped-1762012142-android-chrome-512x512-1-32x32.png’ saved [2172]

--2026-09-17 00:12:14--  https://web.archive.org/web/20251230100138im_/https://blog.epheia.moe/wp-content/uploads/2025/11/cropped-1762012142-android-chrome-512x512-1-192x192.png
Reusing existing connection to web.archive.org:443.
HTTP request sent, awaiting response... 302 FOUND
Location: https://web.archive.org/web/20251228064049im_/https://blog.epheia.moe/wp-content/uploads/2025/11/cropped-1762012142-android-chrome-512x512-1-192x192.png [following]
--2026-09-17 00:12:15--  https://web.archive.org/web/20251228064049im_/https://blog.epheia.moe/wp-content/uploads/2025/11/cropped-1762012142-android-chrome-512x512-1-192x192.png
Reusing existing connection to web.archive.org:443.
HTTP request sent, awaiting response... 200 OK
Length: unspecified [image/png]
Saving to: ‘blog.epheia.moe/web.archive.org/web/20251230100138im_/https:/blog.epheia.moe/wp-content/uploads/2025/11/cropped-1762012142-android-chrome-512x512-1-192x192.png’

     0K .......... .......... .......... .......... ...        4.76M=0.009s

2026-09-17 00:12:16 (4.76 MB/s) - ‘blog.epheia.moe/web.archive.org/web/20251230100138im_/https:/blog.epheia.moe/wp-content/uploads/2025/11/cropped-1762012142-android-chrome-512x512-1-192x192.png’ saved [44033]

--2026-09-17 00:12:17--  https://web.archive.org/web/20251230100138im_/https://blog.epheia.moe/wp-content/uploads/2025/11/cropped-1762012142-android-chrome-512x512-1-180x180.png
Reusing existing connection to web.archive.org:443.
HTTP request sent, awaiting response... 302 FOUND
Location: https://web.archive.org/web/20251228064049im_/https://blog.epheia.moe/wp-content/uploads/2025/11/cropped-1762012142-android-chrome-512x512-1-180x180.png [following]
--2026-09-17 00:12:18--  https://web.archive.org/web/20251228064049im_/https://blog.epheia.moe/wp-content/uploads/2025/11/cropped-1762012142-android-chrome-512x512-1-180x180.png
Reusing existing connection to web.archive.org:443.
HTTP request sent, awaiting response... 200 OK
Length: unspecified [image/png]
Saving to: ‘blog.epheia.moe/web.archive.org/web/20251230100138im_/https:/blog.epheia.moe/wp-content/uploads/2025/11/cropped-1762012142-android-chrome-512x512-1-180x180.png’

     0K .......... .......... .......... ........              37.1M=0.001s

2026-09-17 00:12:18 (37.1 MB/s) - ‘blog.epheia.moe/web.archive.org/web/20251230100138im_/https:/blog.epheia.moe/wp-content/uploads/2025/11/cropped-1762012142-android-chrome-512x512-1-180x180.png’ saved [39892]

--2026-09-17 00:12:19--  https://web.archive.org/web/20251230100138js_/https://blog.epheia.moe/wp-content/themes/Sakurairo/js/nav.js
Reusing existing connection to web.archive.org:443.
HTTP request sent, awaiting response... 302 FOUND
Location: https://web.archive.org/web/20251228064049js_/https://blog.epheia.moe/wp-content/themes/Sakurairo/js/nav.js [following]
--2026-09-17 00:12:20--  https://web.archive.org/web/20251228064049js_/https://blog.epheia.moe/wp-content/themes/Sakurairo/js/nav.js
Reusing existing connection to web.archive.org:443.
HTTP request sent, awaiting response... 200 OK
Length: unspecified [application/javascript]
Saving to: ‘blog.epheia.moe/web.archive.org/web/20251230100138js_/https:/blog.epheia.moe/wp-content/themes/Sakurairo/js/nav.js’

     0K .......... .......... .......... .......... .......... 11.9M
    50K ....                                                   85.4K=0.004s

2026-09-17 00:12:21 (12.9 MB/s) - ‘blog.epheia.moe/web.archive.org/web/20251230100138js_/https:/blog.epheia.moe/wp-content/themes/Sakurairo/js/nav.js’ saved [55572]

--2026-09-17 00:12:21--  https://web.archive.org/web/20251230100138im_/https://blog.epheia.moe/wp-content/uploads/2025/11/1762012142-android-chrome-512x512-1.png
Reusing existing connection to web.archive.org:443.
HTTP request sent, awaiting response... 302 FOUND
Location: https://web.archive.org/web/20251228064044im_/https://blog.epheia.moe/wp-content/uploads/2025/11/1762012142-android-chrome-512x512-1.png [following]
--2026-09-17 00:12:23--  https://web.archive.org/web/20251228064044im_/https://blog.epheia.moe/wp-content/uploads/2025/11/1762012142-android-chrome-512x512-1.png
Reusing existing connection to web.archive.org:443.
HTTP request sent, awaiting response... 200 OK
Length: unspecified [image/png]
Saving to: ‘blog.epheia.moe/web.archive.org/web/20251230100138im_/https:/blog.epheia.moe/wp-content/uploads/2025/11/1762012142-android-chrome-512x512-1.png’

     0K .......... .......... .......... .......... .......... 7.06M
    50K .......... .......... .......... .......... .......... 4.03M
   100K .......... .......... .......... .......... .......... 5.60M
   150K .......... .......... .......... .......... .......... 12.3M
   200K .......... .......... .......... .......... .......... 5.29M
   250K .......... .......... .......... .......... .......... 4.58M
   300K .......... .......... .......... .......... .......... 14.5M
   350K ....                                                   91.2K=0.05s

2026-09-17 00:12:23 (6.30 MB/s) - ‘blog.epheia.moe/web.archive.org/web/20251230100138im_/https:/blog.epheia.moe/wp-content/uploads/2025/11/1762012142-android-chrome-512x512-1.png’ saved [363070]

--2026-09-17 00:12:24--  https://web.archive.org/web/20251230100138im_/https://blog.epheia.moe/wp-content/uploads/2025/10/1761925036-Image_1761925021241.jpg
Reusing existing connection to web.archive.org:443.
HTTP request sent, awaiting response... 302 FOUND
Location: https://web.archive.org/web/20251228064044im_/https://blog.epheia.moe/wp-content/uploads/2025/10/1761925036-Image_1761925021241.jpg [following]
--2026-09-17 00:12:26--  https://web.archive.org/web/20251228064044im_/https://blog.epheia.moe/wp-content/uploads/2025/10/1761925036-Image_1761925021241.jpg
Reusing existing connection to web.archive.org:443.
HTTP request sent, awaiting response... 200 OK
Length: unspecified [image/jpeg]
Saving to: ‘blog.epheia.moe/web.archive.org/web/20251230100138im_/https:/blog.epheia.moe/wp-content/uploads/2025/10/1761925036-Image_1761925021241.jpg’

     0K .......... .......... .......... .......... .......... 4.48M
    50K .                                                      22.5K=0.01s

2026-09-17 00:12:26 (4.58 MB/s) - ‘blog.epheia.moe/web.archive.org/web/20251230100138im_/https:/blog.epheia.moe/wp-content/uploads/2025/10/1761925036-Image_1761925021241.jpg’ saved [52353]

--2026-09-17 00:12:27--  https://web.archive.org/web/20251230100138im_/https://s.nmxc.ltd/sakurairo_vision/@3.0/display_icon/fluent_design/tw.webp
Reusing existing connection to web.archive.org:443.
HTTP request sent, awaiting response... 302 FOUND
Location: https://web.archive.org/web/20251228064045im_/https://s.nmxc.ltd/sakurairo_vision/@3.0/display_icon/fluent_design/tw.webp [following]
--2026-09-17 00:12:29--  https://web.archive.org/web/20251228064045im_/https://s.nmxc.ltd/sakurairo_vision/@3.0/display_icon/fluent_design/tw.webp
Reusing existing connection to web.archive.org:443.
HTTP request sent, awaiting response... 200 OK
Length: 6706 (6.5K) [image/webp]
Saving to: ‘blog.epheia.moe/web.archive.org/web/20251230100138im_/https:/s.nmxc.ltd/sakurairo_vision/@3.0/display_icon/fluent_design/tw.webp’

     0K ......                                                100% 1.04G=0s

2026-09-17 00:12:30 (1.04 GB/s) - ‘blog.epheia.moe/web.archive.org/web/20251230100138im_/https:/s.nmxc.ltd/sakurairo_vision/@3.0/display_icon/fluent_design/tw.webp’ saved [6706/6706]

--2026-09-17 00:12:30--  https://web.archive.org/web/20251230100138im_/https://s.nmxc.ltd/sakurairo_vision/@3.0/display_icon/fluent_design/mail.webp
Reusing existing connection to web.archive.org:443.
HTTP request sent, awaiting response... 302 FOUND
Location: https://web.archive.org/web/20251230154414im_/https://s.nmxc.ltd/sakurairo_vision/@3.0/display_icon/fluent_design/mail.webp [following]
--2026-09-17 00:12:32--  https://web.archive.org/web/20251230154414im_/https://s.nmxc.ltd/sakurairo_vision/@3.0/display_icon/fluent_design/mail.webp
Reusing existing connection to web.archive.org:443.
HTTP request sent, awaiting response... 200 OK
Length: 6446 (6.3K) [image/webp]
Saving to: ‘blog.epheia.moe/web.archive.org/web/20251230100138im_/https:/s.nmxc.ltd/sakurairo_vision/@3.0/display_icon/fluent_design/mail.webp’

     0K ......                                                100% 1.00G=0s

2026-09-17 00:12:32 (1.00 GB/s) - ‘blog.epheia.moe/web.archive.org/web/20251230100138im_/https:/s.nmxc.ltd/sakurairo_vision/@3.0/display_icon/fluent_design/mail.webp’ saved [6446/6446]

--2026-09-17 00:12:33--  https://web.archive.org/web/20251230100138/https://blog.epheia.moe/a/author/epheia/
Reusing existing connection to web.archive.org:443.
HTTP request sent, awaiting response... 302 FOUND
Location: https://web.archive.org/web/20260210034219/https://blog.epheia.moe/a/author/epheia/ [following]
--2026-09-17 00:12:35--  https://web.archive.org/web/20260210034219/https://blog.epheia.moe/a/author/epheia/
Reusing existing connection to web.archive.org:443.
HTTP request sent, awaiting response... 200 OK
Length: unspecified [text/html]
Saving to: ‘blog.epheia.moe/web.archive.org/web/20251230100138/https:/blog.epheia.moe/a/author/epheia/index.html’

     0K .......... .......... .......... .......... .......... 28.0M
    50K .......... .......... .......... .......... .......... 42.6M
   100K .......... .......... .......... .......... .......... 7.78M
   150K .......... .......... .......... .......... .......... 24.7M
   200K .......... .......... .......... .......... .......... 5.74M
   250K .......                                                13.8M=0.02s

Last-modified header missing -- time-stamps turned off.
2026-09-17 00:12:35 (12.5 MB/s) - ‘blog.epheia.moe/web.archive.org/web/20251230100138/https:/blog.epheia.moe/a/author/epheia/index.html’ saved [263829]

--2026-09-17 00:12:36--  https://web.archive.org/web/20251230100138/https://blog.epheia.moe/a/shuoshuo/210/
Reusing existing connection to web.archive.org:443.
HTTP request sent, awaiting response... 302 FOUND
Location: https://web.archive.org/web/20251230010614/https://blog.epheia.moe/a/shuoshuo/210 [following]
--2026-09-17 00:12:37--  https://web.archive.org/web/20251230010614/https://blog.epheia.moe/a/shuoshuo/210
Reusing existing connection to web.archive.org:443.
HTTP request sent, awaiting response... 200 OK
Length: unspecified [text/html]
Saving to: ‘blog.epheia.moe/web.archive.org/web/20251230100138/https:/blog.epheia.moe/a/shuoshuo/210/index.html’

     0K .......... .......... .......... .......... .......... 5.68M
    50K .......... .......... .......... .......... .......... 3.84M
   100K .......... .......... .......... .......... ..........  472K
   150K .......... .......... .......... .......... .......... 28.0M
   200K .......... .......... .......... .......... .......     988K=0.2s

Last-modified header missing -- time-stamps turned off.
2026-09-17 00:12:38 (1.37 MB/s) - ‘blog.epheia.moe/web.archive.org/web/20251230100138/https:/blog.epheia.moe/a/shuoshuo/210/index.html’ saved [253449]

--2026-09-17 00:12:38--  https://web.archive.org/web/20251230100138im_/https://blog.epheia.moe/wp-content/uploads/2025/12/1765116127-Screenshot_20251207_144919-1024x960.jpg
Reusing existing connection to web.archive.org:443.
HTTP request sent, awaiting response... 302 FOUND
Location: https://web.archive.org/web/20251230010620im_/https://blog.epheia.moe/wp-content/uploads/2025/12/1765116127-Screenshot_20251207_144919-1024x960.jpg [following]
--2026-09-17 00:12:40--  https://web.archive.org/web/20251230010620im_/https://blog.epheia.moe/wp-content/uploads/2025/12/1765116127-Screenshot_20251207_144919-1024x960.jpg
Reusing existing connection to web.archive.org:443.
HTTP request sent, awaiting response... 200 OK
Length: unspecified [image/jpeg]
Saving to: ‘blog.epheia.moe/web.archive.org/web/20251230100138im_/https:/blog.epheia.moe/wp-content/uploads/2025/12/1765116127-Screenshot_20251207_144919-1024x960.jpg’

     0K .......... .......... .......... .......... .......... 3.51M
    50K .......... .......... .......... .......... .......... 3.05M
   100K .......... .......... .......... ...                   6.84M=0.03s

2026-09-17 00:12:40 (3.76 MB/s) - ‘blog.epheia.moe/web.archive.org/web/20251230100138im_/https:/blog.epheia.moe/wp-content/uploads/2025/12/1765116127-Screenshot_20251207_144919-1024x960.jpg’ saved [137102]

--2026-09-17 00:12:41--  https://web.archive.org/web/20251230100138im_/https://blog.epheia.moe/wp-content/uploads/2025/12/1765116127-Screenshot_20251207_144919-300x281.jpg
Reusing existing connection to web.archive.org:443.
HTTP request sent, awaiting response... 302 FOUND
Location: https://web.archive.org/web/20251230010620im_/https://blog.epheia.moe/wp-content/uploads/2025/12/1765116127-Screenshot_20251207_144919-300x281.jpg [following]
--2026-09-17 00:12:42--  https://web.archive.org/web/20251230010620im_/https://blog.epheia.moe/wp-content/uploads/2025/12/1765116127-Screenshot_20251207_144919-300x281.jpg
Reusing existing connection to web.archive.org:443.
HTTP request sent, awaiting response... 200 OK
Length: unspecified [image/jpeg]
Saving to: ‘blog.epheia.moe/web.archive.org/web/20251230100138im_/https:/blog.epheia.moe/wp-content/uploads/2025/12/1765116127-Screenshot_20251207_144919-300x281.jpg’

     0K .......... .......... ..                               18.7M=0.001s

2026-09-17 00:12:42 (18.7 MB/s) - ‘blog.epheia.moe/web.archive.org/web/20251230100138im_/https:/blog.epheia.moe/wp-content/uploads/2025/12/1765116127-Screenshot_20251207_144919-300x281.jpg’ saved [23369]

--2026-09-17 00:12:43--  https://web.archive.org/web/20251230100138im_/https://blog.epheia.moe/wp-content/uploads/2025/12/1765116127-Screenshot_20251207_144919-768x720.jpg
Reusing existing connection to web.archive.org:443.
HTTP request sent, awaiting response... 302 FOUND
Location: https://web.archive.org/web/20251230010620im_/https://blog.epheia.moe/wp-content/uploads/2025/12/1765116127-Screenshot_20251207_144919-768x720.jpg [following]
--2026-09-17 00:12:44--  https://web.archive.org/web/20251230010620im_/https://blog.epheia.moe/wp-content/uploads/2025/12/1765116127-Screenshot_20251207_144919-768x720.jpg
Reusing existing connection to web.archive.org:443.
HTTP request sent, awaiting response... 200 OK
Length: unspecified [image/jpeg]
Saving to: ‘blog.epheia.moe/web.archive.org/web/20251230100138im_/https:/blog.epheia.moe/wp-content/uploads/2025/12/1765116127-Screenshot_20251207_144919-768x720.jpg’

     0K .......... .......... .......... .......... .......... 17.6M
    50K .......... .......... .......... ......                12.7M=0.006s

2026-09-17 00:12:45 (15.1 MB/s) - ‘blog.epheia.moe/web.archive.org/web/20251230100138im_/https:/blog.epheia.moe/wp-content/uploads/2025/12/1765116127-Screenshot_20251207_144919-768x720.jpg’ saved [88282]

--2026-09-17 00:12:45--  https://web.archive.org/web/20251230100138im_/https://blog.epheia.moe/wp-content/uploads/2025/12/1765116127-Screenshot_20251207_144919.jpg
Reusing existing connection to web.archive.org:443.
HTTP request sent, awaiting response... 302 FOUND
Location: https://web.archive.org/web/20251230010620im_/https://blog.epheia.moe/wp-content/uploads/2025/12/1765116127-Screenshot_20251207_144919.jpg [following]
--2026-09-17 00:12:47--  https://web.archive.org/web/20251230010620im_/https://blog.epheia.moe/wp-content/uploads/2025/12/1765116127-Screenshot_20251207_144919.jpg
Reusing existing connection to web.archive.org:443.
HTTP request sent, awaiting response... 200 OK
Length: unspecified [image/jpeg]
Saving to: ‘blog.epheia.moe/web.archive.org/web/20251230100138im_/https:/blog.epheia.moe/wp-content/uploads/2025/12/1765116127-Screenshot_20251207_144919.jpg’

     0K .......... .......... .......... .......... .......... 3.68M
    50K .......... .......... .......... .......... .......... 5.02M
   100K .......... .......... .......... .......... .......... 2.92M
   150K .......... .......... .......... .......... .......... 2.83M
   200K .......... .......... .......... .......... .......... 7.09M
   250K .......... .......... .......... .......... .......... 3.22M
   300K .......... .......... .......... .......... ..........  301K
   350K .......... .......... .......... .......... .......... 25.9M
   400K .......... .......... .......... .......... .......... 40.8M
   450K .......... .......... .......... .......... .......... 2.76M
   500K .......... .......... .......... .......... .......... 6.91M
   550K .......... .......... .......... ...                   37.5M=0.3s

2026-09-17 00:12:47 (2.08 MB/s) - ‘blog.epheia.moe/web.archive.org/web/20251230100138im_/https:/blog.epheia.moe/wp-content/uploads/2025/12/1765116127-Screenshot_20251207_144919.jpg’ saved [597209]

--2026-09-17 00:12:49--  https://web.archive.org/web/20251230100138im_/https://blog.epheia.moe/wp-content/uploads/2025/12/1765116133-Screenshot_20251207_144931-1024x399.jpg
Reusing existing connection to web.archive.org:443.
HTTP request sent, awaiting response... 302 FOUND
Location: https://web.archive.org/web/20251230010620im_/https://blog.epheia.moe/wp-content/uploads/2025/12/1765116133-Screenshot_20251207_144931-1024x399.jpg [following]
--2026-09-17 00:12:50--  https://web.archive.org/web/20251230010620im_/https://blog.epheia.moe/wp-content/uploads/2025/12/1765116133-Screenshot_20251207_144931-1024x399.jpg
Reusing existing connection to web.archive.org:443.
HTTP request sent, awaiting response... 200 OK
Length: unspecified [image/jpeg]
Saving to: ‘blog.epheia.moe/web.archive.org/web/20251230100138im_/https:/blog.epheia.moe/wp-content/uploads/2025/12/1765116133-Screenshot_20251207_144931-1024x399.jpg’

     0K .......... .......... .......... .......... .......... 22.4M
    50K ..                                                     45.3K=0.002s

2026-09-17 00:12:50 (23.4 MB/s) - ‘blog.epheia.moe/web.archive.org/web/20251230100138im_/https:/blog.epheia.moe/wp-content/uploads/2025/12/1765116133-Screenshot_20251207_144931-1024x399.jpg’ saved [53521]

--2026-09-17 00:12:51--  https://web.archive.org/web/20251230100138im_/https://blog.epheia.moe/wp-content/uploads/2025/12/1765116133-Screenshot_20251207_144931-300x117.jpg
Reusing existing connection to web.archive.org:443.
HTTP request sent, awaiting response... 302 FOUND
Location: https://web.archive.org/web/20251230010620im_/https://blog.epheia.moe/wp-content/uploads/2025/12/1765116133-Screenshot_20251207_144931-300x117.jpg [following]
--2026-09-17 00:12:52--  https://web.archive.org/web/20251230010620im_/https://blog.epheia.moe/wp-content/uploads/2025/12/1765116133-Screenshot_20251207_144931-300x117.jpg
Reusing existing connection to web.archive.org:443.
HTTP request sent, awaiting response... 200 OK
Length: unspecified [image/jpeg]
Saving to: ‘blog.epheia.moe/web.archive.org/web/20251230100138im_/https:/blog.epheia.moe/wp-content/uploads/2025/12/1765116133-Screenshot_20251207_144931-300x117.jpg’

     0K ........                                                889M=0s

2026-09-17 00:12:52 (889 MB/s) - ‘blog.epheia.moe/web.archive.org/web/20251230100138im_/https:/blog.epheia.moe/wp-content/uploads/2025/12/1765116133-Screenshot_20251207_144931-300x117.jpg’ saved [8393]

--2026-09-17 00:12:52--  https://web.archive.org/web/20251230100138im_/https://blog.epheia.moe/wp-content/uploads/2025/12/1765116133-Screenshot_20251207_144931-768x299.jpg
Reusing existing connection to web.archive.org:443.
HTTP request sent, awaiting response... 302 FOUND
Location: https://web.archive.org/web/20251230010620im_/https://blog.epheia.moe/wp-content/uploads/2025/12/1765116133-Screenshot_20251207_144931-768x299.jpg [following]
--2026-09-17 00:12:54--  https://web.archive.org/web/20251230010620im_/https://blog.epheia.moe/wp-content/uploads/2025/12/1765116133-Screenshot_20251207_144931-768x299.jpg
Reusing existing connection to web.archive.org:443.
HTTP request sent, awaiting response... 200 OK
Length: unspecified [image/jpeg]
Saving to: ‘blog.epheia.moe/web.archive.org/web/20251230100138im_/https:/blog.epheia.moe/wp-content/uploads/2025/12/1765116133-Screenshot_20251207_144931-768x299.jpg’

     0K .......... .......... .......... ...                   14.7M=0.002s

2026-09-17 00:12:54 (14.7 MB/s) - ‘blog.epheia.moe/web.archive.org/web/20251230100138im_/https:/blog.epheia.moe/wp-content/uploads/2025/12/1765116133-Screenshot_20251207_144931-768x299.jpg’ saved [34322]

--2026-09-17 00:12:55--  https://web.archive.org/web/20251230100138im_/https://blog.epheia.moe/wp-content/uploads/2025/12/1765116133-Screenshot_20251207_144931.jpg
Reusing existing connection to web.archive.org:443.
HTTP request sent, awaiting response... 302 FOUND
Location: https://web.archive.org/web/20251230010620im_/https://blog.epheia.moe/wp-content/uploads/2025/12/1765116133-Screenshot_20251207_144931.jpg [following]
--2026-09-17 00:12:56--  https://web.archive.org/web/20251230010620im_/https://blog.epheia.moe/wp-content/uploads/2025/12/1765116133-Screenshot_20251207_144931.jpg
Reusing existing connection to web.archive.org:443.
HTTP request sent, awaiting response... 200 OK
Length: unspecified [image/jpeg]
Saving to: ‘blog.epheia.moe/web.archive.org/web/20251230100138im_/https:/blog.epheia.moe/wp-content/uploads/2025/12/1765116133-Screenshot_20251207_144931.jpg’

     0K .......... .......... .......... .......... .......... 8.02M
    50K .......... .......... .......... .......... .......... 6.07M
   100K .......... .......... .......... .......... .......... 4.67M
   150K .......... .......... .......... .......... .......... 8.33M
   200K                                                        13.2K=0.03s

2026-09-17 00:12:57 (6.44 MB/s) - ‘blog.epheia.moe/web.archive.org/web/20251230100138im_/https:/blog.epheia.moe/wp-content/uploads/2025/12/1765116133-Screenshot_20251207_144931.jpg’ saved [205476]

--2026-09-17 00:12:58--  https://web.archive.org/web/20251230100138im_/https://blog.epheia.moe/wp-content/uploads/2025/12/1765116140-20251207_135058-788x1024.jpg
Reusing existing connection to web.archive.org:443.
HTTP request sent, awaiting response... 302 FOUND
Location: https://web.archive.org/web/20251230010626im_/https://blog.epheia.moe/wp-content/uploads/2025/12/1765116140-20251207_135058-788x1024.jpg [following]
--2026-09-17 00:13:00--  https://web.archive.org/web/20251230010626im_/https://blog.epheia.moe/wp-content/uploads/2025/12/1765116140-20251207_135058-788x1024.jpg
Reusing existing connection to web.archive.org:443.
HTTP request sent, awaiting response... 200 OK
Length: unspecified [image/jpeg]
Saving to: ‘blog.epheia.moe/web.archive.org/web/20251230100138im_/https:/blog.epheia.moe/wp-content/uploads/2025/12/1765116140-20251207_135058-788x1024.jpg’

     0K .......... .......... .......... .......... .......... 18.6M
    50K .......... .......... .......... .......... .......    11.2M=0.007s

2026-09-17 00:13:00 (14.0 MB/s) - ‘blog.epheia.moe/web.archive.org/web/20251230100138im_/https:/blog.epheia.moe/wp-content/uploads/2025/12/1765116140-20251207_135058-788x1024.jpg’ saved [100251]

--2026-09-17 00:13:01--  https://web.archive.org/web/20251230100138im_/https://blog.epheia.moe/wp-content/uploads/2025/12/1765116140-20251207_135058-231x300.jpg
Reusing existing connection to web.archive.org:443.
HTTP request sent, awaiting response... 302 FOUND
Location: https://web.archive.org/web/20251230010626im_/https://blog.epheia.moe/wp-content/uploads/2025/12/1765116140-20251207_135058-231x300.jpg [following]
--2026-09-17 00:13:03--  https://web.archive.org/web/20251230010626im_/https://blog.epheia.moe/wp-content/uploads/2025/12/1765116140-20251207_135058-231x300.jpg
Reusing existing connection to web.archive.org:443.
HTTP request sent, awaiting response... 200 OK
Length: unspecified [image/jpeg]
Saving to: ‘blog.epheia.moe/web.archive.org/web/20251230100138im_/https:/blog.epheia.moe/wp-content/uploads/2025/12/1765116140-20251207_135058-231x300.jpg’

     0K .......... ........                                    18.8M=0.001s

2026-09-17 00:13:03 (18.8 MB/s) - ‘blog.epheia.moe/web.archive.org/web/20251230100138im_/https:/blog.epheia.moe/wp-content/uploads/2025/12/1765116140-20251207_135058-231x300.jpg’ saved [19191]

--2026-09-17 00:13:04--  https://web.archive.org/web/20251230100138im_/https://blog.epheia.moe/wp-content/uploads/2025/12/1765116140-20251207_135058-768x998.jpg
Reusing existing connection to web.archive.org:443.
HTTP request sent, awaiting response... 302 FOUND
Location: https://web.archive.org/web/20251230010626im_/https://blog.epheia.moe/wp-content/uploads/2025/12/1765116140-20251207_135058-768x998.jpg [following]
--2026-09-17 00:13:05--  https://web.archive.org/web/20251230010626im_/https://blog.epheia.moe/wp-content/uploads/2025/12/1765116140-20251207_135058-768x998.jpg
Reusing existing connection to web.archive.org:443.
HTTP request sent, awaiting response... 200 OK
Length: unspecified [image/jpeg]
Saving to: ‘blog.epheia.moe/web.archive.org/web/20251230100138im_/https:/blog.epheia.moe/wp-content/uploads/2025/12/1765116140-20251207_135058-768x998.jpg’

     0K .......... .......... .......... .......... .......... 5.12M
    50K .......... .......... .......... .......... ....       21.6M=0.01s

2026-09-17 00:13:06 (7.97 MB/s) - ‘blog.epheia.moe/web.archive.org/web/20251230100138im_/https:/blog.epheia.moe/wp-content/uploads/2025/12/1765116140-20251207_135058-768x998.jpg’ saved [96420]

--2026-09-17 00:13:07--  https://web.archive.org/web/20251230100138im_/https://blog.epheia.moe/wp-content/uploads/2025/12/1765116140-20251207_135058.jpg
Reusing existing connection to web.archive.org:443.
HTTP request sent, awaiting response... 302 FOUND
Location: https://web.archive.org/web/20251230010626im_/https://blog.epheia.moe/wp-content/uploads/2025/12/1765116140-20251207_135058.jpg [following]
--2026-09-17 00:13:08--  https://web.archive.org/web/20251230010626im_/https://blog.epheia.moe/wp-content/uploads/2025/12/1765116140-20251207_135058.jpg
Reusing existing connection to web.archive.org:443.
HTTP request sent, awaiting response... 200 OK
Length: unspecified [image/jpeg]
Saving to: ‘blog.epheia.moe/web.archive.org/web/20251230100138im_/https:/blog.epheia.moe/wp-content/uploads/2025/12/1765116140-20251207_135058.jpg’

     0K .......... .......... .......... .......... .......... 11.3M
    50K .......... .......... .......... .......... .......... 5.89M
   100K .......... .......... .....                            3.66M=0.02s

2026-09-17 00:13:09 (6.31 MB/s) - ‘blog.epheia.moe/web.archive.org/web/20251230100138im_/https:/blog.epheia.moe/wp-content/uploads/2025/12/1765116140-20251207_135058.jpg’ saved [128532]

--2026-09-17 00:13:09--  https://web.archive.org/web/20251230100138/https://blog.epheia.moe/a/shuoshuo/%e5%88%9a%e6%90%ad%e5%a5%bd%e7%8a%b6%e6%80%81%e9%a1%b5%e5%b0%b1%e6%9c%89%e7%94%a8%e4%ba%86/
Reusing existing connection to web.archive.org:443.
HTTP request sent, awaiting response... 302 FOUND
Location: https://web.archive.org/web/20251228102112/https://blog.epheia.moe/a/shuoshuo/%e5%88%9a%e6%90%ad%e5%a5%bd%e7%8a%b6%e6%80%81%e9%a1%b5%e5%b0%b1%e6%9c%89%e7%94%a8%e4%ba%86 [following]
--2026-09-17 00:13:11--  https://web.archive.org/web/20251228102112/https://blog.epheia.moe/a/shuoshuo/%e5%88%9a%e6%90%ad%e5%a5%bd%e7%8a%b6%e6%80%81%e9%a1%b5%e5%b0%b1%e6%9c%89%e7%94%a8%e4%ba%86
Reusing existing connection to web.archive.org:443.
HTTP request sent, awaiting response... 200 OK
Length: unspecified [text/html]
Saving to: ‘blog.epheia.moe/web.archive.org/web/20251230100138/https:/blog.epheia.moe/a/shuoshuo/刚搭好状态页就有用了/index.html’

     0K .......... .......... .......... .......... .......... 8.46M
    50K .......... .......... .......... .......... ..........  525K
   100K .......... .......... .......... .......... .......... 5.42M
   150K .......... .......... .......... .......... .......... 6.60M
   200K .......... .......... .......... .......... ........   14.6M=0.1s

Last-modified header missing -- time-stamps turned off.
2026-09-17 00:13:12 (2.01 MB/s) - ‘blog.epheia.moe/web.archive.org/web/20251230100138/https:/blog.epheia.moe/a/shuoshuo/刚搭好状态页就有用了/index.html’ saved [254305]

--2026-09-17 00:13:13--  https://web.archive.org/web/20251230100138im_/https://blog.epheia.moe/wp-content/uploads/2025/12/1765113079-%E5%B1%8F%E5%B9%95%E6%88%AA%E5%9B%BE-2025-12-07-202338-1024x546.png
Reusing existing connection to web.archive.org:443.
HTTP request sent, awaiting response... 302 FOUND
Location: https://web.archive.org/web/20251230010626im_/https://blog.epheia.moe/wp-content/uploads/2025/12/1765113079-%E5%B1%8F%E5%B9%95%E6%88%AA%E5%9B%BE-2025-12-07-202338-1024x546.png [following]
--2026-09-17 00:13:14--  https://web.archive.org/web/20251230010626im_/https://blog.epheia.moe/wp-content/uploads/2025/12/1765113079-%E5%B1%8F%E5%B9%95%E6%88%AA%E5%9B%BE-2025-12-07-202338-1024x546.png
Reusing existing connection to web.archive.org:443.
HTTP request sent, awaiting response... 200 OK
Length: unspecified [image/png]
Saving to: ‘blog.epheia.moe/web.archive.org/web/20251230100138im_/https:/blog.epheia.moe/wp-content/uploads/2025/12/1765113079-屏幕截图-2025-12-07-202338-1024x546.png’

     0K .......... .......... .......... .......... .........  6.08M=0.008s

2026-09-17 00:13:14 (6.08 MB/s) - ‘blog.epheia.moe/web.archive.org/web/20251230100138im_/https:/blog.epheia.moe/wp-content/uploads/2025/12/1765113079-屏幕截图-2025-12-07-202338-1024x546.png’ saved [50760]

--2026-09-17 00:13:16--  https://web.archive.org/web/20251230100138im_/https://blog.epheia.moe/wp-content/uploads/2025/12/1765113079-%E5%B1%8F%E5%B9%95%E6%88%AA%E5%9B%BE-2025-12-07-202338-300x160.png
Reusing existing connection to web.archive.org:443.
HTTP request sent, awaiting response... 302 FOUND
Location: https://web.archive.org/web/20251230100139im_/https://blog.epheia.moe/wp-content/uploads/2025/12/1765113079-%E5%B1%8F%E5%B9%95%E6%88%AA%E5%9B%BE-2025-12-07-202338-300x160.png [following]
--2026-09-17 00:13:17--  https://web.archive.org/web/20251230100139im_/https://blog.epheia.moe/wp-content/uploads/2025/12/1765113079-%E5%B1%8F%E5%B9%95%E6%88%AA%E5%9B%BE-2025-12-07-202338-300x160.png
Reusing existing connection to web.archive.org:443.
HTTP request sent, awaiting response... 200 OK
Length: unspecified [image/png]
Saving to: ‘blog.epheia.moe/web.archive.org/web/20251230100138im_/https:/blog.epheia.moe/wp-content/uploads/2025/12/1765113079-屏幕截图-2025-12-07-202338-300x160.png’

     0K .........                                              1.24G=0s

2026-09-17 00:13:17 (1.24 GB/s) - ‘blog.epheia.moe/web.archive.org/web/20251230100138im_/https:/blog.epheia.moe/wp-content/uploads/2025/12/1765113079-屏幕截图-2025-12-07-202338-300x160.png’ saved [9289]

--2026-09-17 00:13:18--  https://web.archive.org/web/20251230100138im_/https://blog.epheia.moe/wp-content/uploads/2025/12/1765113079-%E5%B1%8F%E5%B9%95%E6%88%AA%E5%9B%BE-2025-12-07-202338-768x409.png
Reusing existing connection to web.archive.org:443.
HTTP request sent, awaiting response... 302 FOUND
Location: https://web.archive.org/web/20251230100139im_/https://blog.epheia.moe/wp-content/uploads/2025/12/1765113079-%E5%B1%8F%E5%B9%95%E6%88%AA%E5%9B%BE-2025-12-07-202338-768x409.png [following]
--2026-09-17 00:13:20--  https://web.archive.org/web/20251230100139im_/https://blog.epheia.moe/wp-content/uploads/2025/12/1765113079-%E5%B1%8F%E5%B9%95%E6%88%AA%E5%9B%BE-2025-12-07-202338-768x409.png
Reusing existing connection to web.archive.org:443.
HTTP request sent, awaiting response... 200 OK
Length: unspecified [image/png]
Saving to: ‘blog.epheia.moe/web.archive.org/web/20251230100138im_/https:/blog.epheia.moe/wp-content/uploads/2025/12/1765113079-屏幕截图-2025-12-07-202338-768x409.png’

     0K .......... .......... .......... ..                    9.45M=0.003s

2026-09-17 00:13:21 (9.45 MB/s) - ‘blog.epheia.moe/web.archive.org/web/20251230100138im_/https:/blog.epheia.moe/wp-content/uploads/2025/12/1765113079-屏幕截图-2025-12-07-202338-768x409.png’ saved [33624]

--2026-09-17 00:13:22--  https://web.archive.org/web/20251230100138im_/https://blog.epheia.moe/wp-content/uploads/2025/12/1765113079-%E5%B1%8F%E5%B9%95%E6%88%AA%E5%9B%BE-2025-12-07-202338-1536x819.png
Reusing existing connection to web.archive.org:443.
HTTP request sent, awaiting response... 302 FOUND
Location: https://web.archive.org/web/20251230100139im_/https://blog.epheia.moe/wp-content/uploads/2025/12/1765113079-%E5%B1%8F%E5%B9%95%E6%88%AA%E5%9B%BE-2025-12-07-202338-1536x819.png [following]
--2026-09-17 00:13:23--  https://web.archive.org/web/20251230100139im_/https://blog.epheia.moe/wp-content/uploads/2025/12/1765113079-%E5%B1%8F%E5%B9%95%E6%88%AA%E5%9B%BE-2025-12-07-202338-1536x819.png
Reusing existing connection to web.archive.org:443.
HTTP request sent, awaiting response... 200 OK
Length: unspecified [image/png]
Saving to: ‘blog.epheia.moe/web.archive.org/web/20251230100138im_/https:/blog.epheia.moe/wp-content/uploads/2025/12/1765113079-屏幕截图-2025-12-07-202338-1536x819.png’

     0K .......... .......... .......... .......... .......... 5.17M
    50K .......... .......... .......... .....                 7.42M=0.01s

2026-09-17 00:13:23 (5.92 MB/s) - ‘blog.epheia.moe/web.archive.org/web/20251230100138im_/https:/blog.epheia.moe/wp-content/uploads/2025/12/1765113079-屏幕截图-2025-12-07-202338-1536x819.png’ saved [87945]

--2026-09-17 00:13:24--  https://web.archive.org/web/20251230100138im_/https://blog.epheia.moe/wp-content/uploads/2025/12/1765113079-%E5%B1%8F%E5%B9%95%E6%88%AA%E5%9B%BE-2025-12-07-202338.png
Reusing existing connection to web.archive.org:443.
HTTP request sent, awaiting response... 302 FOUND
Location: https://web.archive.org/web/20251230100139im_/https://blog.epheia.moe/wp-content/uploads/2025/12/1765113079-%E5%B1%8F%E5%B9%95%E6%88%AA%E5%9B%BE-2025-12-07-202338.png [following]
--2026-09-17 00:13:25--  https://web.archive.org/web/20251230100139im_/https://blog.epheia.moe/wp-content/uploads/2025/12/1765113079-%E5%B1%8F%E5%B9%95%E6%88%AA%E5%9B%BE-2025-12-07-202338.png
Reusing existing connection to web.archive.org:443.
HTTP request sent, awaiting response... 200 OK
Length: unspecified [image/png]
Saving to: ‘blog.epheia.moe/web.archive.org/web/20251230100138im_/https:/blog.epheia.moe/wp-content/uploads/2025/12/1765113079-屏幕截图-2025-12-07-202338.png’

     0K .......... .......... .......... .......... .......... 39.1M
    50K .......... .......... ..                               98.8M=0.001s

2026-09-17 00:13:26 (48.2 MB/s) - ‘blog.epheia.moe/web.archive.org/web/20251230100138im_/https:/blog.epheia.moe/wp-content/uploads/2025/12/1765113079-屏幕截图-2025-12-07-202338.png’ saved [74413]

--2026-09-17 00:13:27--  https://web.archive.org/web/20251230100138/https://blog.epheia.moe/a/140
Reusing existing connection to web.archive.org:443.
HTTP request sent, awaiting response... 302 FOUND
Location: https://web.archive.org/web/20260206162955/https://blog.epheia.moe/a/140 [following]
--2026-09-17 00:13:28--  https://web.archive.org/web/20260206162955/https://blog.epheia.moe/a/140
Reusing existing connection to web.archive.org:443.
HTTP request sent, awaiting response... 200 OK
Length: unspecified [text/html]
Saving to: ‘blog.epheia.moe/web.archive.org/web/20251230100138/https:/blog.epheia.moe/a/140.html’

     0K .......... .......... .......... .......... .......... 2.85M
    50K .......... .......... .......... .......... .......... 6.35M
   100K .......... .......... .......... .......... .......... 12.1M
   150K .......... .......... .......... .......... .......... 9.06M
   200K .......... .......... .......... .........             5.79M=0.04s

Last-modified header missing -- time-stamps turned off.
2026-09-17 00:13:28 (5.72 MB/s) - ‘blog.epheia.moe/web.archive.org/web/20251230100138/https:/blog.epheia.moe/a/140.html’ saved [245679]

--2026-09-17 00:13:30--  https://web.archive.org/web/20251230100138/https://blog.epheia.moe/a/119
Reusing existing connection to web.archive.org:443.
HTTP request sent, awaiting response... 302 FOUND
Location: https://web.archive.org/web/20251228064038/https://blog.epheia.moe/a/119 [following]
--2026-09-17 00:13:31--  https://web.archive.org/web/20251228064038/https://blog.epheia.moe/a/119
Reusing existing connection to web.archive.org:443.
HTTP request sent, awaiting response... 200 OK
Length: unspecified [text/html]
Saving to: ‘blog.epheia.moe/web.archive.org/web/20251230100138/https:/blog.epheia.moe/a/119.html’

     0K .......... .......... .......... .......... .......... 6.40M
    50K .......... .......... .......... .......... .......... 5.44M
   100K .......... .......... .......... .......... .......... 4.86M
   150K .......... .......... .......... .......... ..........  543K
   200K .......... .......... .......... .......... .......... 27.6M
   250K .......... .                                           25.6M=0.1s

Last-modified header missing -- time-stamps turned off.
2026-09-17 00:13:32 (2.11 MB/s) - ‘blog.epheia.moe/web.archive.org/web/20251230100138/https:/blog.epheia.moe/a/119.html’ saved [267287]

--2026-09-17 00:13:33--  https://web.archive.org/web/20251230100138/https://blog.epheia.moe/a/6
Reusing existing connection to web.archive.org:443.
HTTP request sent, awaiting response... 302 FOUND
Location: https://web.archive.org/web/20260222105121/https://blog.epheia.moe/a/6 [following]
--2026-09-17 00:13:35--  https://web.archive.org/web/20260222105121/https://blog.epheia.moe/a/6
Reusing existing connection to web.archive.org:443.
HTTP request sent, awaiting response... 200 OK
Length: unspecified [text/html]
Saving to: ‘blog.epheia.moe/web.archive.org/web/20251230100138/https:/blog.epheia.moe/a/6.html’

     0K .......... .......... .......... .......... .......... 5.35M
    50K .......... .......... .......... .......... .......... 1.68M
   100K .......... .......... .......... .......... .......... 17.7M
   150K .......... .......... .......... .......... .......... 20.2M
   200K .......... .......... .......... .......               14.8M=0.05s

Last-modified header missing -- time-stamps turned off.
2026-09-17 00:13:35 (5.07 MB/s) - ‘blog.epheia.moe/web.archive.org/web/20251230100138/https:/blog.epheia.moe/a/6.html’ saved [243548]

--2026-09-17 00:13:36--  https://web.archive.org/web/20251230100138js_/https://blog.epheia.moe/wp-content/themes/Sakurairo/js/polyfill.js?ver=3.0.4
Reusing existing connection to web.archive.org:443.
HTTP request sent, awaiting response... 302 FOUND
Location: https://web.archive.org/web/20251228064049js_/https://blog.epheia.moe/wp-content/themes/Sakurairo/js/polyfill.js?ver=3.0.4 [following]
--2026-09-17 00:13:38--  https://web.archive.org/web/20251228064049js_/https://blog.epheia.moe/wp-content/themes/Sakurairo/js/polyfill.js?ver=3.0.4
Reusing existing connection to web.archive.org:443.
HTTP request sent, awaiting response... 200 OK
Length: unspecified [application/javascript]
Saving to: ‘blog.epheia.moe/web.archive.org/web/20251230100138js_/https:/blog.epheia.moe/wp-content/themes/Sakurairo/js/polyfill.js?ver=3.0.4’

     0K .......... .......... ...                              79.8M=0s

2026-09-17 00:13:38 (79.8 MB/s) - ‘blog.epheia.moe/web.archive.org/web/20251230100138js_/https:/blog.epheia.moe/wp-content/themes/Sakurairo/js/polyfill.js?ver=3.0.4’ saved [23938]

--2026-09-17 00:13:40--  https://web.archive.org/web/20251230100138js_/https://blog.epheia.moe/wp-content/themes/Sakurairo/js/app.js?ver=3.0.4
Reusing existing connection to web.archive.org:443.
HTTP request sent, awaiting response... 302 FOUND
Location: https://web.archive.org/web/20251228064049js_/https://blog.epheia.moe/wp-content/themes/Sakurairo/js/app.js?ver=3.0.4 [following]
--2026-09-17 00:13:42--  https://web.archive.org/web/20251228064049js_/https://blog.epheia.moe/wp-content/themes/Sakurairo/js/app.js?ver=3.0.4
Reusing existing connection to web.archive.org:443.
HTTP request sent, awaiting response... 200 OK
Length: unspecified [application/javascript]
Saving to: ‘blog.epheia.moe/web.archive.org/web/20251230100138js_/https:/blog.epheia.moe/wp-content/themes/Sakurairo/js/app.js?ver=3.0.4’

     0K .......... .......... .......... .......... .......... 27.4M
    50K .......... .........                                   71.8M=0.002s

2026-09-17 00:13:42 (33.0 MB/s) - ‘blog.epheia.moe/web.archive.org/web/20251230100138js_/https:/blog.epheia.moe/wp-content/themes/Sakurairo/js/app.js?ver=3.0.4’ saved [70764]

--2026-09-17 00:13:43--  https://web.archive.org/web/20251230100138js_/https://s.nmxc.ltd/sakurairo/@3.0.4/js/smoothscroll.js?ver=3.0.4
Reusing existing connection to web.archive.org:443.
HTTP request sent, awaiting response... 302 FOUND
Location: https://web.archive.org/web/20251230124755js_/https://s.nmxc.ltd/sakurairo/@3.0.4/js/smoothscroll.js?ver=3.0.4 [following]
--2026-09-17 00:13:45--  https://web.archive.org/web/20251230124755js_/https://s.nmxc.ltd/sakurairo/@3.0.4/js/smoothscroll.js?ver=3.0.4
Reusing existing connection to web.archive.org:443.
HTTP request sent, awaiting response... 200 OK
Length: unspecified [application/javascript]
Saving to: ‘blog.epheia.moe/web.archive.org/web/20251230100138js_/https:/s.nmxc.ltd/sakurairo/@3.0.4/js/smoothscroll.js?ver=3.0.4’

     0K .......... ...                                         59.7M=0s

2026-09-17 00:13:46 (59.7 MB/s) - ‘blog.epheia.moe/web.archive.org/web/20251230100138js_/https:/s.nmxc.ltd/sakurairo/@3.0.4/js/smoothscroll.js?ver=3.0.4’ saved [13705]

--2026-09-17 00:13:47--  https://web.archive.org/web/20251230100138/https://blog.epheia.moe/a/date/2025/10/
Reusing existing connection to web.archive.org:443.
HTTP request sent, awaiting response... 302 FOUND
Location: https://web.archive.org/web/20260103055039/https://blog.epheia.moe/a/date/2025/10/ [following]
--2026-09-17 00:13:48--  https://web.archive.org/web/20260103055039/https://blog.epheia.moe/a/date/2025/10/
Reusing existing connection to web.archive.org:443.
HTTP request sent, awaiting response... 200 OK
Length: unspecified [text/html]
Saving to: ‘blog.epheia.moe/web.archive.org/web/20251230100138/https:/blog.epheia.moe/a/date/2025/10/index.html’

     0K .......... .......... .......... .......... .......... 4.78M
    50K .......... .......... .......... .......... .......... 18.3M
   100K .......... .......... .......... .......... .......... 7.12M
   150K .......... .......... .......... .......... .......... 5.34M
   200K .......... .......... .......... ........              9.23M=0.03s

Last-modified header missing -- time-stamps turned off.
2026-09-17 00:13:49 (7.06 MB/s) - ‘blog.epheia.moe/web.archive.org/web/20251230100138/https:/blog.epheia.moe/a/date/2025/10/index.html’ saved [244070]

--2026-09-17 00:13:50--  https://web.archive.org/web/20251228102112/https://s4.zstatic.net/
Reusing existing connection to web.archive.org:443.
HTTP request sent, awaiting response... 302 FOUND
Location: https://web.archive.org/web/20260104163124/https://s4.zstatic.net/ [following]
--2026-09-17 00:13:52--  https://web.archive.org/web/20260104163124/https://s4.zstatic.net/
Reusing existing connection to web.archive.org:443.
HTTP request sent, awaiting response... 200 OK
Length: unspecified [application/json]
Saving to: ‘blog.epheia.moe/web.archive.org/web/20251228102112/https:/s4.zstatic.net/index.html’

     0K                                                        11.4M=0s

2026-09-17 00:13:52 (11.4 MB/s) - ‘blog.epheia.moe/web.archive.org/web/20251228102112/https:/s4.zstatic.net/index.html’ saved [36]

--2026-09-17 00:13:53--  https://web.archive.org/web/20251228102112/https://s4.zstatic.net/ajax/libs/font-awesome/6.7.2/css/all.min.css
Reusing existing connection to web.archive.org:443.
HTTP request sent, awaiting response... 302 FOUND
Location: https://web.archive.org/web/20251228091021/https://s4.zstatic.net/ajax/libs/font-awesome/6.7.2/css/all.min.css [following]
--2026-09-17 00:13:55--  https://web.archive.org/web/20251228091021/https://s4.zstatic.net/ajax/libs/font-awesome/6.7.2/css/all.min.css
Reusing existing connection to web.archive.org:443.
HTTP request sent, awaiting response... 200 OK
Length: unspecified [text/css]
Saving to: ‘blog.epheia.moe/web.archive.org/web/20251228102112/https:/s4.zstatic.net/ajax/libs/font-awesome/6.7.2/css/all.min.css’

     0K .......... .......... .......... .......... .......... 6.51M
    50K .......... .......... ...                              6.44M=0.01s

2026-09-17 00:13:56 (6.49 MB/s) - ‘blog.epheia.moe/web.archive.org/web/20251228102112/https:/s4.zstatic.net/ajax/libs/font-awesome/6.7.2/css/all.min.css’ saved [75768]

--2026-09-17 00:13:57--  https://web.archive.org/web/20251228102112cs_/https://s4.zstatic.net/ajax/libs/font-awesome/6.7.2/css/all.min.css
Reusing existing connection to web.archive.org:443.
HTTP request sent, awaiting response... 302 FOUND
Location: https://web.archive.org/web/20251228091021cs_/https://s4.zstatic.net/ajax/libs/font-awesome/6.7.2/css/all.min.css [following]
--2026-09-17 00:13:58--  https://web.archive.org/web/20251228091021cs_/https://s4.zstatic.net/ajax/libs/font-awesome/6.7.2/css/all.min.css
Reusing existing connection to web.archive.org:443.
HTTP request sent, awaiting response... 200 OK
Length: unspecified [text/css]
Saving to: ‘blog.epheia.moe/web.archive.org/web/20251228102112cs_/https:/s4.zstatic.net/ajax/libs/font-awesome/6.7.2/css/all.min.css’

     0K .......... .......... .......... .......... .......... 7.67M
    50K .......... .......... ...                              7.09M=0.01s

2026-09-17 00:13:58 (7.47 MB/s) - ‘blog.epheia.moe/web.archive.org/web/20251228102112cs_/https:/s4.zstatic.net/ajax/libs/font-awesome/6.7.2/css/all.min.css’ saved [75766]

--2026-09-17 00:13:59--  https://web.archive.org/web/20251228102112im_/https://s.nmxc.ltd/sakurairo_vision/@3.0/basic/favicon.ico
Reusing existing connection to web.archive.org:443.
HTTP request sent, awaiting response... 302 FOUND
Location: https://web.archive.org/web/20251227171140im_/https://s.nmxc.ltd/sakurairo_vision/@3.0/basic/favicon.ico [following]
--2026-09-17 00:14:01--  https://web.archive.org/web/20251227171140im_/https://s.nmxc.ltd/sakurairo_vision/@3.0/basic/favicon.ico
Reusing existing connection to web.archive.org:443.
HTTP request sent, awaiting response... 200 OK
Length: 160814 (157K) [image/x-icon]
Saving to: ‘blog.epheia.moe/web.archive.org/web/20251228102112im_/https:/s.nmxc.ltd/sakurairo_vision/@3.0/basic/favicon.ico’

     0K .......... .......... .......... .......... .......... 31% 11.4M 0s
    50K .......... .......... .......... .......... .......... 63% 1.95M 0s
   100K .......... .......... .......... .......... .......... 95% 31.9M 0s
   150K .......                                               100%  141K=0.03s

2026-09-17 00:14:01 (4.97 MB/s) - ‘blog.epheia.moe/web.archive.org/web/20251228102112im_/https:/s.nmxc.ltd/sakurairo_vision/@3.0/basic/favicon.ico’ saved [160814/160814]

--2026-09-17 00:14:02--  https://web.archive.org/web/20251228102112/https://blog.epheia.moe/
Reusing existing connection to web.archive.org:443.
HTTP request sent, awaiting response... 302 FOUND
Location: https://web.archive.org/web/20251227031920/https://blog.epheia.moe/ [following]
--2026-09-17 00:14:03--  https://web.archive.org/web/20251227031920/https://blog.epheia.moe/
Reusing existing connection to web.archive.org:443.
HTTP request sent, awaiting response... 200 OK
Length: unspecified [text/html]
Saving to: ‘blog.epheia.moe/web.archive.org/web/20251228102112/https:/blog.epheia.moe/index.html’

     0K .......... .......... .......... .......... .......... 21.9M
    50K .......... .......... .......... .......... .......... 30.4M
   100K .......... .......... .......... .......... .......... 12.5M
   150K .......... .......... .......... .......... .......... 9.79M
   200K .......... .......... .......... .......... .......... 12.6M
   250K ......                                                 15.0M=0.02s

Last-modified header missing -- time-stamps turned off.
2026-09-17 00:14:03 (14.7 MB/s) - ‘blog.epheia.moe/web.archive.org/web/20251228102112/https:/blog.epheia.moe/index.html’ saved [262762]

--2026-09-17 00:14:04--  https://web.archive.org/web/20251228102112/https://s.nmxc.ltd/
Reusing existing connection to web.archive.org:443.
HTTP request sent, awaiting response... 302 FOUND
Location: https://web.archive.org/web/20251225101737/https://s.nmxc.ltd/ [following]
--2026-09-17 00:14:06--  https://web.archive.org/web/20251225101737/https://s.nmxc.ltd/
Reusing existing connection to web.archive.org:443.
HTTP request sent, awaiting response... 200 OK
Length: unspecified [text/html]
Saving to: ‘blog.epheia.moe/web.archive.org/web/20251228102112/https:/s.nmxc.ltd/index.html’

     0K ..                                                      264M=0s

2026-09-17 00:14:06 (264 MB/s) - ‘blog.epheia.moe/web.archive.org/web/20251228102112/https:/s.nmxc.ltd/index.html’ saved [2211]

--2026-09-17 00:14:07--  https://web.archive.org/web/20251228102112/https://blog.epheia.moe/wp-content/themes/Sakurairo/css/?iro_header&github&no_wave&minify&3.0.4
Reusing existing connection to web.archive.org:443.
HTTP request sent, awaiting response... 302 FOUND
Location: https://web.archive.org/web/20251227031920/https://blog.epheia.moe/wp-content/themes/Sakurairo/css/?iro_header&github&no_wave&minify&3.0.4 [following]
--2026-09-17 00:14:08--  https://web.archive.org/web/20251227031920/https://blog.epheia.moe/wp-content/themes/Sakurairo/css/?iro_header&github&no_wave&minify&3.0.4
Reusing existing connection to web.archive.org:443.
HTTP request sent, awaiting response... 200 OK
Length: unspecified [text/css]
Saving to: ‘blog.epheia.moe/web.archive.org/web/20251228102112/https:/blog.epheia.moe/wp-content/themes/Sakurairo/css/index.html?iro_header&github&no_wave&minify&3.0.4.css’

     0K .......... .......... .......... .......... .......... 2.98M
    50K .......... .......... .......... .......... .......... 25.7M
   100K .......... .......... .......... .......... .......... 9.20M
   150K .......                                                26.1M=0.02s

Last-modified header missing -- time-stamps turned off.
2026-09-17 00:14:08 (6.45 MB/s) - ‘blog.epheia.moe/web.archive.org/web/20251228102112/https:/blog.epheia.moe/wp-content/themes/Sakurairo/css/index.html?iro_header&github&no_wave&minify&3.0.4.css’ saved [161511]

--2026-09-17 00:14:09--  https://web.archive.org/web/20251228102112cs_/https://blog.epheia.moe/wp-content/themes/Sakurairo/css/?iro_header&github&no_wave&minify&3.0.4
Reusing existing connection to web.archive.org:443.
HTTP request sent, awaiting response... 302 FOUND
Location: https://web.archive.org/web/20251227031920cs_/https://blog.epheia.moe/wp-content/themes/Sakurairo/css/?iro_header&github&no_wave&minify&3.0.4 [following]
--2026-09-17 00:14:10--  https://web.archive.org/web/20251227031920cs_/https://blog.epheia.moe/wp-content/themes/Sakurairo/css/?iro_header&github&no_wave&minify&3.0.4
Reusing existing connection to web.archive.org:443.
HTTP request sent, awaiting response... 200 OK
Length: unspecified [text/css]
Saving to: ‘blog.epheia.moe/web.archive.org/web/20251228102112cs_/https:/blog.epheia.moe/wp-content/themes/Sakurairo/css/index.html?iro_header&github&no_wave&minify&3.0.4.css’

     0K .......... .......... .......... .......... .......... 19.5M
    50K .......... .......... .......... .......... .......... 9.22M
   100K .......... .......... .......... .......... .......... 27.4M
   150K .......                                                12.5M=0.01s

Last-modified header missing -- time-stamps turned off.
2026-09-17 00:14:11 (15.1 MB/s) - ‘blog.epheia.moe/web.archive.org/web/20251228102112cs_/https:/blog.epheia.moe/wp-content/themes/Sakurairo/css/index.html?iro_header&github&no_wave&minify&3.0.4.css’ saved [161510]

--2026-09-17 00:14:11--  https://web.archive.org/web/20251228102112/https://blog.epheia.moe/a/shuoshuo/%e5%88%9a%e6%90%ad%e5%a5%bd%e7%8a%b6%e6%80%81%e9%a1%b5%e5%b0%b1%e6%9c%89%e7%94%a8%e4%ba%86/
Reusing existing connection to web.archive.org:443.
HTTP request sent, awaiting response... 200 OK
Length: unspecified [text/html]
Saving to: ‘blog.epheia.moe/web.archive.org/web/20251228102112/https:/blog.epheia.moe/a/shuoshuo/刚搭好状态页就有用了/index.html’

     0K .......... .......... .......... .......... .......... 47.8M
    50K .......... .......... .......... .......... .......... 9.14M
   100K .......... .......... .......... .......... .......... 22.9M
   150K .......... .......... .......... .......... .......... 6.73M
   200K .......... .......... .......... .......... ........   20.4M=0.02s

Last-modified header missing -- time-stamps turned off.
2026-09-17 00:14:13 (13.4 MB/s) - ‘blog.epheia.moe/web.archive.org/web/20251228102112/https:/blog.epheia.moe/a/shuoshuo/刚搭好状态页就有用了/index.html’ saved [254310]

--2026-09-17 00:14:14--  https://web.archive.org/web/20251228102112im_/https://s.nmxc.ltd/sakurairo_vision/@3.0/basic/puff-load.svg
Reusing existing connection to web.archive.org:443.
HTTP request sent, awaiting response... 302 FOUND
Location: https://web.archive.org/web/20251228091025im_/https://s.nmxc.ltd/sakurairo_vision/@3.0/basic/puff-load.svg [following]
--2026-09-17 00:14:15--  https://web.archive.org/web/20251228091025im_/https://s.nmxc.ltd/sakurairo_vision/@3.0/basic/puff-load.svg
Reusing existing connection to web.archive.org:443.
HTTP request sent, awaiting response... 200 OK
Length: unspecified [image/svg+xml]
Saving to: ‘blog.epheia.moe/web.archive.org/web/20251228102112im_/https:/s.nmxc.ltd/sakurairo_vision/@3.0/basic/puff-load.svg’

     0K .                                                      49.8M=0s

2026-09-17 00:14:15 (49.8 MB/s) - ‘blog.epheia.moe/web.archive.org/web/20251228102112im_/https:/s.nmxc.ltd/sakurairo_vision/@3.0/basic/puff-load.svg’ saved [1463]

--2026-09-17 00:14:16--  https://web.archive.org/web/20251228102112im_/https://blog.epheia.moe/a/shuoshuo/%E5%88%9A%E6%90%AD%E5%A5%BD%E7%8A%B6%E6%80%81%E9%A1%B5%E5%B0%B1%E6%9C%89%E7%94%A8%E4%BA%86
Reusing existing connection to web.archive.org:443.
HTTP request sent, awaiting response... 200 OK
Length: unspecified [text/html]
Saving to: ‘blog.epheia.moe/web.archive.org/web/20251228102112im_/https:/blog.epheia.moe/a/shuoshuo/刚搭好状态页就有用了.html’

     0K .......... .......... .......... .......... .......... 33.9M
    50K .......... .......... .......... .......... .......... 31.5M
   100K .......... .......... .......... .......... .......... 8.38M
   150K .......... .......... .......... .......... .......... 31.0M
   200K .......... .......... .......... .......... ........   9.39M=0.02s

Last-modified header missing -- time-stamps turned off.
2026-09-17 00:14:16 (15.7 MB/s) - ‘blog.epheia.moe/web.archive.org/web/20251228102112im_/https:/blog.epheia.moe/a/shuoshuo/刚搭好状态页就有用了.html’ saved [254301]

--2026-09-17 00:14:17--  https://web.archive.org/web/20251228102112im_/https://s.nmxc.ltd/sakurairo_vision/@3.0/basic/add.svg
Reusing existing connection to web.archive.org:443.
HTTP request sent, awaiting response... 302 FOUND
Location: https://web.archive.org/web/20260105220038im_/https://s.nmxc.ltd/sakurairo_vision/@3.0/basic/add.svg [following]
--2026-09-17 00:14:19--  https://web.archive.org/web/20260105220038im_/https://s.nmxc.ltd/sakurairo_vision/@3.0/basic/add.svg
Reusing existing connection to web.archive.org:443.
HTTP request sent, awaiting response... 504 Gateway Time-out
Retrying.

--2026-09-17 00:14:20--  (try: 2)  https://web.archive.org/web/20260105220038im_/https://s.nmxc.ltd/sakurairo_vision/@3.0/basic/add.svg
Reusing existing connection to web.archive.org:443.
HTTP request sent, awaiting response... 504 Gateway Time-out
Retrying.

--2026-09-17 00:14:23--  (try: 3)  https://web.archive.org/web/20260105220038im_/https://s.nmxc.ltd/sakurairo_vision/@3.0/basic/add.svg
Reusing existing connection to web.archive.org:443.
HTTP request sent, awaiting response... 504 Gateway Time-out
Retrying.

--2026-09-17 00:14:26--  (try: 4)  https://web.archive.org/web/20260105220038im_/https://s.nmxc.ltd/sakurairo_vision/@3.0/basic/add.svg
Reusing existing connection to web.archive.org:443.
HTTP request sent, awaiting response... 504 Gateway Time-out
Retrying.

--2026-09-17 00:14:30--  (try: 5)  https://web.archive.org/web/20260105220038im_/https://s.nmxc.ltd/sakurairo_vision/@3.0/basic/add.svg
Reusing existing connection to web.archive.org:443.
HTTP request sent, awaiting response... 504 Gateway Time-out
Giving up.

--2026-09-17 00:14:31--  https://web.archive.org/web/20251228102112im_/https://s.nmxc.ltd/sakurairo_vision/@3.0/basic/grid.png
Reusing existing connection to web.archive.org:443.
HTTP request sent, awaiting response... 302 FOUND
Location: https://web.archive.org/web/20251229104233im_/https://s.nmxc.ltd/sakurairo_vision/@3.0/basic/grid.png [following]
--2026-09-17 00:14:36--  https://web.archive.org/web/20251229104233im_/https://s.nmxc.ltd/sakurairo_vision/@3.0/basic/grid.png
Reusing existing connection to web.archive.org:443.
HTTP request sent, awaiting response... 200 OK
Length: 125 [image/png]
Saving to: ‘blog.epheia.moe/web.archive.org/web/20251228102112im_/https:/s.nmxc.ltd/sakurairo_vision/@3.0/basic/grid.png’

     0K                                                       100% 59.6M=0s

2026-09-17 00:14:36 (59.6 MB/s) - ‘blog.epheia.moe/web.archive.org/web/20251228102112im_/https:/s.nmxc.ltd/sakurairo_vision/@3.0/basic/grid.png’ saved [125/125]

--2026-09-17 00:14:37--  https://web.archive.org/web/20251228102112im_/https://s.nmxc.ltd/sakurairo_vision/@3.0/basic/dot.gif
Reusing existing connection to web.archive.org:443.
HTTP request sent, awaiting response... 302 FOUND
Location: https://web.archive.org/web/20260105220034im_/https://s.nmxc.ltd/sakurairo_vision/@3.0/basic/dot.gif [following]
--2026-09-17 00:14:38--  https://web.archive.org/web/20260105220034im_/https://s.nmxc.ltd/sakurairo_vision/@3.0/basic/dot.gif
Reusing existing connection to web.archive.org:443.
HTTP request sent, awaiting response... 504 Gateway Time-out
Retrying.

--2026-09-17 00:14:40--  (try: 2)  https://web.archive.org/web/20260105220034im_/https://s.nmxc.ltd/sakurairo_vision/@3.0/basic/dot.gif
Reusing existing connection to web.archive.org:443.
HTTP request sent, awaiting response... 504 Gateway Time-out
Retrying.

--2026-09-17 00:14:42--  (try: 3)  https://web.archive.org/web/20260105220034im_/https://s.nmxc.ltd/sakurairo_vision/@3.0/basic/dot.gif
Reusing existing connection to web.archive.org:443.
HTTP request sent, awaiting response... 504 Gateway Time-out
Retrying.

--2026-09-17 00:14:46--  (try: 4)  https://web.archive.org/web/20260105220034im_/https://s.nmxc.ltd/sakurairo_vision/@3.0/basic/dot.gif
Reusing existing connection to web.archive.org:443.
HTTP request sent, awaiting response... 504 Gateway Time-out
Retrying.

--2026-09-17 00:14:50--  (try: 5)  https://web.archive.org/web/20260105220034im_/https://s.nmxc.ltd/sakurairo_vision/@3.0/basic/dot.gif
Reusing existing connection to web.archive.org:443.
HTTP request sent, awaiting response... 504 Gateway Time-out
Giving up.

--2026-09-17 00:14:51--  https://web.archive.org/web/20251228102112im_/https://s.nmxc.ltd/sakurairo_vision/@3.0/basic/play.svg
Reusing existing connection to web.archive.org:443.
HTTP request sent, awaiting response... 302 FOUND
Location: https://web.archive.org/web/20260105220035im_/https://s.nmxc.ltd/sakurairo_vision/@3.0/basic/play.svg [following]
--2026-09-17 00:14:52--  https://web.archive.org/web/20260105220035im_/https://s.nmxc.ltd/sakurairo_vision/@3.0/basic/play.svg
Reusing existing connection to web.archive.org:443.
HTTP request sent, awaiting response... 504 Gateway Time-out
Retrying.

--2026-09-17 00:14:54--  (try: 2)  https://web.archive.org/web/20260105220035im_/https://s.nmxc.ltd/sakurairo_vision/@3.0/basic/play.svg
Reusing existing connection to web.archive.org:443.
HTTP request sent, awaiting response... 504 Gateway Time-out
Retrying.

--2026-09-17 00:14:56--  (try: 3)  https://web.archive.org/web/20260105220035im_/https://s.nmxc.ltd/sakurairo_vision/@3.0/basic/play.svg
Reusing existing connection to web.archive.org:443.
HTTP request sent, awaiting response... 504 Gateway Time-out
Retrying.

--2026-09-17 00:15:00--  (try: 4)  https://web.archive.org/web/20260105220035im_/https://s.nmxc.ltd/sakurairo_vision/@3.0/basic/play.svg
Reusing existing connection to web.archive.org:443.
HTTP request sent, awaiting response... 504 Gateway Time-out
Retrying.

--2026-09-17 00:15:04--  (try: 5)  https://web.archive.org/web/20260105220035im_/https://s.nmxc.ltd/sakurairo_vision/@3.0/basic/play.svg
Reusing existing connection to web.archive.org:443.
HTTP request sent, awaiting response... 504 Gateway Time-out
Giving up.

--2026-09-17 00:15:05--  https://web.archive.org/web/20251228102112im_/https://s.nmxc.ltd/sakurairo_vision/@3.0/basic/pause.svg
Reusing existing connection to web.archive.org:443.
HTTP request sent, awaiting response... 302 FOUND
Location: https://web.archive.org/web/20260105220036im_/https://s.nmxc.ltd/sakurairo_vision/@3.0/basic/pause.svg [following]
--2026-09-17 00:15:06--  https://web.archive.org/web/20260105220036im_/https://s.nmxc.ltd/sakurairo_vision/@3.0/basic/pause.svg
Reusing existing connection to web.archive.org:443.
HTTP request sent, awaiting response... 200 OK
Length: 462 [image/svg+xml]
Saving to: ‘blog.epheia.moe/web.archive.org/web/20251228102112im_/https:/s.nmxc.ltd/sakurairo_vision/@3.0/basic/pause.svg’

     0K                                                       100%  147M=0s

2026-09-17 00:15:06 (147 MB/s) - ‘blog.epheia.moe/web.archive.org/web/20251228102112im_/https:/s.nmxc.ltd/sakurairo_vision/@3.0/basic/pause.svg’ saved [462/462]

--2026-09-17 00:15:08--  https://web.archive.org/web/20251228102112im_/https://blog.epheia.moe/wp-content/uploads/2025/11/cropped-1762012142-android-chrome-512x512-1-32x32.png
Reusing existing connection to web.archive.org:443.
HTTP request sent, awaiting response... 302 FOUND
Location: https://web.archive.org/web/20251228064049im_/https://blog.epheia.moe/wp-content/uploads/2025/11/cropped-1762012142-android-chrome-512x512-1-32x32.png [following]
--2026-09-17 00:15:10--  https://web.archive.org/web/20251228064049im_/https://blog.epheia.moe/wp-content/uploads/2025/11/cropped-1762012142-android-chrome-512x512-1-32x32.png
Reusing existing connection to web.archive.org:443.
HTTP request sent, awaiting response... 200 OK
Length: unspecified [image/png]
Saving to: ‘blog.epheia.moe/web.archive.org/web/20251228102112im_/https:/blog.epheia.moe/wp-content/uploads/2025/11/cropped-1762012142-android-chrome-512x512-1-32x32.png’

     0K ..                                                      345M=0s

2026-09-17 00:15:10 (345 MB/s) - ‘blog.epheia.moe/web.archive.org/web/20251228102112im_/https:/blog.epheia.moe/wp-content/uploads/2025/11/cropped-1762012142-android-chrome-512x512-1-32x32.png’ saved [2172]

--2026-09-17 00:15:11--  https://web.archive.org/web/20251228102112im_/https://blog.epheia.moe/wp-content/uploads/2025/11/cropped-1762012142-android-chrome-512x512-1-192x192.png
Reusing existing connection to web.archive.org:443.
HTTP request sent, awaiting response... 302 FOUND
Location: https://web.archive.org/web/20251228064049im_/https://blog.epheia.moe/wp-content/uploads/2025/11/cropped-1762012142-android-chrome-512x512-1-192x192.png [following]
--2026-09-17 00:15:13--  https://web.archive.org/web/20251228064049im_/https://blog.epheia.moe/wp-content/uploads/2025/11/cropped-1762012142-android-chrome-512x512-1-192x192.png
Reusing existing connection to web.archive.org:443.
HTTP request sent, awaiting response... 200 OK
Length: unspecified [image/png]
Saving to: ‘blog.epheia.moe/web.archive.org/web/20251228102112im_/https:/blog.epheia.moe/wp-content/uploads/2025/11/cropped-1762012142-android-chrome-512x512-1-192x192.png’

     0K .......... .......... .......... .......... ...        1.74M=0.02s

2026-09-17 00:15:13 (1.74 MB/s) - ‘blog.epheia.moe/web.archive.org/web/20251228102112im_/https:/blog.epheia.moe/wp-content/uploads/2025/11/cropped-1762012142-android-chrome-512x512-1-192x192.png’ saved [44033]

--2026-09-17 00:15:13--  https://web.archive.org/web/20251228102112im_/https://blog.epheia.moe/wp-content/uploads/2025/11/cropped-1762012142-android-chrome-512x512-1-180x180.png
Reusing existing connection to web.archive.org:443.
HTTP request sent, awaiting response... 302 FOUND
Location: https://web.archive.org/web/20251228064049im_/https://blog.epheia.moe/wp-content/uploads/2025/11/cropped-1762012142-android-chrome-512x512-1-180x180.png [following]
--2026-09-17 00:15:14--  https://web.archive.org/web/20251228064049im_/https://blog.epheia.moe/wp-content/uploads/2025/11/cropped-1762012142-android-chrome-512x512-1-180x180.png
Reusing existing connection to web.archive.org:443.
HTTP request sent, awaiting response... 200 OK
Length: unspecified [image/png]
Saving to: ‘blog.epheia.moe/web.archive.org/web/20251228102112im_/https:/blog.epheia.moe/wp-content/uploads/2025/11/cropped-1762012142-android-chrome-512x512-1-180x180.png’

     0K .......... .......... .......... ........               100M=0s

2026-09-17 00:15:15 (100 MB/s) - ‘blog.epheia.moe/web.archive.org/web/20251228102112im_/https:/blog.epheia.moe/wp-content/uploads/2025/11/cropped-1762012142-android-chrome-512x512-1-180x180.png’ saved [39892]

--2026-09-17 00:15:16--  https://web.archive.org/web/20251228102112js_/https://blog.epheia.moe/wp-content/themes/Sakurairo/js/nav.js
Reusing existing connection to web.archive.org:443.
HTTP request sent, awaiting response... 302 FOUND
Location: https://web.archive.org/web/20251228064049js_/https://blog.epheia.moe/wp-content/themes/Sakurairo/js/nav.js [following]
--2026-09-17 00:15:18--  https://web.archive.org/web/20251228064049js_/https://blog.epheia.moe/wp-content/themes/Sakurairo/js/nav.js
Reusing existing connection to web.archive.org:443.
HTTP request sent, awaiting response... 200 OK
Length: unspecified [application/javascript]
Saving to: ‘blog.epheia.moe/web.archive.org/web/20251228102112js_/https:/blog.epheia.moe/wp-content/themes/Sakurairo/js/nav.js’

     0K .......... .......... .......... .......... .......... 7.63M
    50K ....                                                   85.4K=0.006s

2026-09-17 00:15:18 (8.29 MB/s) - ‘blog.epheia.moe/web.archive.org/web/20251228102112js_/https:/blog.epheia.moe/wp-content/themes/Sakurairo/js/nav.js’ saved [55572]

--2026-09-17 00:15:19--  https://web.archive.org/web/20251228102112im_/https://blog.epheia.moe/wp-content/uploads/2025/11/1762012142-android-chrome-512x512-1.png
Reusing existing connection to web.archive.org:443.
HTTP request sent, awaiting response... 302 FOUND
Location: https://web.archive.org/web/20251228064044im_/https://blog.epheia.moe/wp-content/uploads/2025/11/1762012142-android-chrome-512x512-1.png [following]
--2026-09-17 00:15:20--  https://web.archive.org/web/20251228064044im_/https://blog.epheia.moe/wp-content/uploads/2025/11/1762012142-android-chrome-512x512-1.png
Reusing existing connection to web.archive.org:443.
HTTP request sent, awaiting response... 200 OK
Length: unspecified [image/png]
Saving to: ‘blog.epheia.moe/web.archive.org/web/20251228102112im_/https:/blog.epheia.moe/wp-content/uploads/2025/11/1762012142-android-chrome-512x512-1.png’

     0K .......... .......... .......... .......... .......... 9.56M
    50K .......... .......... .......... .......... .......... 4.94M
   100K .......... .......... .......... .......... .......... 5.75M
   150K .......... .......... .......... .......... .......... 5.14M
   200K .......... .......... .......... .......... .......... 5.81M
   250K .......... .......... .......... .......... .......... 5.41M
   300K .......... .......... .......... .......... .......... 2.92M
   350K ....                                                   60.2M=0.07s

2026-09-17 00:15:20 (5.15 MB/s) - ‘blog.epheia.moe/web.archive.org/web/20251228102112im_/https:/blog.epheia.moe/wp-content/uploads/2025/11/1762012142-android-chrome-512x512-1.png’ saved [363070]

--2026-09-17 00:15:22--  https://web.archive.org/web/20251228102112im_/https://blog.epheia.moe/wp-content/uploads/2025/10/1761925036-Image_1761925021241.jpg
Reusing existing connection to web.archive.org:443.
HTTP request sent, awaiting response... 302 FOUND
Location: https://web.archive.org/web/20251228064044im_/https://blog.epheia.moe/wp-content/uploads/2025/10/1761925036-Image_1761925021241.jpg [following]
--2026-09-17 00:15:23--  https://web.archive.org/web/20251228064044im_/https://blog.epheia.moe/wp-content/uploads/2025/10/1761925036-Image_1761925021241.jpg
Reusing existing connection to web.archive.org:443.
HTTP request sent, awaiting response... 200 OK
Length: unspecified [image/jpeg]
Saving to: ‘blog.epheia.moe/web.archive.org/web/20251228102112im_/https:/blog.epheia.moe/wp-content/uploads/2025/10/1761925036-Image_1761925021241.jpg’

     0K .......... .......... .......... .......... .......... 6.51M
    50K .                                                      22.5K=0.007s

2026-09-17 00:15:23 (6.66 MB/s) - ‘blog.epheia.moe/web.archive.org/web/20251228102112im_/https:/blog.epheia.moe/wp-content/uploads/2025/10/1761925036-Image_1761925021241.jpg’ saved [52353]

--2026-09-17 00:15:24--  https://web.archive.org/web/20251228102112im_/https://s.nmxc.ltd/sakurairo_vision/@3.0/display_icon/fluent_design/tw.webp
Reusing existing connection to web.archive.org:443.
HTTP request sent, awaiting response... 302 FOUND
Location: https://web.archive.org/web/20251228064045im_/https://s.nmxc.ltd/sakurairo_vision/@3.0/display_icon/fluent_design/tw.webp [following]
--2026-09-17 00:15:26--  https://web.archive.org/web/20251228064045im_/https://s.nmxc.ltd/sakurairo_vision/@3.0/display_icon/fluent_design/tw.webp
Reusing existing connection to web.archive.org:443.
HTTP request sent, awaiting response... 200 OK
Length: 6706 (6.5K) [image/webp]
Saving to: ‘blog.epheia.moe/web.archive.org/web/20251228102112im_/https:/s.nmxc.ltd/sakurairo_vision/@3.0/display_icon/fluent_design/tw.webp’

     0K ......                                                100% 1.56G=0s

2026-09-17 00:15:26 (1.56 GB/s) - ‘blog.epheia.moe/web.archive.org/web/20251228102112im_/https:/s.nmxc.ltd/sakurairo_vision/@3.0/display_icon/fluent_design/tw.webp’ saved [6706/6706]

--2026-09-17 00:15:28--  https://web.archive.org/web/20251228102112im_/https://s.nmxc.ltd/sakurairo_vision/@3.0/display_icon/fluent_design/mail.webp
Reusing existing connection to web.archive.org:443.
HTTP request sent, awaiting response... 302 FOUND
Location: https://web.archive.org/web/20251227171139im_/https://s.nmxc.ltd/sakurairo_vision/@3.0/display_icon/fluent_design/mail.webp [following]
--2026-09-17 00:15:30--  https://web.archive.org/web/20251227171139im_/https://s.nmxc.ltd/sakurairo_vision/@3.0/display_icon/fluent_design/mail.webp
Reusing existing connection to web.archive.org:443.
HTTP request sent, awaiting response... 200 OK
Length: 6446 (6.3K) [image/webp]
Saving to: ‘blog.epheia.moe/web.archive.org/web/20251228102112im_/https:/s.nmxc.ltd/sakurairo_vision/@3.0/display_icon/fluent_design/mail.webp’

     0K ......                                                100%  559M=0s

2026-09-17 00:15:30 (559 MB/s) - ‘blog.epheia.moe/web.archive.org/web/20251228102112im_/https:/s.nmxc.ltd/sakurairo_vision/@3.0/display_icon/fluent_design/mail.webp’ saved [6446/6446]

--2026-09-17 00:15:31--  https://web.archive.org/web/20251228102112/https://blog.epheia.moe/a/author/epheia/
Reusing existing connection to web.archive.org:443.
HTTP request sent, awaiting response... 302 FOUND
Location: https://web.archive.org/web/20260210034219/https://blog.epheia.moe/a/author/epheia/ [following]
--2026-09-17 00:15:32--  https://web.archive.org/web/20260210034219/https://blog.epheia.moe/a/author/epheia/
Reusing existing connection to web.archive.org:443.
HTTP request sent, awaiting response... 200 OK
Length: unspecified [text/html]
Saving to: ‘blog.epheia.moe/web.archive.org/web/20251228102112/https:/blog.epheia.moe/a/author/epheia/index.html’

     0K .......... .......... .......... .......... .......... 73.1M
    50K .......... .......... .......... .......... .......... 89.3M
   100K .......... .......... .......... .......... .......... 46.8M
   150K .......... .......... .......... .......... .......... 23.1M
   200K .......... .......... .......... .......... .......... 35.5M
   250K .......                                                35.1M=0.006s

Last-modified header missing -- time-stamps turned off.
2026-09-17 00:15:32 (42.2 MB/s) - ‘blog.epheia.moe/web.archive.org/web/20251228102112/https:/blog.epheia.moe/a/author/epheia/index.html’ saved [263829]

--2026-09-17 00:15:34--  https://web.archive.org/web/20251228102112im_/https://blog.epheia.moe/wp-content/uploads/2025/12/1765113079-%E5%B1%8F%E5%B9%95%E6%88%AA%E5%9B%BE-2025-12-07-202338-1024x546.png
Reusing existing connection to web.archive.org:443.
HTTP request sent, awaiting response... 302 FOUND
Location: https://web.archive.org/web/20251227031921im_/https://blog.epheia.moe/wp-content/uploads/2025/12/1765113079-%E5%B1%8F%E5%B9%95%E6%88%AA%E5%9B%BE-2025-12-07-202338-1024x546.png [following]
--2026-09-17 00:15:35--  https://web.archive.org/web/20251227031921im_/https://blog.epheia.moe/wp-content/uploads/2025/12/1765113079-%E5%B1%8F%E5%B9%95%E6%88%AA%E5%9B%BE-2025-12-07-202338-1024x546.png
Reusing existing connection to web.archive.org:443.
HTTP request sent, awaiting response... 200 OK
Length: unspecified [image/png]
Saving to: ‘blog.epheia.moe/web.archive.org/web/20251228102112im_/https:/blog.epheia.moe/wp-content/uploads/2025/12/1765113079-屏幕截图-2025-12-07-202338-1024x546.png’

     0K .......... .......... .......... .......... .........  8.45M=0.006s

2026-09-17 00:15:36 (8.45 MB/s) - ‘blog.epheia.moe/web.archive.org/web/20251228102112im_/https:/blog.epheia.moe/wp-content/uploads/2025/12/1765113079-屏幕截图-2025-12-07-202338-1024x546.png’ saved [50760]

--2026-09-17 00:15:36--  https://web.archive.org/web/20251228102112im_/https://blog.epheia.moe/wp-content/uploads/2025/12/1765113079-%E5%B1%8F%E5%B9%95%E6%88%AA%E5%9B%BE-2025-12-07-202338-300x160.png
Reusing existing connection to web.archive.org:443.
HTTP request sent, awaiting response... 302 FOUND
Location: https://web.archive.org/web/20251230100139im_/https://blog.epheia.moe/wp-content/uploads/2025/12/1765113079-%E5%B1%8F%E5%B9%95%E6%88%AA%E5%9B%BE-2025-12-07-202338-300x160.png [following]
--2026-09-17 00:15:37--  https://web.archive.org/web/20251230100139im_/https://blog.epheia.moe/wp-content/uploads/2025/12/1765113079-%E5%B1%8F%E5%B9%95%E6%88%AA%E5%9B%BE-2025-12-07-202338-300x160.png
Reusing existing connection to web.archive.org:443.
HTTP request sent, awaiting response... 200 OK
Length: unspecified [image/png]
Saving to: ‘blog.epheia.moe/web.archive.org/web/20251228102112im_/https:/blog.epheia.moe/wp-content/uploads/2025/12/1765113079-屏幕截图-2025-12-07-202338-300x160.png’

     0K .........                                              2.16G=0s

2026-09-17 00:15:38 (2.16 GB/s) - ‘blog.epheia.moe/web.archive.org/web/20251228102112im_/https:/blog.epheia.moe/wp-content/uploads/2025/12/1765113079-屏幕截图-2025-12-07-202338-300x160.png’ saved [9289]

--2026-09-17 00:15:39--  https://web.archive.org/web/20251228102112im_/https://blog.epheia.moe/wp-content/uploads/2025/12/1765113079-%E5%B1%8F%E5%B9%95%E6%88%AA%E5%9B%BE-2025-12-07-202338-768x409.png
Reusing existing connection to web.archive.org:443.
HTTP request sent, awaiting response... 302 FOUND
Location: https://web.archive.org/web/20251230100139im_/https://blog.epheia.moe/wp-content/uploads/2025/12/1765113079-%E5%B1%8F%E5%B9%95%E6%88%AA%E5%9B%BE-2025-12-07-202338-768x409.png [following]
--2026-09-17 00:15:40--  https://web.archive.org/web/20251230100139im_/https://blog.epheia.moe/wp-content/uploads/2025/12/1765113079-%E5%B1%8F%E5%B9%95%E6%88%AA%E5%9B%BE-2025-12-07-202338-768x409.png
Reusing existing connection to web.archive.org:443.
HTTP request sent, awaiting response... 200 OK
Length: unspecified [image/png]
Saving to: ‘blog.epheia.moe/web.archive.org/web/20251228102112im_/https:/blog.epheia.moe/wp-content/uploads/2025/12/1765113079-屏幕截图-2025-12-07-202338-768x409.png’

     0K .......... .......... .......... ..                    13.7M=0.002s

2026-09-17 00:15:41 (13.7 MB/s) - ‘blog.epheia.moe/web.archive.org/web/20251228102112im_/https:/blog.epheia.moe/wp-content/uploads/2025/12/1765113079-屏幕截图-2025-12-07-202338-768x409.png’ saved [33624]

--2026-09-17 00:15:42--  https://web.archive.org/web/20251228102112im_/https://blog.epheia.moe/wp-content/uploads/2025/12/1765113079-%E5%B1%8F%E5%B9%95%E6%88%AA%E5%9B%BE-2025-12-07-202338-1536x819.png
Reusing existing connection to web.archive.org:443.
HTTP request sent, awaiting response... 302 FOUND
Location: https://web.archive.org/web/20251230100139im_/https://blog.epheia.moe/wp-content/uploads/2025/12/1765113079-%E5%B1%8F%E5%B9%95%E6%88%AA%E5%9B%BE-2025-12-07-202338-1536x819.png [following]
--2026-09-17 00:15:42--  https://web.archive.org/web/20251230100139im_/https://blog.epheia.moe/wp-content/uploads/2025/12/1765113079-%E5%B1%8F%E5%B9%95%E6%88%AA%E5%9B%BE-2025-12-07-202338-1536x819.png
Reusing existing connection to web.archive.org:443.
HTTP request sent, awaiting response... 200 OK
Length: unspecified [image/png]
Saving to: ‘blog.epheia.moe/web.archive.org/web/20251228102112im_/https:/blog.epheia.moe/wp-content/uploads/2025/12/1765113079-屏幕截图-2025-12-07-202338-1536x819.png’

     0K .......... .......... .......... .......... .......... 5.63M
    50K .......... .......... .......... .....                 10.4M=0.01s

2026-09-17 00:15:43 (6.96 MB/s) - ‘blog.epheia.moe/web.archive.org/web/20251228102112im_/https:/blog.epheia.moe/wp-content/uploads/2025/12/1765113079-屏幕截图-2025-12-07-202338-1536x819.png’ saved [87945]

--2026-09-17 00:15:44--  https://web.archive.org/web/20251228102112im_/https://blog.epheia.moe/wp-content/uploads/2025/12/1765113079-%E5%B1%8F%E5%B9%95%E6%88%AA%E5%9B%BE-2025-12-07-202338.png
Reusing existing connection to web.archive.org:443.
HTTP request sent, awaiting response... 302 FOUND
Location: https://web.archive.org/web/20251230100139im_/https://blog.epheia.moe/wp-content/uploads/2025/12/1765113079-%E5%B1%8F%E5%B9%95%E6%88%AA%E5%9B%BE-2025-12-07-202338.png [following]
--2026-09-17 00:15:46--  https://web.archive.org/web/20251230100139im_/https://blog.epheia.moe/wp-content/uploads/2025/12/1765113079-%E5%B1%8F%E5%B9%95%E6%88%AA%E5%9B%BE-2025-12-07-202338.png
Reusing existing connection to web.archive.org:443.
HTTP request sent, awaiting response... 200 OK
Length: unspecified [image/png]
Saving to: ‘blog.epheia.moe/web.archive.org/web/20251228102112im_/https:/blog.epheia.moe/wp-content/uploads/2025/12/1765113079-屏幕截图-2025-12-07-202338.png’

     0K .......... .......... .......... .......... .......... 5.41M
    50K .......... .......... ..                               5.82M=0.01s

2026-09-17 00:15:46 (5.53 MB/s) - ‘blog.epheia.moe/web.archive.org/web/20251228102112im_/https:/blog.epheia.moe/wp-content/uploads/2025/12/1765113079-屏幕截图-2025-12-07-202338.png’ saved [74413]

--2026-09-17 00:15:47--  https://web.archive.org/web/20251228102112/https://blog.epheia.moe/a/shuoshuo/210/
Reusing existing connection to web.archive.org:443.
HTTP request sent, awaiting response... 302 FOUND
Location: https://web.archive.org/web/20251230010614/https://blog.epheia.moe/a/shuoshuo/210 [following]
--2026-09-17 00:15:48--  https://web.archive.org/web/20251230010614/https://blog.epheia.moe/a/shuoshuo/210
Reusing existing connection to web.archive.org:443.
HTTP request sent, awaiting response... 200 OK
Length: unspecified [text/html]
Saving to: ‘blog.epheia.moe/web.archive.org/web/20251228102112/https:/blog.epheia.moe/a/shuoshuo/210/index.html’

     0K .......... .......... .......... .......... .......... 2.08M
    50K .......... .......... .......... .......... .......... 21.2M
   100K .......... .......... .......... .......... .......... 12.5M
   150K .......... .......... .......... .......... .......... 2.83M
   200K .......... .......... .......... .......... .......    26.9M=0.05s

Last-modified header missing -- time-stamps turned off.
2026-09-17 00:15:48 (4.96 MB/s) - ‘blog.epheia.moe/web.archive.org/web/20251228102112/https:/blog.epheia.moe/a/shuoshuo/210/index.html’ saved [253449]

--2026-09-17 00:15:49--  https://web.archive.org/web/20251228102112js_/https://blog.epheia.moe/wp-content/themes/Sakurairo/js/polyfill.js?ver=3.0.4
Reusing existing connection to web.archive.org:443.
HTTP request sent, awaiting response... 302 FOUND
Location: https://web.archive.org/web/20251228064049js_/https://blog.epheia.moe/wp-content/themes/Sakurairo/js/polyfill.js?ver=3.0.4 [following]
--2026-09-17 00:15:50--  https://web.archive.org/web/20251228064049js_/https://blog.epheia.moe/wp-content/themes/Sakurairo/js/polyfill.js?ver=3.0.4
Reusing existing connection to web.archive.org:443.
HTTP request sent, awaiting response... 200 OK
Length: unspecified [application/javascript]
Saving to: ‘blog.epheia.moe/web.archive.org/web/20251228102112js_/https:/blog.epheia.moe/wp-content/themes/Sakurairo/js/polyfill.js?ver=3.0.4’

     0K .......... .......... ...                              20.4M=0.001s

2026-09-17 00:15:51 (20.4 MB/s) - ‘blog.epheia.moe/web.archive.org/web/20251228102112js_/https:/blog.epheia.moe/wp-content/themes/Sakurairo/js/polyfill.js?ver=3.0.4’ saved [23938]

--2026-09-17 00:15:52--  https://web.archive.org/web/20251228102112js_/https://blog.epheia.moe/wp-content/themes/Sakurairo/js/app.js?ver=3.0.4
Reusing existing connection to web.archive.org:443.
HTTP request sent, awaiting response... 302 FOUND
Location: https://web.archive.org/web/20251228064049js_/https://blog.epheia.moe/wp-content/themes/Sakurairo/js/app.js?ver=3.0.4 [following]
--2026-09-17 00:15:53--  https://web.archive.org/web/20251228064049js_/https://blog.epheia.moe/wp-content/themes/Sakurairo/js/app.js?ver=3.0.4
Reusing existing connection to web.archive.org:443.
HTTP request sent, awaiting response... 200 OK
Length: unspecified [application/javascript]
Saving to: ‘blog.epheia.moe/web.archive.org/web/20251228102112js_/https:/blog.epheia.moe/wp-content/themes/Sakurairo/js/app.js?ver=3.0.4’

     0K .......... .......... .......... .......... .......... 3.11M
    50K .......... .........                                   27.0M=0.02s

2026-09-17 00:15:53 (4.12 MB/s) - ‘blog.epheia.moe/web.archive.org/web/20251228102112js_/https:/blog.epheia.moe/wp-content/themes/Sakurairo/js/app.js?ver=3.0.4’ saved [70764]

--2026-09-17 00:15:54--  https://web.archive.org/web/20251228102112js_/https://blog.epheia.moe/wp-content/themes/Sakurairo/js/page.js?ver=3.0.4
Reusing existing connection to web.archive.org:443.
HTTP request sent, awaiting response... 302 FOUND
Location: https://web.archive.org/web/20251228064049js_/https://blog.epheia.moe/wp-content/themes/Sakurairo/js/page.js?ver=3.0.4 [following]
--2026-09-17 00:15:56--  https://web.archive.org/web/20251228064049js_/https://blog.epheia.moe/wp-content/themes/Sakurairo/js/page.js?ver=3.0.4
Reusing existing connection to web.archive.org:443.
HTTP request sent, awaiting response... 200 OK
Length: unspecified [application/javascript]
Saving to: ‘blog.epheia.moe/web.archive.org/web/20251228102112js_/https:/blog.epheia.moe/wp-content/themes/Sakurairo/js/page.js?ver=3.0.4’

     0K .......... .......... .......... .......... .......... 6.15M
    50K ........                                                176K=0.008s

2026-09-17 00:15:57 (7.23 MB/s) - ‘blog.epheia.moe/web.archive.org/web/20251228102112js_/https:/blog.epheia.moe/wp-content/themes/Sakurairo/js/page.js?ver=3.0.4’ saved [60210]

--2026-09-17 00:15:58--  https://web.archive.org/web/20251228102112js_/https://blog.epheia.moe/wp-includes/js/comment-reply.min.js?ver=6.9
Reusing existing connection to web.archive.org:443.
HTTP request sent, awaiting response... 302 FOUND
Location: https://web.archive.org/web/20251228064049js_/https://blog.epheia.moe/wp-includes/js/comment-reply.min.js?ver=6.9 [following]
--2026-09-17 00:15:59--  https://web.archive.org/web/20251228064049js_/https://blog.epheia.moe/wp-includes/js/comment-reply.min.js?ver=6.9
Reusing existing connection to web.archive.org:443.
HTTP request sent, awaiting response... 200 OK
Length: unspecified [application/javascript]
Saving to: ‘blog.epheia.moe/web.archive.org/web/20251228102112js_/https:/blog.epheia.moe/wp-includes/js/comment-reply.min.js?ver=6.9’

     0K ....                                                    349M=0s

2026-09-17 00:16:00 (349 MB/s) - ‘blog.epheia.moe/web.archive.org/web/20251228102112js_/https:/blog.epheia.moe/wp-includes/js/comment-reply.min.js?ver=6.9’ saved [4387]

--2026-09-17 00:16:01--  https://web.archive.org/web/20251228102112js_/https://s.nmxc.ltd/sakurairo/@3.0.4/js/smoothscroll.js?ver=3.0.4
Reusing existing connection to web.archive.org:443.
HTTP request sent, awaiting response... 302 FOUND
Location: https://web.archive.org/web/20251228185513js_/https://s.nmxc.ltd/sakurairo/@3.0.4/js/smoothscroll.js?ver=3.0.4 [following]
--2026-09-17 00:16:03--  https://web.archive.org/web/20251228185513js_/https://s.nmxc.ltd/sakurairo/@3.0.4/js/smoothscroll.js?ver=3.0.4
Reusing existing connection to web.archive.org:443.
HTTP request sent, awaiting response... 200 OK
Length: unspecified [application/javascript]
Saving to: ‘blog.epheia.moe/web.archive.org/web/20251228102112js_/https:/s.nmxc.ltd/sakurairo/@3.0.4/js/smoothscroll.js?ver=3.0.4’

     0K .......... ...                                         51.3M=0s

2026-09-17 00:16:03 (51.3 MB/s) - ‘blog.epheia.moe/web.archive.org/web/20251228102112js_/https:/s.nmxc.ltd/sakurairo/@3.0.4/js/smoothscroll.js?ver=3.0.4’ saved [13704]

--2026-09-17 00:16:04--  https://web.archive.org/web/20251228102112/https://blog.epheia.moe/a/date/2025/10/
Reusing existing connection to web.archive.org:443.
HTTP request sent, awaiting response... 302 FOUND
Location: https://web.archive.org/web/20260103055039/https://blog.epheia.moe/a/date/2025/10/ [following]
--2026-09-17 00:16:06--  https://web.archive.org/web/20260103055039/https://blog.epheia.moe/a/date/2025/10/
Reusing existing connection to web.archive.org:443.
HTTP request sent, awaiting response... 200 OK
Length: unspecified [text/html]
Saving to: ‘blog.epheia.moe/web.archive.org/web/20251228102112/https:/blog.epheia.moe/a/date/2025/10/index.html’

     0K .......... .......... .......... .......... .......... 3.76M
    50K .......... .......... .......... .......... .......... 8.94M
   100K .......... .......... .......... .......... .......... 5.63M
   150K .......... .......... .......... .......... .......... 7.04M
   200K .......... .......... .......... ........              9.14M=0.04s

Last-modified header missing -- time-stamps turned off.
2026-09-17 00:16:06 (6.10 MB/s) - ‘blog.epheia.moe/web.archive.org/web/20251228102112/https:/blog.epheia.moe/a/date/2025/10/index.html’ saved [244070]

--2026-09-17 00:16:07--  https://web.archive.org/web/20260206162955/https://s4.zstatic.net/
Reusing existing connection to web.archive.org:443.
HTTP request sent, awaiting response... 302 FOUND
Location: https://web.archive.org/web/20260129061728/https://s4.zstatic.net/ [following]
--2026-09-17 00:16:08--  https://web.archive.org/web/20260129061728/https://s4.zstatic.net/
Reusing existing connection to web.archive.org:443.
HTTP request sent, awaiting response... 200 OK
Length: unspecified [application/json]
Saving to: ‘blog.epheia.moe/web.archive.org/web/20260206162955/https:/s4.zstatic.net/index.html’

     0K                                                        3.81M=0s

2026-09-17 00:16:08 (3.81 MB/s) - ‘blog.epheia.moe/web.archive.org/web/20260206162955/https:/s4.zstatic.net/index.html’ saved [36]

--2026-09-17 00:16:10--  https://web.archive.org/web/20260206162955/https://s4.zstatic.net/ajax/libs/font-awesome/6.7.2/css/all.min.css
Reusing existing connection to web.archive.org:443.
HTTP request sent, awaiting response... 302 FOUND
Location: https://web.archive.org/web/20260206130558/https://s4.zstatic.net/ajax/libs/font-awesome/6.7.2/css/all.min.css [following]
--2026-09-17 00:16:10--  https://web.archive.org/web/20260206130558/https://s4.zstatic.net/ajax/libs/font-awesome/6.7.2/css/all.min.css
Reusing existing connection to web.archive.org:443.
HTTP request sent, awaiting response... 200 OK
Length: unspecified [text/css]
Saving to: ‘blog.epheia.moe/web.archive.org/web/20260206162955/https:/s4.zstatic.net/ajax/libs/font-awesome/6.7.2/css/all.min.css’

     0K .......... .......... .......... .......... .......... 7.41M
    50K .......... .......... ...                              9.37M=0.009s

Last-modified header missing -- time-stamps turned off.
2026-09-17 00:16:11 (7.95 MB/s) - ‘blog.epheia.moe/web.archive.org/web/20260206162955/https:/s4.zstatic.net/ajax/libs/font-awesome/6.7.2/css/all.min.css’ saved [75766]

--2026-09-17 00:16:12--  https://web.archive.org/web/20260206162955cs_/https://s4.zstatic.net/ajax/libs/font-awesome/6.7.2/css/all.min.css
Reusing existing connection to web.archive.org:443.
HTTP request sent, awaiting response... 302 FOUND
Location: https://web.archive.org/web/20260206130558cs_/https://s4.zstatic.net/ajax/libs/font-awesome/6.7.2/css/all.min.css [following]
--2026-09-17 00:16:14--  https://web.archive.org/web/20260206130558cs_/https://s4.zstatic.net/ajax/libs/font-awesome/6.7.2/css/all.min.css
Reusing existing connection to web.archive.org:443.
HTTP request sent, awaiting response... 200 OK
Length: unspecified [text/css]
Saving to: ‘blog.epheia.moe/web.archive.org/web/20260206162955cs_/https:/s4.zstatic.net/ajax/libs/font-awesome/6.7.2/css/all.min.css’

     0K .......... .......... .......... .......... .......... 4.05M
    50K .......... .......... ...                              6.21M=0.02s

Last-modified header missing -- time-stamps turned off.
2026-09-17 00:16:15 (4.56 MB/s) - ‘blog.epheia.moe/web.archive.org/web/20260206162955cs_/https:/s4.zstatic.net/ajax/libs/font-awesome/6.7.2/css/all.min.css’ saved [75766]

--2026-09-17 00:16:15--  https://web.archive.org/web/20260206162955im_/https://s.nmxc.ltd/sakurairo_vision/@3.0/basic/favicon.ico
Reusing existing connection to web.archive.org:443.
HTTP request sent, awaiting response... 302 FOUND
Location: https://web.archive.org/web/20260205061352im_/https://s.nmxc.ltd/sakurairo_vision/@3.0/basic/favicon.ico [following]
--2026-09-17 00:16:17--  https://web.archive.org/web/20260205061352im_/https://s.nmxc.ltd/sakurairo_vision/@3.0/basic/favicon.ico
Reusing existing connection to web.archive.org:443.
HTTP request sent, awaiting response... 200 OK
Length: 160814 (157K) [image/x-icon]
Saving to: ‘blog.epheia.moe/web.archive.org/web/20260206162955im_/https:/s.nmxc.ltd/sakurairo_vision/@3.0/basic/favicon.ico’

     0K .......... .......... .......... .......... .......... 31% 6.48M 0s
    50K .......... .......... .......... .......... .......... 63% 3.55M 0s
   100K .......... .......... .......... .......... .......... 95% 16.1M 0s
   150K .......                                               100%  141K=0.02s

2026-09-17 00:16:18 (6.31 MB/s) - ‘blog.epheia.moe/web.archive.org/web/20260206162955im_/https:/s.nmxc.ltd/sakurairo_vision/@3.0/basic/favicon.ico’ saved [160814/160814]

--2026-09-17 00:16:18--  https://web.archive.org/web/20260206162955/https://blog.epheia.moe/
Reusing existing connection to web.archive.org:443.
HTTP request sent, awaiting response... 302 FOUND
Location: https://web.archive.org/web/20251230100138/https://blog.epheia.moe/ [following]
--2026-09-17 00:16:20--  https://web.archive.org/web/20251230100138/https://blog.epheia.moe/
Reusing existing connection to web.archive.org:443.
HTTP request sent, awaiting response... 200 OK
Length: unspecified [text/html]
Saving to: ‘blog.epheia.moe/web.archive.org/web/20260206162955/https:/blog.epheia.moe/index.html’

     0K .......... .......... .......... .......... .......... 9.19M
    50K .......... .......... .......... .......... .......... 41.8M
   100K .......... .......... .......... .......... .......... 27.0M
   150K .......... .......... .......... .......... .......... 9.17M
   200K .......... .......... .......... .......... .......... 29.7M
   250K .....                                                  19.0M=0.02s

Last-modified header missing -- time-stamps turned off.
2026-09-17 00:16:22 (16.0 MB/s) - ‘blog.epheia.moe/web.archive.org/web/20260206162955/https:/blog.epheia.moe/index.html’ saved [261847]

--2026-09-17 00:16:23--  https://web.archive.org/web/20260206162955/https://s.nmxc.ltd/
Reusing existing connection to web.archive.org:443.
HTTP request sent, awaiting response... 302 FOUND
Location: https://web.archive.org/web/20260129214148/https://s.nmxc.ltd/ [following]
--2026-09-17 00:16:24--  https://web.archive.org/web/20260129214148/https://s.nmxc.ltd/
Reusing existing connection to web.archive.org:443.
HTTP request sent, awaiting response... 200 OK
Length: unspecified [text/html]
Saving to: ‘blog.epheia.moe/web.archive.org/web/20260206162955/https:/s.nmxc.ltd/index.html’

     0K ..                                                      263M=0s

2026-09-17 00:16:25 (263 MB/s) - ‘blog.epheia.moe/web.archive.org/web/20260206162955/https:/s.nmxc.ltd/index.html’ saved [2210]

--2026-09-17 00:16:26--  https://web.archive.org/web/20260206162955/https://blog.epheia.moe/wp-content/themes/Sakurairo/css/?iro_header&github&no_wave&minify&3.0.4
Reusing existing connection to web.archive.org:443.
HTTP request sent, awaiting response... 302 FOUND
Location: https://web.archive.org/web/20251227031920/https://blog.epheia.moe/wp-content/themes/Sakurairo/css/?iro_header&github&no_wave&minify&3.0.4 [following]
--2026-09-17 00:16:27--  https://web.archive.org/web/20251227031920/https://blog.epheia.moe/wp-content/themes/Sakurairo/css/?iro_header&github&no_wave&minify&3.0.4
Reusing existing connection to web.archive.org:443.
HTTP request sent, awaiting response... 200 OK
Length: unspecified [text/css]
Saving to: ‘blog.epheia.moe/web.archive.org/web/20260206162955/https:/blog.epheia.moe/wp-content/themes/Sakurairo/css/index.html?iro_header&github&no_wave&minify&3.0.4.css’

     0K .......... .......... .......... .......... .......... 7.54M
    50K .......... .......... .......... .......... .......... 3.04M
   100K .......... .......... .......... .......... .......... 22.2M
   150K .......                                                46.6M=0.02s

Last-modified header missing -- time-stamps turned off.
2026-09-17 00:16:28 (6.19 MB/s) - ‘blog.epheia.moe/web.archive.org/web/20260206162955/https:/blog.epheia.moe/wp-content/themes/Sakurairo/css/index.html?iro_header&github&no_wave&minify&3.0.4.css’ saved [161514]

--2026-09-17 00:16:29--  https://web.archive.org/web/20260206162955cs_/https://blog.epheia.moe/wp-content/themes/Sakurairo/css/?iro_header&github&no_wave&minify&3.0.4
Reusing existing connection to web.archive.org:443.
HTTP request sent, awaiting response... 302 FOUND
Location: https://web.archive.org/web/20251227031920cs_/https://blog.epheia.moe/wp-content/themes/Sakurairo/css/?iro_header&github&no_wave&minify&3.0.4 [following]
--2026-09-17 00:16:30--  https://web.archive.org/web/20251227031920cs_/https://blog.epheia.moe/wp-content/themes/Sakurairo/css/?iro_header&github&no_wave&minify&3.0.4
Reusing existing connection to web.archive.org:443.
HTTP request sent, awaiting response... 200 OK
Length: unspecified [text/css]
Saving to: ‘blog.epheia.moe/web.archive.org/web/20260206162955cs_/https:/blog.epheia.moe/wp-content/themes/Sakurairo/css/index.html?iro_header&github&no_wave&minify&3.0.4.css’

     0K .......... .......... .......... .......... .......... 6.45M
    50K .......... .......... .......... .......... .......... 5.37M
   100K .......... .......... .......... .......... .......... 4.97M
   150K .......                                                35.3M=0.03s

Last-modified header missing -- time-stamps turned off.
2026-09-17 00:16:30 (5.77 MB/s) - ‘blog.epheia.moe/web.archive.org/web/20260206162955cs_/https:/blog.epheia.moe/wp-content/themes/Sakurairo/css/index.html?iro_header&github&no_wave&minify&3.0.4.css’ saved [161511]

--2026-09-17 00:16:31--  https://web.archive.org/web/20260206162955im_/https://s.nmxc.ltd/sakurairo_vision/@3.0/basic/puff-load.svg
Reusing existing connection to web.archive.org:443.
HTTP request sent, awaiting response... 302 FOUND
Location: https://web.archive.org/web/20260206130610im_/https://s.nmxc.ltd/sakurairo_vision/@3.0/basic/puff-load.svg [following]
--2026-09-17 00:16:33--  https://web.archive.org/web/20260206130610im_/https://s.nmxc.ltd/sakurairo_vision/@3.0/basic/puff-load.svg
Reusing existing connection to web.archive.org:443.
HTTP request sent, awaiting response... 200 OK
Length: unspecified [image/svg+xml]
Saving to: ‘blog.epheia.moe/web.archive.org/web/20260206162955im_/https:/s.nmxc.ltd/sakurairo_vision/@3.0/basic/puff-load.svg’

     0K .                                                      34.9M=0s

2026-09-17 00:16:33 (34.9 MB/s) - ‘blog.epheia.moe/web.archive.org/web/20260206162955im_/https:/s.nmxc.ltd/sakurairo_vision/@3.0/basic/puff-load.svg’ saved [1463]

--2026-09-17 00:16:34--  https://web.archive.org/web/20260206162955im_/https://blog.epheia.moe/a/140
Reusing existing connection to web.archive.org:443.
HTTP request sent, awaiting response... 200 OK
Length: unspecified [text/html]
Saving to: ‘blog.epheia.moe/web.archive.org/web/20260206162955im_/https:/blog.epheia.moe/a/140.html’

     0K .......... .......... .......... .......... .......... 11.6M
    50K .......... .......... .......... .......... .......... 41.8M
   100K .......... .......... .......... .......... .......... 25.2M
   150K .......... .......... .......... .......... .......... 8.63M
   200K .......... .......... .......... .........             15.0M=0.02s

Last-modified header missing -- time-stamps turned off.
2026-09-17 00:16:34 (15.0 MB/s) - ‘blog.epheia.moe/web.archive.org/web/20260206162955im_/https:/blog.epheia.moe/a/140.html’ saved [245679]

--2026-09-17 00:16:36--  https://web.archive.org/web/20260206162955im_/https://s.nmxc.ltd/sakurairo_vision/@3.0/basic/add.svg
Reusing existing connection to web.archive.org:443.
HTTP request sent, awaiting response... 302 FOUND
Location: https://web.archive.org/web/20260130114107im_/https://s.nmxc.ltd/sakurairo_vision/@3.0/basic/add.svg [following]
--2026-09-17 00:16:37--  https://web.archive.org/web/20260130114107im_/https://s.nmxc.ltd/sakurairo_vision/@3.0/basic/add.svg
Reusing existing connection to web.archive.org:443.
HTTP request sent, awaiting response... 502 Bad Gateway
2026-09-17 00:16:37 ERROR 502: Bad Gateway.

--2026-09-17 00:16:38--  https://web.archive.org/web/20260206162955im_/https://s.nmxc.ltd/sakurairo_vision/@3.0/basic/grid.png
Reusing existing connection to web.archive.org:443.
HTTP request sent, awaiting response... 302 FOUND
Location: https://web.archive.org/web/20260204225230im_/https://s.nmxc.ltd/sakurairo_vision/@3.0/basic/grid.png [following]
--2026-09-17 00:16:39--  https://web.archive.org/web/20260204225230im_/https://s.nmxc.ltd/sakurairo_vision/@3.0/basic/grid.png
Reusing existing connection to web.archive.org:443.
HTTP request sent, awaiting response... 200 OK
Length: 125 [image/png]
Saving to: ‘blog.epheia.moe/web.archive.org/web/20260206162955im_/https:/s.nmxc.ltd/sakurairo_vision/@3.0/basic/grid.png’

     0K                                                       100% 13.2M=0s

2026-09-17 00:16:40 (13.2 MB/s) - ‘blog.epheia.moe/web.archive.org/web/20260206162955im_/https:/s.nmxc.ltd/sakurairo_vision/@3.0/basic/grid.png’ saved [125/125]

--2026-09-17 00:16:40--  https://web.archive.org/web/20260206162955im_/https://s.nmxc.ltd/sakurairo_vision/@3.0/basic/dot.gif
Reusing existing connection to web.archive.org:443.
HTTP request sent, awaiting response... 302 FOUND
Location: https://web.archive.org/web/20260130114112im_/https://s.nmxc.ltd/sakurairo_vision/@3.0/basic/dot.gif [following]
--2026-09-17 00:16:41--  https://web.archive.org/web/20260130114112im_/https://s.nmxc.ltd/sakurairo_vision/@3.0/basic/dot.gif
Reusing existing connection to web.archive.org:443.
HTTP request sent, awaiting response... 502 Bad Gateway
2026-09-17 00:16:42 ERROR 502: Bad Gateway.

--2026-09-17 00:16:42--  https://web.archive.org/web/20260206162955im_/https://s.nmxc.ltd/sakurairo_vision/@3.0/basic/play.svg
Reusing existing connection to web.archive.org:443.
HTTP request sent, awaiting response... 302 FOUND
Location: https://web.archive.org/web/20260130114114im_/https://s.nmxc.ltd/sakurairo_vision/@3.0/basic/play.svg [following]
--2026-09-17 00:16:44--  https://web.archive.org/web/20260130114114im_/https://s.nmxc.ltd/sakurairo_vision/@3.0/basic/play.svg
Reusing existing connection to web.archive.org:443.
HTTP request sent, awaiting response... 502 Bad Gateway
2026-09-17 00:16:44 ERROR 502: Bad Gateway.

--2026-09-17 00:16:45--  https://web.archive.org/web/20260206162955im_/https://s.nmxc.ltd/sakurairo_vision/@3.0/basic/pause.svg
Reusing existing connection to web.archive.org:443.
HTTP request sent, awaiting response... 302 FOUND
Location: https://web.archive.org/web/20260207054935im_/https://s.nmxc.ltd/sakurairo_vision/@3.0/basic/pause.svg [following]
--2026-09-17 00:16:47--  https://web.archive.org/web/20260207054935im_/https://s.nmxc.ltd/sakurairo_vision/@3.0/basic/pause.svg
Reusing existing connection to web.archive.org:443.
HTTP request sent, awaiting response... 200 OK
Length: 462 [image/svg+xml]
Saving to: ‘blog.epheia.moe/web.archive.org/web/20260206162955im_/https:/s.nmxc.ltd/sakurairo_vision/@3.0/basic/pause.svg’

     0K                                                       100% 73.4M=0s

2026-09-17 00:16:47 (73.4 MB/s) - ‘blog.epheia.moe/web.archive.org/web/20260206162955im_/https:/s.nmxc.ltd/sakurairo_vision/@3.0/basic/pause.svg’ saved [462/462]

--2026-09-17 00:16:48--  https://web.archive.org/web/20260206162955im_/https://blog.epheia.moe/wp-content/uploads/2025/11/cropped-1762012142-android-chrome-512x512-1-32x32.png
Reusing existing connection to web.archive.org:443.
HTTP request sent, awaiting response... 302 FOUND
Location: https://web.archive.org/web/20260210034720im_/https://blog.epheia.moe/wp-content/uploads/2025/11/cropped-1762012142-android-chrome-512x512-1-32x32.png [following]
--2026-09-17 00:16:49--  https://web.archive.org/web/20260210034720im_/https://blog.epheia.moe/wp-content/uploads/2025/11/cropped-1762012142-android-chrome-512x512-1-32x32.png
Reusing existing connection to web.archive.org:443.
HTTP request sent, awaiting response... 200 OK
Length: unspecified [image/png]
Saving to: ‘blog.epheia.moe/web.archive.org/web/20260206162955im_/https:/blog.epheia.moe/wp-content/uploads/2025/11/cropped-1762012142-android-chrome-512x512-1-32x32.png’

     0K ..                                                      188M=0s

2026-09-17 00:16:49 (188 MB/s) - ‘blog.epheia.moe/web.archive.org/web/20260206162955im_/https:/blog.epheia.moe/wp-content/uploads/2025/11/cropped-1762012142-android-chrome-512x512-1-32x32.png’ saved [2172]

--2026-09-17 00:16:50--  https://web.archive.org/web/20260206162955im_/https://blog.epheia.moe/wp-content/uploads/2025/11/cropped-1762012142-android-chrome-512x512-1-192x192.png
Reusing existing connection to web.archive.org:443.
HTTP request sent, awaiting response... 302 FOUND
Location: https://web.archive.org/web/20260210034720im_/https://blog.epheia.moe/wp-content/uploads/2025/11/cropped-1762012142-android-chrome-512x512-1-192x192.png [following]
--2026-09-17 00:16:52--  https://web.archive.org/web/20260210034720im_/https://blog.epheia.moe/wp-content/uploads/2025/11/cropped-1762012142-android-chrome-512x512-1-192x192.png
Reusing existing connection to web.archive.org:443.
HTTP request sent, awaiting response... 200 OK
Length: unspecified [image/png]
Saving to: ‘blog.epheia.moe/web.archive.org/web/20260206162955im_/https:/blog.epheia.moe/wp-content/uploads/2025/11/cropped-1762012142-android-chrome-512x512-1-192x192.png’

     0K .......... .......... .......... .......... ...        22.6M=0.002s

2026-09-17 00:16:52 (22.6 MB/s) - ‘blog.epheia.moe/web.archive.org/web/20260206162955im_/https:/blog.epheia.moe/wp-content/uploads/2025/11/cropped-1762012142-android-chrome-512x512-1-192x192.png’ saved [44033]

--2026-09-17 00:16:54--  https://web.archive.org/web/20260206162955im_/https://blog.epheia.moe/wp-content/uploads/2025/11/cropped-1762012142-android-chrome-512x512-1-180x180.png
Reusing existing connection to web.archive.org:443.
HTTP request sent, awaiting response... 302 FOUND
Location: https://web.archive.org/web/20260210034720im_/https://blog.epheia.moe/wp-content/uploads/2025/11/cropped-1762012142-android-chrome-512x512-1-180x180.png [following]
--2026-09-17 00:16:55--  https://web.archive.org/web/20260210034720im_/https://blog.epheia.moe/wp-content/uploads/2025/11/cropped-1762012142-android-chrome-512x512-1-180x180.png
Reusing existing connection to web.archive.org:443.
HTTP request sent, awaiting response... 200 OK
Length: unspecified [image/png]
Saving to: ‘blog.epheia.moe/web.archive.org/web/20260206162955im_/https:/blog.epheia.moe/wp-content/uploads/2025/11/cropped-1762012142-android-chrome-512x512-1-180x180.png’

     0K .......... .......... .......... ........              13.2M=0.003s

2026-09-17 00:16:56 (13.2 MB/s) - ‘blog.epheia.moe/web.archive.org/web/20260206162955im_/https:/blog.epheia.moe/wp-content/uploads/2025/11/cropped-1762012142-android-chrome-512x512-1-180x180.png’ saved [39892]

--2026-09-17 00:16:57--  https://web.archive.org/web/20260206162955js_/https://blog.epheia.moe/wp-content/themes/Sakurairo/js/nav.js
Reusing existing connection to web.archive.org:443.
HTTP request sent, awaiting response... 302 FOUND
Location: https://web.archive.org/web/20260210034710js_/https://blog.epheia.moe/wp-content/themes/Sakurairo/js/nav.js [following]
--2026-09-17 00:16:58--  https://web.archive.org/web/20260210034710js_/https://blog.epheia.moe/wp-content/themes/Sakurairo/js/nav.js
Reusing existing connection to web.archive.org:443.
HTTP request sent, awaiting response... 200 OK
Length: unspecified [application/javascript]
Saving to: ‘blog.epheia.moe/web.archive.org/web/20260206162955js_/https:/blog.epheia.moe/wp-content/themes/Sakurairo/js/nav.js’

     0K .......... .......... .......... .......... .......... 7.28M
    50K ....                                                   85.2K=0.007s

2026-09-17 00:16:58 (7.90 MB/s) - ‘blog.epheia.moe/web.archive.org/web/20260206162955js_/https:/blog.epheia.moe/wp-content/themes/Sakurairo/js/nav.js’ saved [55560]

--2026-09-17 00:16:59--  https://web.archive.org/web/20260206162955im_/https://blog.epheia.moe/wp-content/uploads/2025/11/1762012142-android-chrome-512x512-1.png
Reusing existing connection to web.archive.org:443.
HTTP request sent, awaiting response... 302 FOUND
Location: https://web.archive.org/web/20260210034231im_/https://blog.epheia.moe/wp-content/uploads/2025/11/1762012142-android-chrome-512x512-1.png [following]
--2026-09-17 00:17:00--  https://web.archive.org/web/20260210034231im_/https://blog.epheia.moe/wp-content/uploads/2025/11/1762012142-android-chrome-512x512-1.png
Reusing existing connection to web.archive.org:443.
HTTP request sent, awaiting response... 200 OK
Length: unspecified [image/png]
Saving to: ‘blog.epheia.moe/web.archive.org/web/20260206162955im_/https:/blog.epheia.moe/wp-content/uploads/2025/11/1762012142-android-chrome-512x512-1.png’

     0K .......... .......... .......... .......... .......... 6.68M
    50K .......... .......... .......... .......... .......... 4.18M
   100K .......... .......... .......... .......... .......... 5.42M
   150K .......... .......... .......... .......... .......... 5.58M
   200K .......... .......... .......... .......... .......... 6.37M
   250K .......... .......... .......... .......... .......... 5.40M
   300K .......... .......... .......... .......... .......... 5.08M
   350K ....                                                   22.2M=0.06s

2026-09-17 00:17:01 (5.47 MB/s) - ‘blog.epheia.moe/web.archive.org/web/20260206162955im_/https:/blog.epheia.moe/wp-content/uploads/2025/11/1762012142-android-chrome-512x512-1.png’ saved [363070]

--2026-09-17 00:17:02--  https://web.archive.org/web/20260206162955im_/https://blog.epheia.moe/wp-content/uploads/2025/10/1761925036-Image_1761925021241.jpg
Reusing existing connection to web.archive.org:443.
HTTP request sent, awaiting response... 302 FOUND
Location: https://web.archive.org/web/20260210034231im_/https://blog.epheia.moe/wp-content/uploads/2025/10/1761925036-Image_1761925021241.jpg [following]
--2026-09-17 00:17:03--  https://web.archive.org/web/20260210034231im_/https://blog.epheia.moe/wp-content/uploads/2025/10/1761925036-Image_1761925021241.jpg
Reusing existing connection to web.archive.org:443.
HTTP request sent, awaiting response... 200 OK
Length: unspecified [image/jpeg]
Saving to: ‘blog.epheia.moe/web.archive.org/web/20260206162955im_/https:/blog.epheia.moe/wp-content/uploads/2025/10/1761925036-Image_1761925021241.jpg’

     0K .......... .......... .......... .......... .......... 19.8M
    50K .                                                      22.5K=0.002s

2026-09-17 00:17:04 (20.2 MB/s) - ‘blog.epheia.moe/web.archive.org/web/20260206162955im_/https:/blog.epheia.moe/wp-content/uploads/2025/10/1761925036-Image_1761925021241.jpg’ saved [52353]

--2026-09-17 00:17:04--  https://web.archive.org/web/20260206162955im_/https://s.nmxc.ltd/sakurairo_vision/@3.0/display_icon/fluent_design/tw.webp
Reusing existing connection to web.archive.org:443.
HTTP request sent, awaiting response... 302 FOUND
Location: https://web.archive.org/web/20260204174146im_/https://s.nmxc.ltd/sakurairo_vision/@3.0/display_icon/fluent_design/tw.webp [following]
--2026-09-17 00:17:06--  https://web.archive.org/web/20260204174146im_/https://s.nmxc.ltd/sakurairo_vision/@3.0/display_icon/fluent_design/tw.webp
Reusing existing connection to web.archive.org:443.
HTTP request sent, awaiting response... 200 OK
Length: 6706 (6.5K) [image/webp]
Saving to: ‘blog.epheia.moe/web.archive.org/web/20260206162955im_/https:/s.nmxc.ltd/sakurairo_vision/@3.0/display_icon/fluent_design/tw.webp’

     0K ......                                                100% 1.25G=0s

2026-09-17 00:17:07 (1.25 GB/s) - ‘blog.epheia.moe/web.archive.org/web/20260206162955im_/https:/s.nmxc.ltd/sakurairo_vision/@3.0/display_icon/fluent_design/tw.webp’ saved [6706/6706]

--2026-09-17 00:17:07--  https://web.archive.org/web/20260206162955im_/https://s.nmxc.ltd/sakurairo_vision/@3.0/display_icon/fluent_design/mail.webp
Reusing existing connection to web.archive.org:443.
HTTP request sent, awaiting response... 302 FOUND
Location: https://web.archive.org/web/20260206203326im_/https://s.nmxc.ltd/sakurairo_vision/@3.0/display_icon/fluent_design/mail.webp [following]
--2026-09-17 00:17:09--  https://web.archive.org/web/20260206203326im_/https://s.nmxc.ltd/sakurairo_vision/@3.0/display_icon/fluent_design/mail.webp
Reusing existing connection to web.archive.org:443.
HTTP request sent, awaiting response... 200 OK
Length: 6446 (6.3K) [image/webp]
Saving to: ‘blog.epheia.moe/web.archive.org/web/20260206162955im_/https:/s.nmxc.ltd/sakurairo_vision/@3.0/display_icon/fluent_design/mail.webp’

     0K ......                                                100%  878M=0s

2026-09-17 00:17:09 (878 MB/s) - ‘blog.epheia.moe/web.archive.org/web/20260206162955im_/https:/s.nmxc.ltd/sakurairo_vision/@3.0/display_icon/fluent_design/mail.webp’ saved [6446/6446]

--2026-09-17 00:17:10--  https://web.archive.org/web/20260206162955/https://blog.epheia.moe/a/author/epheia/
Reusing existing connection to web.archive.org:443.
HTTP request sent, awaiting response... 302 FOUND
Location: https://web.archive.org/web/20260210034219/https://blog.epheia.moe/a/author/epheia/ [following]
--2026-09-17 00:17:12--  https://web.archive.org/web/20260210034219/https://blog.epheia.moe/a/author/epheia/
Reusing existing connection to web.archive.org:443.
HTTP request sent, awaiting response... 200 OK
Length: unspecified [text/html]
Saving to: ‘blog.epheia.moe/web.archive.org/web/20260206162955/https:/blog.epheia.moe/a/author/epheia/index.html’

     0K .......... .......... .......... .......... .......... 9.26M
    50K .......... .......... .......... .......... ..........  532K
   100K .......... .......... .......... .......... .......... 20.1M
   150K .......... .......... .......... .......... .......... 14.0M
   200K .......... .......... .......... .......... .......... 16.2M
   250K .......                                                19.9M=0.1s

Last-modified header missing -- time-stamps turned off.
2026-09-17 00:17:12 (2.32 MB/s) - ‘blog.epheia.moe/web.archive.org/web/20260206162955/https:/blog.epheia.moe/a/author/epheia/index.html’ saved [263829]

--2026-09-17 00:17:13--  https://web.archive.org/web/20260206162955/https://blog.epheia.moe/a/tag/moe/
Reusing existing connection to web.archive.org:443.
HTTP request sent, awaiting response... 404 NOT FOUND
2026-09-17 00:17:13 ERROR 404: NOT FOUND.

--2026-09-17 00:17:14--  https://web.archive.org/web/20260206162955/https://blog.epheia.moe/a/tag/%e7%bd%91%e7%ab%99/
Reusing existing connection to web.archive.org:443.
HTTP request sent, awaiting response... 404 NOT FOUND
2026-09-17 00:17:15 ERROR 404: NOT FOUND.

--2026-09-17 00:17:15--  https://web.archive.org/web/20260206162955/https://blog.epheia.moe/a/119
Reusing existing connection to web.archive.org:443.
HTTP request sent, awaiting response... 302 FOUND
Location: https://web.archive.org/web/20251228064038/https://blog.epheia.moe/a/119 [following]
--2026-09-17 00:17:17--  https://web.archive.org/web/20251228064038/https://blog.epheia.moe/a/119
Reusing existing connection to web.archive.org:443.
HTTP request sent, awaiting response... 200 OK
Length: unspecified [text/html]
Saving to: ‘blog.epheia.moe/web.archive.org/web/20260206162955/https:/blog.epheia.moe/a/119.html’

     0K .......... .......... .......... .......... .......... 5.10M
    50K .......... .......... .......... .......... .......... 5.60M
   100K .......... .......... .......... .......... .......... 6.67M
   150K .......... .......... .......... .......... ..........  548K
   200K .......... .......... .......... .......... .......... 30.8M
   250K .......... .                                           13.7M=0.1s

Last-modified header missing -- time-stamps turned off.
2026-09-17 00:17:17 (2.14 MB/s) - ‘blog.epheia.moe/web.archive.org/web/20260206162955/https:/blog.epheia.moe/a/119.html’ saved [267287]

--2026-09-17 00:17:18--  https://web.archive.org/web/20260206162955js_/https://blog.epheia.moe/wp-content/themes/Sakurairo/js/polyfill.js?ver=3.0.4
Reusing existing connection to web.archive.org:443.
HTTP request sent, awaiting response... 302 FOUND
Location: https://web.archive.org/web/20260210034710js_/https://blog.epheia.moe/wp-content/themes/Sakurairo/js/polyfill.js?ver=3.0.4 [following]
--2026-09-17 00:17:20--  https://web.archive.org/web/20260210034710js_/https://blog.epheia.moe/wp-content/themes/Sakurairo/js/polyfill.js?ver=3.0.4
Reusing existing connection to web.archive.org:443.
HTTP request sent, awaiting response... 200 OK
Length: unspecified [application/javascript]
Saving to: ‘blog.epheia.moe/web.archive.org/web/20260206162955js_/https:/blog.epheia.moe/wp-content/themes/Sakurairo/js/polyfill.js?ver=3.0.4’

     0K .......... .......... ...                              94.1M=0s

2026-09-17 00:17:20 (94.1 MB/s) - ‘blog.epheia.moe/web.archive.org/web/20260206162955js_/https:/blog.epheia.moe/wp-content/themes/Sakurairo/js/polyfill.js?ver=3.0.4’ saved [23891]

--2026-09-17 00:17:21--  https://web.archive.org/web/20260206162955js_/https://blog.epheia.moe/wp-content/themes/Sakurairo/js/app.js?ver=3.0.4
Reusing existing connection to web.archive.org:443.
HTTP request sent, awaiting response... 302 FOUND
Location: https://web.archive.org/web/20260210034719js_/https://blog.epheia.moe/wp-content/themes/Sakurairo/js/app.js?ver=3.0.4 [following]
--2026-09-17 00:17:23--  https://web.archive.org/web/20260210034719js_/https://blog.epheia.moe/wp-content/themes/Sakurairo/js/app.js?ver=3.0.4
Reusing existing connection to web.archive.org:443.
HTTP request sent, awaiting response... 200 OK
Length: unspecified [application/javascript]
Saving to: ‘blog.epheia.moe/web.archive.org/web/20260206162955js_/https:/blog.epheia.moe/wp-content/themes/Sakurairo/js/app.js?ver=3.0.4’

     0K .......... .......... .......... .......... .......... 5.39M
    50K .......... .........                                   37.1M=0.01s

2026-09-17 00:17:23 (7.06 MB/s) - ‘blog.epheia.moe/web.archive.org/web/20260206162955js_/https:/blog.epheia.moe/wp-content/themes/Sakurairo/js/app.js?ver=3.0.4’ saved [70750]

--2026-09-17 00:17:24--  https://web.archive.org/web/20260206162955js_/https://blog.epheia.moe/wp-content/themes/Sakurairo/js/page.js?ver=3.0.4
Reusing existing connection to web.archive.org:443.
HTTP request sent, awaiting response... 302 FOUND
Location: https://web.archive.org/web/20260210034719js_/https://blog.epheia.moe/wp-content/themes/Sakurairo/js/page.js?ver=3.0.4 [following]
--2026-09-17 00:17:25--  https://web.archive.org/web/20260210034719js_/https://blog.epheia.moe/wp-content/themes/Sakurairo/js/page.js?ver=3.0.4
Reusing existing connection to web.archive.org:443.
HTTP request sent, awaiting response... 200 OK
Length: unspecified [application/javascript]
Saving to: ‘blog.epheia.moe/web.archive.org/web/20260206162955js_/https:/blog.epheia.moe/wp-content/themes/Sakurairo/js/page.js?ver=3.0.4’

     0K .......... .......... .......... .......... .......... 5.74M
    50K ........                                                172K=0.009s

2026-09-17 00:17:25 (6.73 MB/s) - ‘blog.epheia.moe/web.archive.org/web/20260206162955js_/https:/blog.epheia.moe/wp-content/themes/Sakurairo/js/page.js?ver=3.0.4’ saved [60011]

--2026-09-17 00:17:26--  https://web.archive.org/web/20260206162955js_/https://blog.epheia.moe/wp-includes/js/comment-reply.min.js?ver=6.9.1
Reusing existing connection to web.archive.org:443.
HTTP request sent, awaiting response... 302 FOUND
Location: https://web.archive.org/web/20260222105123js_/https://blog.epheia.moe/wp-includes/js/comment-reply.min.js?ver=6.9.1 [following]
--2026-09-17 00:17:27--  https://web.archive.org/web/20260222105123js_/https://blog.epheia.moe/wp-includes/js/comment-reply.min.js?ver=6.9.1
Reusing existing connection to web.archive.org:443.
HTTP request sent, awaiting response... 200 OK
Length: unspecified [application/javascript]
Saving to: ‘blog.epheia.moe/web.archive.org/web/20260206162955js_/https:/blog.epheia.moe/wp-includes/js/comment-reply.min.js?ver=6.9.1’

     0K ....                                                    523M=0s

2026-09-17 00:17:28 (523 MB/s) - ‘blog.epheia.moe/web.archive.org/web/20260206162955js_/https:/blog.epheia.moe/wp-includes/js/comment-reply.min.js?ver=6.9.1’ saved [4386]

--2026-09-17 00:17:29--  https://web.archive.org/web/20260206162955js_/https://s.nmxc.ltd/sakurairo/@3.0.4/js/smoothscroll.js?ver=3.0.4
Reusing existing connection to web.archive.org:443.
HTTP request sent, awaiting response... 302 FOUND
Location: https://web.archive.org/web/20260207154815js_/https://s.nmxc.ltd/sakurairo/@3.0.4/js/smoothscroll.js?ver=3.0.4 [following]
--2026-09-17 00:17:31--  https://web.archive.org/web/20260207154815js_/https://s.nmxc.ltd/sakurairo/@3.0.4/js/smoothscroll.js?ver=3.0.4
Reusing existing connection to web.archive.org:443.
HTTP request sent, awaiting response... 200 OK
Length: unspecified [application/javascript]
Saving to: ‘blog.epheia.moe/web.archive.org/web/20260206162955js_/https:/s.nmxc.ltd/sakurairo/@3.0.4/js/smoothscroll.js?ver=3.0.4’

     0K .......... ...                                         52.2M=0s

2026-09-17 00:17:31 (52.2 MB/s) - ‘blog.epheia.moe/web.archive.org/web/20260206162955js_/https:/s.nmxc.ltd/sakurairo/@3.0.4/js/smoothscroll.js?ver=3.0.4’ saved [13693]

--2026-09-17 00:17:32--  https://web.archive.org/web/20260206162955/https://blog.epheia.moe/a/date/2025/10/
Reusing existing connection to web.archive.org:443.
HTTP request sent, awaiting response... 302 FOUND
Location: https://web.archive.org/web/20260103055039/https://blog.epheia.moe/a/date/2025/10/ [following]
--2026-09-17 00:17:33--  https://web.archive.org/web/20260103055039/https://blog.epheia.moe/a/date/2025/10/
Reusing existing connection to web.archive.org:443.
HTTP request sent, awaiting response... 200 OK
Length: unspecified [text/html]
Saving to: ‘blog.epheia.moe/web.archive.org/web/20260206162955/https:/blog.epheia.moe/a/date/2025/10/index.html’

     0K .......... .......... .......... .......... .......... 5.94M
    50K .......... .......... .......... .......... .......... 2.43M
   100K .......... .......... .......... .......... .......... 52.8M
   150K .......... .......... .......... .......... .......... 7.71M
   200K .......... .......... .......... ........              6.64M=0.04s

Last-modified header missing -- time-stamps turned off.
2026-09-17 00:17:33 (5.65 MB/s) - ‘blog.epheia.moe/web.archive.org/web/20260206162955/https:/blog.epheia.moe/a/date/2025/10/index.html’ saved [244070]

--2026-09-17 00:17:35--  https://web.archive.org/web/20251228064038/https://s4.zstatic.net/
Reusing existing connection to web.archive.org:443.
HTTP request sent, awaiting response... 302 FOUND
Location: https://web.archive.org/web/20260104163124/https://s4.zstatic.net/ [following]
--2026-09-17 00:17:36--  https://web.archive.org/web/20260104163124/https://s4.zstatic.net/
Reusing existing connection to web.archive.org:443.
HTTP request sent, awaiting response... 200 OK
Length: unspecified [application/json]
Saving to: ‘blog.epheia.moe/web.archive.org/web/20251228064038/https:/s4.zstatic.net/index.html’

     0K                                                        11.4M=0s

2026-09-17 00:17:36 (11.4 MB/s) - ‘blog.epheia.moe/web.archive.org/web/20251228064038/https:/s4.zstatic.net/index.html’ saved [36]

--2026-09-17 00:17:37--  https://web.archive.org/web/20251228064038/https://s4.zstatic.net/ajax/libs/font-awesome/6.7.2/css/all.min.css
Reusing existing connection to web.archive.org:443.
HTTP request sent, awaiting response... 302 FOUND
Location: https://web.archive.org/web/20251228091021/https://s4.zstatic.net/ajax/libs/font-awesome/6.7.2/css/all.min.css [following]
--2026-09-17 00:17:39--  https://web.archive.org/web/20251228091021/https://s4.zstatic.net/ajax/libs/font-awesome/6.7.2/css/all.min.css
Reusing existing connection to web.archive.org:443.
HTTP request sent, awaiting response... 200 OK
Length: unspecified [text/css]
Saving to: ‘blog.epheia.moe/web.archive.org/web/20251228064038/https:/s4.zstatic.net/ajax/libs/font-awesome/6.7.2/css/all.min.css’

     0K .......... .......... .......... .......... .......... 7.42M
    50K .......... .......... ...                              12.2M=0.008s

2026-09-17 00:17:39 (8.50 MB/s) - ‘blog.epheia.moe/web.archive.org/web/20251228064038/https:/s4.zstatic.net/ajax/libs/font-awesome/6.7.2/css/all.min.css’ saved [75768]

--2026-09-17 00:17:40--  https://web.archive.org/web/20251228064038cs_/https://s4.zstatic.net/ajax/libs/font-awesome/6.7.2/css/all.min.css
Reusing existing connection to web.archive.org:443.
HTTP request sent, awaiting response... 302 FOUND
Location: https://web.archive.org/web/20251228091021cs_/https://s4.zstatic.net/ajax/libs/font-awesome/6.7.2/css/all.min.css [following]
--2026-09-17 00:17:42--  https://web.archive.org/web/20251228091021cs_/https://s4.zstatic.net/ajax/libs/font-awesome/6.7.2/css/all.min.css
Reusing existing connection to web.archive.org:443.
HTTP request sent, awaiting response... 200 OK
Length: unspecified [text/css]
Saving to: ‘blog.epheia.moe/web.archive.org/web/20251228064038cs_/https:/s4.zstatic.net/ajax/libs/font-awesome/6.7.2/css/all.min.css’

     0K .......... .......... .......... .......... .......... 4.29M
    50K .......... .......... ...                              47.5M=0.01s

2026-09-17 00:17:42 (6.08 MB/s) - ‘blog.epheia.moe/web.archive.org/web/20251228064038cs_/https:/s4.zstatic.net/ajax/libs/font-awesome/6.7.2/css/all.min.css’ saved [75766]

--2026-09-17 00:17:43--  https://web.archive.org/web/20251228064038im_/https://s.nmxc.ltd/sakurairo_vision/@3.0/basic/favicon.ico
Reusing existing connection to web.archive.org:443.
HTTP request sent, awaiting response... 302 FOUND
Location: https://web.archive.org/web/20251227171140im_/https://s.nmxc.ltd/sakurairo_vision/@3.0/basic/favicon.ico [following]
--2026-09-17 00:17:44--  https://web.archive.org/web/20251227171140im_/https://s.nmxc.ltd/sakurairo_vision/@3.0/basic/favicon.ico
Reusing existing connection to web.archive.org:443.
HTTP request sent, awaiting response... 200 OK
Length: 160814 (157K) [image/x-icon]
Saving to: ‘blog.epheia.moe/web.archive.org/web/20251228064038im_/https:/s.nmxc.ltd/sakurairo_vision/@3.0/basic/favicon.ico’

     0K .......... .......... .......... .......... .......... 31% 9.46M 0s
    50K .......... .......... .......... .......... .......... 63% 4.80M 0s
   100K .......... .......... .......... .......... .......... 95% 4.84M 0s
   150K .......                                               100%  141K=0.03s

2026-09-17 00:17:45 (6.04 MB/s) - ‘blog.epheia.moe/web.archive.org/web/20251228064038im_/https:/s.nmxc.ltd/sakurairo_vision/@3.0/basic/favicon.ico’ saved [160814/160814]

--2026-09-17 00:17:46--  https://web.archive.org/web/20251228064038/https://blog.epheia.moe/
Reusing existing connection to web.archive.org:443.
HTTP request sent, awaiting response... 302 FOUND
Location: https://web.archive.org/web/20251227031920/https://blog.epheia.moe/ [following]
--2026-09-17 00:17:47--  https://web.archive.org/web/20251227031920/https://blog.epheia.moe/
Reusing existing connection to web.archive.org:443.
HTTP request sent, awaiting response... 200 OK
Length: unspecified [text/html]
Saving to: ‘blog.epheia.moe/web.archive.org/web/20251228064038/https:/blog.epheia.moe/index.html’

     0K .......... .......... .......... .......... .......... 40.0M
    50K .......... .......... .......... .......... .......... 28.5M
   100K .......... .......... .......... .......... .......... 19.0M
   150K .......... .......... .......... .......... .......... 10.8M
   200K .......... .......... .......... .......... .......... 3.64M
   250K ......                                                 7.25M=0.02s

Last-modified header missing -- time-stamps turned off.
2026-09-17 00:17:47 (10.3 MB/s) - ‘blog.epheia.moe/web.archive.org/web/20251228064038/https:/blog.epheia.moe/index.html’ saved [262762]

--2026-09-17 00:17:48--  https://web.archive.org/web/20251228064038/https://s.nmxc.ltd/
Reusing existing connection to web.archive.org:443.
HTTP request sent, awaiting response... 302 FOUND
Location: https://web.archive.org/web/20251225101737/https://s.nmxc.ltd/ [following]
--2026-09-17 00:17:49--  https://web.archive.org/web/20251225101737/https://s.nmxc.ltd/
Reusing existing connection to web.archive.org:443.
HTTP request sent, awaiting response... 200 OK
Length: unspecified [text/html]
Saving to: ‘blog.epheia.moe/web.archive.org/web/20251228064038/https:/s.nmxc.ltd/index.html’

     0K ..                                                      351M=0s

2026-09-17 00:17:50 (351 MB/s) - ‘blog.epheia.moe/web.archive.org/web/20251228064038/https:/s.nmxc.ltd/index.html’ saved [2211]

--2026-09-17 00:17:51--  https://web.archive.org/web/20251228064038/https://blog.epheia.moe/wp-content/themes/Sakurairo/css/?iro_header&github&no_wave&minify&3.0.4
Reusing existing connection to web.archive.org:443.
HTTP request sent, awaiting response... 302 FOUND
Location: https://web.archive.org/web/20251227031920/https://blog.epheia.moe/wp-content/themes/Sakurairo/css/?iro_header&github&no_wave&minify&3.0.4 [following]
--2026-09-17 00:17:53--  https://web.archive.org/web/20251227031920/https://blog.epheia.moe/wp-content/themes/Sakurairo/css/?iro_header&github&no_wave&minify&3.0.4
Reusing existing connection to web.archive.org:443.
HTTP request sent, awaiting response... 200 OK
Length: unspecified [text/css]
Saving to: ‘blog.epheia.moe/web.archive.org/web/20251228064038/https:/blog.epheia.moe/wp-content/themes/Sakurairo/css/index.html?iro_header&github&no_wave&minify&3.0.4.css’

     0K .......... .......... .......... .......... .......... 2.80M
    50K .......... .......... .......... .......... .......... 7.04M
   100K .......... .......... .......... .......... .......... 21.0M
   150K .......                                                5.44M=0.03s

Last-modified header missing -- time-stamps turned off.
2026-09-17 00:17:53 (5.48 MB/s) - ‘blog.epheia.moe/web.archive.org/web/20251228064038/https:/blog.epheia.moe/wp-content/themes/Sakurairo/css/index.html?iro_header&github&no_wave&minify&3.0.4.css’ saved [161514]

--2026-09-17 00:17:55--  https://web.archive.org/web/20251228064038cs_/https://blog.epheia.moe/wp-content/themes/Sakurairo/css/?iro_header&github&no_wave&minify&3.0.4
Reusing existing connection to web.archive.org:443.
HTTP request sent, awaiting response... 302 FOUND
Location: https://web.archive.org/web/20251227031920cs_/https://blog.epheia.moe/wp-content/themes/Sakurairo/css/?iro_header&github&no_wave&minify&3.0.4 [following]
--2026-09-17 00:17:56--  https://web.archive.org/web/20251227031920cs_/https://blog.epheia.moe/wp-content/themes/Sakurairo/css/?iro_header&github&no_wave&minify&3.0.4
Reusing existing connection to web.archive.org:443.
HTTP request sent, awaiting response... 200 OK
Length: unspecified [text/css]
Saving to: ‘blog.epheia.moe/web.archive.org/web/20251228064038cs_/https:/blog.epheia.moe/wp-content/themes/Sakurairo/css/index.html?iro_header&github&no_wave&minify&3.0.4.css’

     0K .......... .......... .......... .......... .......... 6.09M
    50K .......... .......... .......... .......... .......... 6.55M
   100K .......... .......... .......... .......... .......... 2.44M
   150K .......                                                1.33M=0.04s

Last-modified header missing -- time-stamps turned off.
2026-09-17 00:17:56 (3.75 MB/s) - ‘blog.epheia.moe/web.archive.org/web/20251228064038cs_/https:/blog.epheia.moe/wp-content/themes/Sakurairo/css/index.html?iro_header&github&no_wave&minify&3.0.4.css’ saved [161511]

--2026-09-17 00:17:57--  https://web.archive.org/web/20251228064038im_/https://s.nmxc.ltd/sakurairo_vision/@3.0/basic/puff-load.svg
Reusing existing connection to web.archive.org:443.
HTTP request sent, awaiting response... 302 FOUND
Location: https://web.archive.org/web/20251228091025im_/https://s.nmxc.ltd/sakurairo_vision/@3.0/basic/puff-load.svg [following]
--2026-09-17 00:17:58--  https://web.archive.org/web/20251228091025im_/https://s.nmxc.ltd/sakurairo_vision/@3.0/basic/puff-load.svg
Reusing existing connection to web.archive.org:443.
HTTP request sent, awaiting response... 200 OK
Length: unspecified [image/svg+xml]
Saving to: ‘blog.epheia.moe/web.archive.org/web/20251228064038im_/https:/s.nmxc.ltd/sakurairo_vision/@3.0/basic/puff-load.svg’

     0K .                                                       107M=0s

2026-09-17 00:17:58 (107 MB/s) - ‘blog.epheia.moe/web.archive.org/web/20251228064038im_/https:/s.nmxc.ltd/sakurairo_vision/@3.0/basic/puff-load.svg’ saved [1463]

--2026-09-17 00:18:00--  https://web.archive.org/web/20251228064038im_/https://blog.epheia.moe/a/119
Reusing existing connection to web.archive.org:443.
HTTP request sent, awaiting response... 200 OK
Length: unspecified [text/html]
Saving to: ‘blog.epheia.moe/web.archive.org/web/20251228064038im_/https:/blog.epheia.moe/a/119.html’

     0K .......... .......... .......... .......... .......... 25.9M
    50K .......... .......... .......... .......... .......... 1.70M
   100K .......... .......... .......... .......... ..........  647K
   150K .......... .......... .......... .......... .......... 6.28M
   200K .......... .......... .......... .......... .......... 4.04M
   250K .......... .                                           4.07M=0.1s

Last-modified header missing -- time-stamps turned off.
2026-09-17 00:18:00 (1.96 MB/s) - ‘blog.epheia.moe/web.archive.org/web/20251228064038im_/https:/blog.epheia.moe/a/119.html’ saved [267288]

--2026-09-17 00:18:01--  https://web.archive.org/web/20251228064038im_/https://s.nmxc.ltd/sakurairo_vision/@3.0/basic/add.svg
Reusing existing connection to web.archive.org:443.
HTTP request sent, awaiting response... 302 FOUND
Location: https://web.archive.org/web/20260105220038im_/https://s.nmxc.ltd/sakurairo_vision/@3.0/basic/add.svg [following]
--2026-09-17 00:18:03--  https://web.archive.org/web/20260105220038im_/https://s.nmxc.ltd/sakurairo_vision/@3.0/basic/add.svg
Reusing existing connection to web.archive.org:443.
HTTP request sent, awaiting response... 504 Gateway Time-out
Retrying.

--2026-09-17 00:18:04--  (try: 2)  https://web.archive.org/web/20260105220038im_/https://s.nmxc.ltd/sakurairo_vision/@3.0/basic/add.svg
Reusing existing connection to web.archive.org:443.
HTTP request sent, awaiting response... 504 Gateway Time-out
Retrying.

--2026-09-17 00:18:06--  (try: 3)  https://web.archive.org/web/20260105220038im_/https://s.nmxc.ltd/sakurairo_vision/@3.0/basic/add.svg
Reusing existing connection to web.archive.org:443.
HTTP request sent, awaiting response... 504 Gateway Time-out
Retrying.

--2026-09-17 00:18:10--  (try: 4)  https://web.archive.org/web/20260105220038im_/https://s.nmxc.ltd/sakurairo_vision/@3.0/basic/add.svg
Reusing existing connection to web.archive.org:443.
HTTP request sent, awaiting response... 504 Gateway Time-out
Retrying.

--2026-09-17 00:18:14--  (try: 5)  https://web.archive.org/web/20260105220038im_/https://s.nmxc.ltd/sakurairo_vision/@3.0/basic/add.svg
Reusing existing connection to web.archive.org:443.
HTTP request sent, awaiting response... 504 Gateway Time-out
Giving up.

--2026-09-17 00:18:16--  https://web.archive.org/web/20251228064038im_/https://s.nmxc.ltd/sakurairo_vision/@3.0/basic/grid.png
Reusing existing connection to web.archive.org:443.
HTTP request sent, awaiting response... 302 FOUND
Location: https://web.archive.org/web/20251229104233im_/https://s.nmxc.ltd/sakurairo_vision/@3.0/basic/grid.png [following]
--2026-09-17 00:18:17--  https://web.archive.org/web/20251229104233im_/https://s.nmxc.ltd/sakurairo_vision/@3.0/basic/grid.png
Reusing existing connection to web.archive.org:443.
HTTP request sent, awaiting response... 200 OK
Length: 125 [image/png]
Saving to: ‘blog.epheia.moe/web.archive.org/web/20251228064038im_/https:/s.nmxc.ltd/sakurairo_vision/@3.0/basic/grid.png’

     0K                                                       100% 23.8M=0s

2026-09-17 00:18:17 (23.8 MB/s) - ‘blog.epheia.moe/web.archive.org/web/20251228064038im_/https:/s.nmxc.ltd/sakurairo_vision/@3.0/basic/grid.png’ saved [125/125]

--2026-09-17 00:18:18--  https://web.archive.org/web/20251228064038im_/https://s.nmxc.ltd/sakurairo_vision/@3.0/basic/dot.gif
Reusing existing connection to web.archive.org:443.
HTTP request sent, awaiting response... 302 FOUND
Location: https://web.archive.org/web/20260105220034im_/https://s.nmxc.ltd/sakurairo_vision/@3.0/basic/dot.gif [following]
--2026-09-17 00:18:20--  https://web.archive.org/web/20260105220034im_/https://s.nmxc.ltd/sakurairo_vision/@3.0/basic/dot.gif
Reusing existing connection to web.archive.org:443.
HTTP request sent, awaiting response... 504 Gateway Time-out
Retrying.

--2026-09-17 00:18:21--  (try: 2)  https://web.archive.org/web/20260105220034im_/https://s.nmxc.ltd/sakurairo_vision/@3.0/basic/dot.gif
Reusing existing connection to web.archive.org:443.
HTTP request sent, awaiting response... 504 Gateway Time-out
Retrying.

--2026-09-17 00:18:23--  (try: 3)  https://web.archive.org/web/20260105220034im_/https://s.nmxc.ltd/sakurairo_vision/@3.0/basic/dot.gif
Reusing existing connection to web.archive.org:443.
HTTP request sent, awaiting response... 504 Gateway Time-out
Retrying.

--2026-09-17 00:18:27--  (try: 4)  https://web.archive.org/web/20260105220034im_/https://s.nmxc.ltd/sakurairo_vision/@3.0/basic/dot.gif
Reusing existing connection to web.archive.org:443.
HTTP request sent, awaiting response... 504 Gateway Time-out
Retrying.

--2026-09-17 00:18:31--  (try: 5)  https://web.archive.org/web/20260105220034im_/https://s.nmxc.ltd/sakurairo_vision/@3.0/basic/dot.gif
Reusing existing connection to web.archive.org:443.
HTTP request sent, awaiting response... 504 Gateway Time-out
Giving up.

--2026-09-17 00:18:32--  https://web.archive.org/web/20251228064038im_/https://s.nmxc.ltd/sakurairo_vision/@3.0/basic/play.svg
Reusing existing connection to web.archive.org:443.
HTTP request sent, awaiting response... 302 FOUND
Location: https://web.archive.org/web/20260105220035im_/https://s.nmxc.ltd/sakurairo_vision/@3.0/basic/play.svg [following]
--2026-09-17 00:18:34--  https://web.archive.org/web/20260105220035im_/https://s.nmxc.ltd/sakurairo_vision/@3.0/basic/play.svg
Reusing existing connection to web.archive.org:443.
HTTP request sent, awaiting response... 504 Gateway Time-out
Retrying.

--2026-09-17 00:18:35--  (try: 2)  https://web.archive.org/web/20260105220035im_/https://s.nmxc.ltd/sakurairo_vision/@3.0/basic/play.svg
Reusing existing connection to web.archive.org:443.
HTTP request sent, awaiting response... 504 Gateway Time-out
Retrying.

--2026-09-17 00:18:37--  (try: 3)  https://web.archive.org/web/20260105220035im_/https://s.nmxc.ltd/sakurairo_vision/@3.0/basic/play.svg
Reusing existing connection to web.archive.org:443.
HTTP request sent, awaiting response... 504 Gateway Time-out
Retrying.

--2026-09-17 00:18:41--  (try: 4)  https://web.archive.org/web/20260105220035im_/https://s.nmxc.ltd/sakurairo_vision/@3.0/basic/play.svg
Reusing existing connection to web.archive.org:443.
HTTP request sent, awaiting response... 504 Gateway Time-out
Retrying.

--2026-09-17 00:18:45--  (try: 5)  https://web.archive.org/web/20260105220035im_/https://s.nmxc.ltd/sakurairo_vision/@3.0/basic/play.svg
Reusing existing connection to web.archive.org:443.
HTTP request sent, awaiting response... 504 Gateway Time-out
Giving up.

--2026-09-17 00:18:47--  https://web.archive.org/web/20251228064038im_/https://s.nmxc.ltd/sakurairo_vision/@3.0/basic/pause.svg
Reusing existing connection to web.archive.org:443.
HTTP request sent, awaiting response... 302 FOUND
Location: https://web.archive.org/web/20260105220036im_/https://s.nmxc.ltd/sakurairo_vision/@3.0/basic/pause.svg [following]
--2026-09-17 00:18:49--  https://web.archive.org/web/20260105220036im_/https://s.nmxc.ltd/sakurairo_vision/@3.0/basic/pause.svg
Reusing existing connection to web.archive.org:443.
HTTP request sent, awaiting response... 200 OK
Length: 462 [image/svg+xml]
Saving to: ‘blog.epheia.moe/web.archive.org/web/20251228064038im_/https:/s.nmxc.ltd/sakurairo_vision/@3.0/basic/pause.svg’

     0K                                                       100%  110M=0s

2026-09-17 00:18:49 (110 MB/s) - ‘blog.epheia.moe/web.archive.org/web/20251228064038im_/https:/s.nmxc.ltd/sakurairo_vision/@3.0/basic/pause.svg’ saved [462/462]

--2026-09-17 00:18:50--  https://web.archive.org/web/20251228064038im_/https://blog.epheia.moe/wp-content/uploads/2025/11/cropped-1762012142-android-chrome-512x512-1-32x32.png
Reusing existing connection to web.archive.org:443.
HTTP request sent, awaiting response... 302 FOUND
Location: https://web.archive.org/web/20251228064049im_/https://blog.epheia.moe/wp-content/uploads/2025/11/cropped-1762012142-android-chrome-512x512-1-32x32.png [following]
--2026-09-17 00:18:52--  https://web.archive.org/web/20251228064049im_/https://blog.epheia.moe/wp-content/uploads/2025/11/cropped-1762012142-android-chrome-512x512-1-32x32.png
Reusing existing connection to web.archive.org:443.
HTTP request sent, awaiting response... 200 OK
Length: unspecified [image/png]
Saving to: ‘blog.epheia.moe/web.archive.org/web/20251228064038im_/https:/blog.epheia.moe/wp-content/uploads/2025/11/cropped-1762012142-android-chrome-512x512-1-32x32.png’

     0K ..                                                      188M=0s

2026-09-17 00:18:52 (188 MB/s) - ‘blog.epheia.moe/web.archive.org/web/20251228064038im_/https:/blog.epheia.moe/wp-content/uploads/2025/11/cropped-1762012142-android-chrome-512x512-1-32x32.png’ saved [2172]

--2026-09-17 00:18:53--  https://web.archive.org/web/20251228064038im_/https://blog.epheia.moe/wp-content/uploads/2025/11/cropped-1762012142-android-chrome-512x512-1-192x192.png
Reusing existing connection to web.archive.org:443.
HTTP request sent, awaiting response... 302 FOUND
Location: https://web.archive.org/web/20251228064049im_/https://blog.epheia.moe/wp-content/uploads/2025/11/cropped-1762012142-android-chrome-512x512-1-192x192.png [following]
--2026-09-17 00:18:54--  https://web.archive.org/web/20251228064049im_/https://blog.epheia.moe/wp-content/uploads/2025/11/cropped-1762012142-android-chrome-512x512-1-192x192.png
Reusing existing connection to web.archive.org:443.
HTTP request sent, awaiting response... 200 OK
Length: unspecified [image/png]
Saving to: ‘blog.epheia.moe/web.archive.org/web/20251228064038im_/https:/blog.epheia.moe/wp-content/uploads/2025/11/cropped-1762012142-android-chrome-512x512-1-192x192.png’

     0K .......... .......... .......... .......... ...        9.30M=0.005s

2026-09-17 00:18:55 (9.30 MB/s) - ‘blog.epheia.moe/web.archive.org/web/20251228064038im_/https:/blog.epheia.moe/wp-content/uploads/2025/11/cropped-1762012142-android-chrome-512x512-1-192x192.png’ saved [44033]

--2026-09-17 00:18:55--  https://web.archive.org/web/20251228064038im_/https://blog.epheia.moe/wp-content/uploads/2025/11/cropped-1762012142-android-chrome-512x512-1-180x180.png
Reusing existing connection to web.archive.org:443.
HTTP request sent, awaiting response... 302 FOUND
Location: https://web.archive.org/web/20251228064049im_/https://blog.epheia.moe/wp-content/uploads/2025/11/cropped-1762012142-android-chrome-512x512-1-180x180.png [following]
--2026-09-17 00:18:57--  https://web.archive.org/web/20251228064049im_/https://blog.epheia.moe/wp-content/uploads/2025/11/cropped-1762012142-android-chrome-512x512-1-180x180.png
Reusing existing connection to web.archive.org:443.
HTTP request sent, awaiting response... 200 OK
Length: unspecified [image/png]
Saving to: ‘blog.epheia.moe/web.archive.org/web/20251228064038im_/https:/blog.epheia.moe/wp-content/uploads/2025/11/cropped-1762012142-android-chrome-512x512-1-180x180.png’

     0K .......... .......... .......... ........              9.34M=0.004s

2026-09-17 00:18:57 (9.34 MB/s) - ‘blog.epheia.moe/web.archive.org/web/20251228064038im_/https:/blog.epheia.moe/wp-content/uploads/2025/11/cropped-1762012142-android-chrome-512x512-1-180x180.png’ saved [39892]

--2026-09-17 00:18:58--  https://web.archive.org/web/20251228064038js_/https://blog.epheia.moe/wp-content/themes/Sakurairo/js/nav.js
Reusing existing connection to web.archive.org:443.
HTTP request sent, awaiting response... 302 FOUND
Location: https://web.archive.org/web/20251228064049js_/https://blog.epheia.moe/wp-content/themes/Sakurairo/js/nav.js [following]
--2026-09-17 00:19:00--  https://web.archive.org/web/20251228064049js_/https://blog.epheia.moe/wp-content/themes/Sakurairo/js/nav.js
Reusing existing connection to web.archive.org:443.
HTTP request sent, awaiting response... 200 OK
Length: unspecified [application/javascript]
Saving to: ‘blog.epheia.moe/web.archive.org/web/20251228064038js_/https:/blog.epheia.moe/wp-content/themes/Sakurairo/js/nav.js’

     0K .......... .......... .......... .......... .......... 49.5M
    50K ....                                                   85.4K=0.001s

2026-09-17 00:19:00 (53.8 MB/s) - ‘blog.epheia.moe/web.archive.org/web/20251228064038js_/https:/blog.epheia.moe/wp-content/themes/Sakurairo/js/nav.js’ saved [55573]

--2026-09-17 00:19:02--  https://web.archive.org/web/20251228064038im_/https://blog.epheia.moe/wp-content/uploads/2025/11/1762012142-android-chrome-512x512-1.png
Reusing existing connection to web.archive.org:443.
HTTP request sent, awaiting response... 302 FOUND
Location: https://web.archive.org/web/20251228064044im_/https://blog.epheia.moe/wp-content/uploads/2025/11/1762012142-android-chrome-512x512-1.png [following]
--2026-09-17 00:19:04--  https://web.archive.org/web/20251228064044im_/https://blog.epheia.moe/wp-content/uploads/2025/11/1762012142-android-chrome-512x512-1.png
Reusing existing connection to web.archive.org:443.
HTTP request sent, awaiting response... 200 OK
Length: unspecified [image/png]
Saving to: ‘blog.epheia.moe/web.archive.org/web/20251228064038im_/https:/blog.epheia.moe/wp-content/uploads/2025/11/1762012142-android-chrome-512x512-1.png’

     0K .......... .......... .......... .......... .......... 7.65M
    50K .......... .......... .......... .......... .......... 5.15M
   100K .......... .......... .......... .......... .......... 5.97M
   150K .......... .......... .......... .......... .......... 5.11M
   200K .......... .......... .......... .......... ..........  572K
   250K .......... .......... .......... .......... .......... 45.5M
   300K .......... .......... .......... .......... .......... 16.2M
   350K ....                                                   29.7M=0.1s

2026-09-17 00:19:04 (2.76 MB/s) - ‘blog.epheia.moe/web.archive.org/web/20251228064038im_/https:/blog.epheia.moe/wp-content/uploads/2025/11/1762012142-android-chrome-512x512-1.png’ saved [363070]

--2026-09-17 00:19:05--  https://web.archive.org/web/20251228064038im_/https://blog.epheia.moe/wp-content/uploads/2025/10/1761925036-Image_1761925021241.jpg
Reusing existing connection to web.archive.org:443.
HTTP request sent, awaiting response... 302 FOUND
Location: https://web.archive.org/web/20251228064044im_/https://blog.epheia.moe/wp-content/uploads/2025/10/1761925036-Image_1761925021241.jpg [following]
--2026-09-17 00:19:07--  https://web.archive.org/web/20251228064044im_/https://blog.epheia.moe/wp-content/uploads/2025/10/1761925036-Image_1761925021241.jpg
Reusing existing connection to web.archive.org:443.
HTTP request sent, awaiting response... 200 OK
Length: unspecified [image/jpeg]
Saving to: ‘blog.epheia.moe/web.archive.org/web/20251228064038im_/https:/blog.epheia.moe/wp-content/uploads/2025/10/1761925036-Image_1761925021241.jpg’

     0K .......... .......... .......... .......... .......... 9.45M
    50K .                                                      22.5K=0.005s

2026-09-17 00:19:07 (9.66 MB/s) - ‘blog.epheia.moe/web.archive.org/web/20251228064038im_/https:/blog.epheia.moe/wp-content/uploads/2025/10/1761925036-Image_1761925021241.jpg’ saved [52353]

--2026-09-17 00:19:08--  https://web.archive.org/web/20251228064038im_/https://s.nmxc.ltd/sakurairo_vision/@3.0/display_icon/fluent_design/tw.webp
Reusing existing connection to web.archive.org:443.
HTTP request sent, awaiting response... 302 FOUND
Location: https://web.archive.org/web/20251228064045im_/https://s.nmxc.ltd/sakurairo_vision/@3.0/display_icon/fluent_design/tw.webp [following]
--2026-09-17 00:19:09--  https://web.archive.org/web/20251228064045im_/https://s.nmxc.ltd/sakurairo_vision/@3.0/display_icon/fluent_design/tw.webp
Reusing existing connection to web.archive.org:443.
HTTP request sent, awaiting response... 200 OK
Length: 6706 (6.5K) [image/webp]
Saving to: ‘blog.epheia.moe/web.archive.org/web/20251228064038im_/https:/s.nmxc.ltd/sakurairo_vision/@3.0/display_icon/fluent_design/tw.webp’

     0K ......                                                100% 1.56G=0s

2026-09-17 00:19:09 (1.56 GB/s) - ‘blog.epheia.moe/web.archive.org/web/20251228064038im_/https:/s.nmxc.ltd/sakurairo_vision/@3.0/display_icon/fluent_design/tw.webp’ saved [6706/6706]

--2026-09-17 00:19:10--  https://web.archive.org/web/20251228064038im_/https://s.nmxc.ltd/sakurairo_vision/@3.0/display_icon/fluent_design/mail.webp
Reusing existing connection to web.archive.org:443.
HTTP request sent, awaiting response... 302 FOUND
Location: https://web.archive.org/web/20251227171139im_/https://s.nmxc.ltd/sakurairo_vision/@3.0/display_icon/fluent_design/mail.webp [following]
--2026-09-17 00:19:13--  https://web.archive.org/web/20251227171139im_/https://s.nmxc.ltd/sakurairo_vision/@3.0/display_icon/fluent_design/mail.webp
Reusing existing connection to web.archive.org:443.
HTTP request sent, awaiting response... 200 OK
Length: 6446 (6.3K) [image/webp]
Saving to: ‘blog.epheia.moe/web.archive.org/web/20251228064038im_/https:/s.nmxc.ltd/sakurairo_vision/@3.0/display_icon/fluent_design/mail.webp’

     0K ......                                                100% 1.50G=0s

2026-09-17 00:19:13 (1.50 GB/s) - ‘blog.epheia.moe/web.archive.org/web/20251228064038im_/https:/s.nmxc.ltd/sakurairo_vision/@3.0/display_icon/fluent_design/mail.webp’ saved [6446/6446]

--2026-09-17 00:19:15--  https://web.archive.org/web/20251228064038/https://blog.epheia.moe/a/author/epheia/
Reusing existing connection to web.archive.org:443.
HTTP request sent, awaiting response... 302 FOUND
Location: https://web.archive.org/web/20260210034219/https://blog.epheia.moe/a/author/epheia/ [following]
--2026-09-17 00:19:16--  https://web.archive.org/web/20260210034219/https://blog.epheia.moe/a/author/epheia/
Reusing existing connection to web.archive.org:443.
HTTP request sent, awaiting response... 200 OK
Length: unspecified [text/html]
Saving to: ‘blog.epheia.moe/web.archive.org/web/20251228064038/https:/blog.epheia.moe/a/author/epheia/index.html’

     0K .......... .......... .......... .......... .......... 5.46M
    50K .......... .......... .......... .......... .......... 7.62M
   100K .......... .......... .......... .......... .......... 1.59M
   150K .......... .......... .......... .......... .......... 1.39M
   200K .......... .......... .......... .......... .......... 6.23M
   250K .......                                                4.18M=0.09s

Last-modified header missing -- time-stamps turned off.
2026-09-17 00:19:17 (2.77 MB/s) - ‘blog.epheia.moe/web.archive.org/web/20251228064038/https:/blog.epheia.moe/a/author/epheia/index.html’ saved [263829]

--2026-09-17 00:19:18--  https://web.archive.org/web/20251228064038im_/https://blog.epheia.moe/wp-content/uploads/2025/10/1760850234-image-1024x544.png
Reusing existing connection to web.archive.org:443.
HTTP request sent, awaiting response... 302 FOUND
Location: https://web.archive.org/web/20251228064044im_/https://blog.epheia.moe/wp-content/uploads/2025/10/1760850234-image-1024x544.png [following]
--2026-09-17 00:19:20--  https://web.archive.org/web/20251228064044im_/https://blog.epheia.moe/wp-content/uploads/2025/10/1760850234-image-1024x544.png
Reusing existing connection to web.archive.org:443.
HTTP request sent, awaiting response... 200 OK
Length: unspecified [image/png]
Saving to: ‘blog.epheia.moe/web.archive.org/web/20251228064038im_/https:/blog.epheia.moe/wp-content/uploads/2025/10/1760850234-image-1024x544.png’

     0K .......... .......... .......... .......... .......... 35.6M
    50K .......... .......... .......... .......... .......... 21.3M
   100K .......... .......... .......... .......... .......... 14.0M
   150K .......... .......... .......... .......... .......... 5.90M
   200K .......... .......... .......... .......... .......... 4.52M
   250K .......... .......... .......... .......... .......... 5.75M
   300K .......... .......... .......... .......... ..........  507K
   350K .......... .......... .......... .......... .......... 26.6M
   400K .......... .......... .......... .......... .......... 29.9M
   450K .......... .........                                   8.12M=0.1s

2026-09-17 00:19:20 (3.30 MB/s) - ‘blog.epheia.moe/web.archive.org/web/20251228064038im_/https:/blog.epheia.moe/wp-content/uploads/2025/10/1760850234-image-1024x544.png’ saved [481256]

--2026-09-17 00:19:21--  https://web.archive.org/web/20251228064038im_/https://blog.epheia.moe/wp-content/uploads/2025/10/1760850234-image-300x159.png
Reusing existing connection to web.archive.org:443.
HTTP request sent, awaiting response... 302 FOUND
Location: https://web.archive.org/web/20251228064044im_/https://blog.epheia.moe/wp-content/uploads/2025/10/1760850234-image-300x159.png [following]
--2026-09-17 00:19:22--  https://web.archive.org/web/20251228064044im_/https://blog.epheia.moe/wp-content/uploads/2025/10/1760850234-image-300x159.png
Reusing existing connection to web.archive.org:443.
HTTP request sent, awaiting response... 200 OK
Length: unspecified [image/png]
Saving to: ‘blog.epheia.moe/web.archive.org/web/20251228064038im_/https:/blog.epheia.moe/wp-content/uploads/2025/10/1760850234-image-300x159.png’

     0K .......... .......... .......... .......... .......... 7.59M
    50K                                                        2.32K=0.006s

2026-09-17 00:19:22 (7.61 MB/s) - ‘blog.epheia.moe/web.archive.org/web/20251228064038im_/https:/blog.epheia.moe/wp-content/uploads/2025/10/1760850234-image-300x159.png’ saved [51319]

--2026-09-17 00:19:24--  https://web.archive.org/web/20251228064038im_/https://blog.epheia.moe/wp-content/uploads/2025/10/1760850234-image-768x408.png
Reusing existing connection to web.archive.org:443.
HTTP request sent, awaiting response... 302 FOUND
Location: https://web.archive.org/web/20251228064044im_/https://blog.epheia.moe/wp-content/uploads/2025/10/1760850234-image-768x408.png [following]
--2026-09-17 00:19:25--  https://web.archive.org/web/20251228064044im_/https://blog.epheia.moe/wp-content/uploads/2025/10/1760850234-image-768x408.png
Reusing existing connection to web.archive.org:443.
HTTP request sent, awaiting response... 200 OK
Length: unspecified [image/png]
Saving to: ‘blog.epheia.moe/web.archive.org/web/20251228064038im_/https:/blog.epheia.moe/wp-content/uploads/2025/10/1760850234-image-768x408.png’

     0K .......... .......... .......... .......... .......... 6.57M
    50K .......... .......... .......... .......... .......... 2.44M
   100K .......... .......... .......... .......... .......... 28.5M
   150K .......... .......... .......... .......... .......... 6.10M
   200K .......... .......... .......... .......... .......... 9.60M
   250K .......... .......... ...                              4.69M=0.05s

2026-09-17 00:19:25 (5.67 MB/s) - ‘blog.epheia.moe/web.archive.org/web/20251228064038im_/https:/blog.epheia.moe/wp-content/uploads/2025/10/1760850234-image-768x408.png’ saved [279616]

--2026-09-17 00:19:26--  https://web.archive.org/web/20251228064038im_/https://blog.epheia.moe/wp-content/uploads/2025/10/1760850234-image.png
Reusing existing connection to web.archive.org:443.
HTTP request sent, awaiting response... 302 FOUND
Location: https://web.archive.org/web/20251228064044im_/https://blog.epheia.moe/wp-content/uploads/2025/10/1760850234-image.png [following]
--2026-09-17 00:19:27--  https://web.archive.org/web/20251228064044im_/https://blog.epheia.moe/wp-content/uploads/2025/10/1760850234-image.png
Reusing existing connection to web.archive.org:443.
HTTP request sent, awaiting response... 200 OK
Length: unspecified [image/png]
Saving to: ‘blog.epheia.moe/web.archive.org/web/20251228064038im_/https:/blog.epheia.moe/wp-content/uploads/2025/10/1760850234-image.png’

     0K .......... .......... .......... .......... .......... 7.02M
    50K .......... .......... .......... .......... .......... 5.39M
   100K .......... .......... .......... .......... .......... 5.48M
   150K .......... .......... .......... .......... .......... 4.76M
   200K .......... .......... .......... .......... .......... 6.78M
   250K .......... .......... .......... .......... .......... 4.98M
   300K .......... .......... .......... .......... .......... 4.54M
   350K .......... .......... .......... .......... ..........  635K
   400K .......... .......... .......... .......... .......... 41.1M
   450K .......... .......... .......... .......... .......... 31.0M
   500K .......... .......... .......... .......... .......... 12.5M
   550K .......... .......... .......... .......... .......... 37.4M
   600K .......... .......... .......... .......... .......... 50.1M
   650K .......... .......... .......... .......... .......... 18.9M
   700K .......... .......... .......... .......... .......... 11.6M
   750K .......... .......... .......... .......... .......... 18.2M
   800K .......... .......... .......... .......... .......... 15.0M
   850K .......... .......... .......... .......... .......... 13.2M
   900K .......... .......... .......... .......... .......... 5.52M
   950K .......... .......                                     33.1M=0.2s

2026-09-17 00:19:27 (5.36 MB/s) - ‘blog.epheia.moe/web.archive.org/web/20251228064038im_/https:/blog.epheia.moe/wp-content/uploads/2025/10/1760850234-image.png’ saved [991137]

--2026-09-17 00:19:29--  https://web.archive.org/web/20251228064038im_/https://blog.epheia.moe/wp-content/uploads/2025/10/1760850635-image.png
Reusing existing connection to web.archive.org:443.
HTTP request sent, awaiting response... 302 FOUND
Location: https://web.archive.org/web/20251228064044im_/https://blog.epheia.moe/wp-content/uploads/2025/10/1760850635-image.png [following]
--2026-09-17 00:19:30--  https://web.archive.org/web/20251228064044im_/https://blog.epheia.moe/wp-content/uploads/2025/10/1760850635-image.png
Reusing existing connection to web.archive.org:443.
HTTP request sent, awaiting response... 200 OK
Length: unspecified [image/png]
Saving to: ‘blog.epheia.moe/web.archive.org/web/20251228064038im_/https:/blog.epheia.moe/wp-content/uploads/2025/10/1760850635-image.png’

     0K .......... .......... .....                            61.7M=0s

2026-09-17 00:19:30 (61.7 MB/s) - ‘blog.epheia.moe/web.archive.org/web/20251228064038im_/https:/blog.epheia.moe/wp-content/uploads/2025/10/1760850635-image.png’ saved [25827]

--2026-09-17 00:19:32--  https://web.archive.org/web/20251228064038im_/https://blog.epheia.moe/wp-content/uploads/2025/10/1760850635-image-281x300.png
Reusing existing connection to web.archive.org:443.
HTTP request sent, awaiting response... 302 FOUND
Location: https://web.archive.org/web/20251228064044im_/https://blog.epheia.moe/wp-content/uploads/2025/10/1760850635-image-281x300.png [following]
--2026-09-17 00:19:33--  https://web.archive.org/web/20251228064044im_/https://blog.epheia.moe/wp-content/uploads/2025/10/1760850635-image-281x300.png
Reusing existing connection to web.archive.org:443.
HTTP request sent, awaiting response... 200 OK
Length: unspecified [image/png]
Saving to: ‘blog.epheia.moe/web.archive.org/web/20251228064038im_/https:/blog.epheia.moe/wp-content/uploads/2025/10/1760850635-image-281x300.png’

     0K .......... .....                                       25.6M=0.001s

2026-09-17 00:19:33 (25.6 MB/s) - ‘blog.epheia.moe/web.archive.org/web/20251228064038im_/https:/blog.epheia.moe/wp-content/uploads/2025/10/1760850635-image-281x300.png’ saved [15956]

--2026-09-17 00:19:34--  https://web.archive.org/web/20251228064038im_/https://blog.epheia.moe/wp-content/uploads/2025/10/1760850728-image.png
Reusing existing connection to web.archive.org:443.
HTTP request sent, awaiting response... 302 FOUND
Location: https://web.archive.org/web/20251228064044im_/https://blog.epheia.moe/wp-content/uploads/2025/10/1760850728-image.png [following]
--2026-09-17 00:19:35--  https://web.archive.org/web/20251228064044im_/https://blog.epheia.moe/wp-content/uploads/2025/10/1760850728-image.png
Reusing existing connection to web.archive.org:443.
HTTP request sent, awaiting response... 200 OK
Length: unspecified [image/png]
Saving to: ‘blog.epheia.moe/web.archive.org/web/20251228064038im_/https:/blog.epheia.moe/wp-content/uploads/2025/10/1760850728-image.png’

     0K .......... .......... ...                              36.5M=0.001s

2026-09-17 00:19:36 (36.5 MB/s) - ‘blog.epheia.moe/web.archive.org/web/20251228064038im_/https:/blog.epheia.moe/wp-content/uploads/2025/10/1760850728-image.png’ saved [24515]

--2026-09-17 00:19:37--  https://web.archive.org/web/20251228064038im_/https://blog.epheia.moe/wp-content/uploads/2025/10/1760850728-image-300x172.png
Reusing existing connection to web.archive.org:443.
HTTP request sent, awaiting response... 302 FOUND
Location: https://web.archive.org/web/20251228064044im_/https://blog.epheia.moe/wp-content/uploads/2025/10/1760850728-image-300x172.png [following]
--2026-09-17 00:19:38--  https://web.archive.org/web/20251228064044im_/https://blog.epheia.moe/wp-content/uploads/2025/10/1760850728-image-300x172.png
Reusing existing connection to web.archive.org:443.
HTTP request sent, awaiting response... 200 OK
Length: unspecified [image/png]
Saving to: ‘blog.epheia.moe/web.archive.org/web/20251228064038im_/https:/blog.epheia.moe/wp-content/uploads/2025/10/1760850728-image-300x172.png’

     0K .......... ......                                      19.0M=0.001s

2026-09-17 00:19:38 (19.0 MB/s) - ‘blog.epheia.moe/web.archive.org/web/20251228064038im_/https:/blog.epheia.moe/wp-content/uploads/2025/10/1760850728-image-300x172.png’ saved [16429]

--2026-09-17 00:19:39--  https://web.archive.org/web/20251228064038im_/https://blog.epheia.moe/wp-content/uploads/2025/10/1760850890-image.png
Reusing existing connection to web.archive.org:443.
HTTP request sent, awaiting response... 302 FOUND
Location: https://web.archive.org/web/20251228064044im_/https://blog.epheia.moe/wp-content/uploads/2025/10/1760850890-image.png [following]
--2026-09-17 00:19:40--  https://web.archive.org/web/20251228064044im_/https://blog.epheia.moe/wp-content/uploads/2025/10/1760850890-image.png
Reusing existing connection to web.archive.org:443.
HTTP request sent, awaiting response... 200 OK
Length: unspecified [image/png]
Saving to: ‘blog.epheia.moe/web.archive.org/web/20251228064038im_/https:/blog.epheia.moe/wp-content/uploads/2025/10/1760850890-image.png’

     0K .......... .......... .......                          2.00M=0.01s

2026-09-17 00:19:41 (2.00 MB/s) - ‘blog.epheia.moe/web.archive.org/web/20251228064038im_/https:/blog.epheia.moe/wp-content/uploads/2025/10/1760850890-image.png’ saved [28359]

--2026-09-17 00:19:41--  https://web.archive.org/web/20251228064038im_/https://blog.epheia.moe/wp-content/uploads/2025/10/1760850890-image-300x141.png
Reusing existing connection to web.archive.org:443.
HTTP request sent, awaiting response... 302 FOUND
Location: https://web.archive.org/web/20251228064044im_/https://blog.epheia.moe/wp-content/uploads/2025/10/1760850890-image-300x141.png [following]
--2026-09-17 00:19:42--  https://web.archive.org/web/20251228064044im_/https://blog.epheia.moe/wp-content/uploads/2025/10/1760850890-image-300x141.png
Reusing existing connection to web.archive.org:443.
HTTP request sent, awaiting response... 200 OK
Length: unspecified [image/png]
Saving to: ‘blog.epheia.moe/web.archive.org/web/20251228064038im_/https:/blog.epheia.moe/wp-content/uploads/2025/10/1760850890-image-300x141.png’

     0K .......... ........                                    1.78M=0.01s

2026-09-17 00:19:43 (1.78 MB/s) - ‘blog.epheia.moe/web.archive.org/web/20251228064038im_/https:/blog.epheia.moe/wp-content/uploads/2025/10/1760850890-image-300x141.png’ saved [18699]

--2026-09-17 00:19:44--  https://web.archive.org/web/20251228064038im_/https://blog.epheia.moe/wp-content/uploads/2025/10/1760851158-image-1024x517.png
Reusing existing connection to web.archive.org:443.
HTTP request sent, awaiting response... 302 FOUND
Location: https://web.archive.org/web/20251228064044im_/https://blog.epheia.moe/wp-content/uploads/2025/10/1760851158-image-1024x517.png [following]
--2026-09-17 00:19:45--  https://web.archive.org/web/20251228064044im_/https://blog.epheia.moe/wp-content/uploads/2025/10/1760851158-image-1024x517.png
Reusing existing connection to web.archive.org:443.
HTTP request sent, awaiting response... 200 OK
Length: unspecified [image/png]
Saving to: ‘blog.epheia.moe/web.archive.org/web/20251228064038im_/https:/blog.epheia.moe/wp-content/uploads/2025/10/1760851158-image-1024x517.png’

     0K .......... .......... .......... .......... .......... 10.0M
    50K .......... .......... .......... .......... .......... 13.8M
   100K .......... .......... .......... .......... .......... 6.90M
   150K .......... .......... .......... .......... ......     14.4M=0.02s

2026-09-17 00:19:45 (10.3 MB/s) - ‘blog.epheia.moe/web.archive.org/web/20251228064038im_/https:/blog.epheia.moe/wp-content/uploads/2025/10/1760851158-image-1024x517.png’ saved [200729]

--2026-09-17 00:19:47--  https://web.archive.org/web/20251228064038im_/https://blog.epheia.moe/wp-content/uploads/2025/10/1760851158-image-300x151.png
Reusing existing connection to web.archive.org:443.
HTTP request sent, awaiting response... 302 FOUND
Location: https://web.archive.org/web/20251228064044im_/https://blog.epheia.moe/wp-content/uploads/2025/10/1760851158-image-300x151.png [following]
--2026-09-17 00:19:49--  https://web.archive.org/web/20251228064044im_/https://blog.epheia.moe/wp-content/uploads/2025/10/1760851158-image-300x151.png
Reusing existing connection to web.archive.org:443.
HTTP request sent, awaiting response... 200 OK
Length: unspecified [image/png]
Saving to: ‘blog.epheia.moe/web.archive.org/web/20251228064038im_/https:/blog.epheia.moe/wp-content/uploads/2025/10/1760851158-image-300x151.png’

     0K .......... .......... .......                          60.2M=0s

2026-09-17 00:19:49 (60.2 MB/s) - ‘blog.epheia.moe/web.archive.org/web/20251228064038im_/https:/blog.epheia.moe/wp-content/uploads/2025/10/1760851158-image-300x151.png’ saved [28293]

--2026-09-17 00:19:50--  https://web.archive.org/web/20251228064038im_/https://blog.epheia.moe/wp-content/uploads/2025/10/1760851158-image-768x387.png
Reusing existing connection to web.archive.org:443.
HTTP request sent, awaiting response... 302 FOUND
Location: https://web.archive.org/web/20251228064045im_/https://blog.epheia.moe/wp-content/uploads/2025/10/1760851158-image-768x387.png [following]
--2026-09-17 00:19:51--  https://web.archive.org/web/20251228064045im_/https://blog.epheia.moe/wp-content/uploads/2025/10/1760851158-image-768x387.png
Reusing existing connection to web.archive.org:443.
HTTP request sent, awaiting response... 200 OK
Length: unspecified [image/png]
Saving to: ‘blog.epheia.moe/web.archive.org/web/20251228064038im_/https:/blog.epheia.moe/wp-content/uploads/2025/10/1760851158-image-768x387.png’

     0K .......... .......... .......... .......... .......... 8.63M
    50K .......... .......... .......... .......... .......... 9.45M
   100K .......... .......... ....                             50.3M=0.01s

2026-09-17 00:19:51 (10.7 MB/s) - ‘blog.epheia.moe/web.archive.org/web/20251228064038im_/https:/blog.epheia.moe/wp-content/uploads/2025/10/1760851158-image-768x387.png’ saved [127283]

--2026-09-17 00:19:52--  https://web.archive.org/web/20251228064038im_/https://blog.epheia.moe/wp-content/uploads/2025/10/1760851158-image.png
Reusing existing connection to web.archive.org:443.
HTTP request sent, awaiting response... 302 FOUND
Location: https://web.archive.org/web/20251228064045im_/https://blog.epheia.moe/wp-content/uploads/2025/10/1760851158-image.png [following]
--2026-09-17 00:19:53--  https://web.archive.org/web/20251228064045im_/https://blog.epheia.moe/wp-content/uploads/2025/10/1760851158-image.png
Reusing existing connection to web.archive.org:443.
HTTP request sent, awaiting response... 200 OK
Length: unspecified [image/png]
Saving to: ‘blog.epheia.moe/web.archive.org/web/20251228064038im_/https:/blog.epheia.moe/wp-content/uploads/2025/10/1760851158-image.png’

     0K .......... .......... .......... .......... .......... 30.7M
    50K .......... .......... .......... .......... ..........  558K
   100K .......... .......... .......... .......... .......... 29.1M
   150K .......... .......... .......... .......... .......... 3.36M
   200K .......... .......... .......... .......... .......... 3.80M
   250K .....                                                  12.9M=0.1s

2026-09-17 00:19:53 (2.07 MB/s) - ‘blog.epheia.moe/web.archive.org/web/20251228064038im_/https:/blog.epheia.moe/wp-content/uploads/2025/10/1760851158-image.png’ saved [261881]

--2026-09-17 00:19:54--  https://web.archive.org/web/20251228064038im_/https://blog.epheia.moe/wp-content/uploads/2025/10/1760851293-image-1024x507.png
Reusing existing connection to web.archive.org:443.
HTTP request sent, awaiting response... 302 FOUND
Location: https://web.archive.org/web/20251228064045im_/https://blog.epheia.moe/wp-content/uploads/2025/10/1760851293-image-1024x507.png [following]
--2026-09-17 00:19:56--  https://web.archive.org/web/20251228064045im_/https://blog.epheia.moe/wp-content/uploads/2025/10/1760851293-image-1024x507.png
Reusing existing connection to web.archive.org:443.
HTTP request sent, awaiting response... 200 OK
Length: unspecified [image/png]
Saving to: ‘blog.epheia.moe/web.archive.org/web/20251228064038im_/https:/blog.epheia.moe/wp-content/uploads/2025/10/1760851293-image-1024x507.png’

     0K .......... .......... .......... .......... .......... 11.6M
    50K ..                                                     42.0K=0.004s

2026-09-17 00:19:56 (12.0 MB/s) - ‘blog.epheia.moe/web.archive.org/web/20251228064038im_/https:/blog.epheia.moe/wp-content/uploads/2025/10/1760851293-image-1024x507.png’ saved [53352]

--2026-09-17 00:19:57--  https://web.archive.org/web/20251228064038im_/https://blog.epheia.moe/wp-content/uploads/2025/10/1760851293-image-300x149.png
Reusing existing connection to web.archive.org:443.
HTTP request sent, awaiting response... 302 FOUND
Location: https://web.archive.org/web/20251228064045im_/https://blog.epheia.moe/wp-content/uploads/2025/10/1760851293-image-300x149.png [following]
--2026-09-17 00:19:59--  https://web.archive.org/web/20251228064045im_/https://blog.epheia.moe/wp-content/uploads/2025/10/1760851293-image-300x149.png
Reusing existing connection to web.archive.org:443.
HTTP request sent, awaiting response... 200 OK
Length: unspecified [image/png]
Saving to: ‘blog.epheia.moe/web.archive.org/web/20251228064038im_/https:/blog.epheia.moe/wp-content/uploads/2025/10/1760851293-image-300x149.png’

     0K ......                                                 1.30G=0s

2026-09-17 00:19:59 (1.30 GB/s) - ‘blog.epheia.moe/web.archive.org/web/20251228064038im_/https:/blog.epheia.moe/wp-content/uploads/2025/10/1760851293-image-300x149.png’ saved [6996]

--2026-09-17 00:20:00--  https://web.archive.org/web/20251228064038im_/https://blog.epheia.moe/wp-content/uploads/2025/10/1760851293-image-768x380.png
Reusing existing connection to web.archive.org:443.
HTTP request sent, awaiting response... 302 FOUND
Location: https://web.archive.org/web/20251228064045im_/https://blog.epheia.moe/wp-content/uploads/2025/10/1760851293-image-768x380.png [following]
--2026-09-17 00:20:01--  https://web.archive.org/web/20251228064045im_/https://blog.epheia.moe/wp-content/uploads/2025/10/1760851293-image-768x380.png
Reusing existing connection to web.archive.org:443.
HTTP request sent, awaiting response... 200 OK
Length: unspecified [image/png]
Saving to: ‘blog.epheia.moe/web.archive.org/web/20251228064038im_/https:/blog.epheia.moe/wp-content/uploads/2025/10/1760851293-image-768x380.png’

     0K .......... .......... .........                        81.1M=0s

2026-09-17 00:20:02 (81.1 MB/s) - ‘blog.epheia.moe/web.archive.org/web/20251228064038im_/https:/blog.epheia.moe/wp-content/uploads/2025/10/1760851293-image-768x380.png’ saved [30033]

--2026-09-17 00:20:03--  https://web.archive.org/web/20251228064038im_/https://blog.epheia.moe/wp-content/uploads/2025/10/1760851293-image.png
Reusing existing connection to web.archive.org:443.
HTTP request sent, awaiting response... 302 FOUND
Location: https://web.archive.org/web/20251228064045im_/https://blog.epheia.moe/wp-content/uploads/2025/10/1760851293-image.png [following]
--2026-09-17 00:20:05--  https://web.archive.org/web/20251228064045im_/https://blog.epheia.moe/wp-content/uploads/2025/10/1760851293-image.png
Reusing existing connection to web.archive.org:443.
HTTP request sent, awaiting response... 200 OK
Length: unspecified [image/png]
Saving to: ‘blog.epheia.moe/web.archive.org/web/20251228064038im_/https:/blog.epheia.moe/wp-content/uploads/2025/10/1760851293-image.png’

     0K .......... .......... .......... .......... ..........  841K
    50K .......... ..........                                  59.2M=0.06s

2026-09-17 00:20:05 (1.16 MB/s) - ‘blog.epheia.moe/web.archive.org/web/20251228064038im_/https:/blog.epheia.moe/wp-content/uploads/2025/10/1760851293-image.png’ saved [72563]

--2026-09-17 00:20:06--  https://web.archive.org/web/20251228064038/https://blog.epheia.moe/a/tag/ai/
Reusing existing connection to web.archive.org:443.
HTTP request sent, awaiting response... 404 NOT FOUND
2026-09-17 00:20:06 ERROR 404: NOT FOUND.

--2026-09-17 00:20:07--  https://web.archive.org/web/20251228064038/https://blog.epheia.moe/a/tag/%e4%bd%93%e9%aa%8c/
Reusing existing connection to web.archive.org:443.
HTTP request sent, awaiting response... 404 NOT FOUND
2026-09-17 00:20:07 ERROR 404: NOT FOUND.

--2026-09-17 00:20:08--  https://web.archive.org/web/20251228064038/https://blog.epheia.moe/a/6
Reusing existing connection to web.archive.org:443.
HTTP request sent, awaiting response... 302 FOUND
Location: https://web.archive.org/web/20260222105121/https://blog.epheia.moe/a/6 [following]
--2026-09-17 00:20:08--  https://web.archive.org/web/20260222105121/https://blog.epheia.moe/a/6
Reusing existing connection to web.archive.org:443.
HTTP request sent, awaiting response... 200 OK
Length: unspecified [text/html]
Saving to: ‘blog.epheia.moe/web.archive.org/web/20251228064038/https:/blog.epheia.moe/a/6.html’

     0K .......... .......... .......... .......... .......... 36.3M
    50K .......... .......... .......... .......... .......... 32.1M
   100K .......... .......... .......... .......... .......... 20.5M
   150K .......... .......... .......... .......... .......... 16.8M
   200K .......... .......... .......... .......               21.5M=0.01s

Last-modified header missing -- time-stamps turned off.
2026-09-17 00:20:09 (23.5 MB/s) - ‘blog.epheia.moe/web.archive.org/web/20251228064038/https:/blog.epheia.moe/a/6.html’ saved [243547]

--2026-09-17 00:20:10--  https://web.archive.org/web/20251228064038/https://blog.epheia.moe/a/140
Reusing existing connection to web.archive.org:443.
HTTP request sent, awaiting response... 302 FOUND
Location: https://web.archive.org/web/20260206162955/https://blog.epheia.moe/a/140 [following]
--2026-09-17 00:20:12--  https://web.archive.org/web/20260206162955/https://blog.epheia.moe/a/140
Reusing existing connection to web.archive.org:443.
HTTP request sent, awaiting response... 200 OK
Length: unspecified [text/html]
Saving to: ‘blog.epheia.moe/web.archive.org/web/20251228064038/https:/blog.epheia.moe/a/140.html’

     0K .......... .......... .......... .......... .......... 11.7M
    50K .......... .......... .......... .......... .......... 10.9M
   100K .......... .......... .......... .......... .......... 21.6M
   150K .......... .......... .......... .......... .......... 11.3M
   200K .......... .......... .......... .........             12.7M=0.02s

Last-modified header missing -- time-stamps turned off.
2026-09-17 00:20:13 (12.8 MB/s) - ‘blog.epheia.moe/web.archive.org/web/20251228064038/https:/blog.epheia.moe/a/140.html’ saved [245680]

--2026-09-17 00:20:14--  https://web.archive.org/web/20251228064038js_/https://blog.epheia.moe/wp-content/themes/Sakurairo/js/polyfill.js?ver=3.0.4
Reusing existing connection to web.archive.org:443.
HTTP request sent, awaiting response... 302 FOUND
Location: https://web.archive.org/web/20251228064049js_/https://blog.epheia.moe/wp-content/themes/Sakurairo/js/polyfill.js?ver=3.0.4 [following]
--2026-09-17 00:20:15--  https://web.archive.org/web/20251228064049js_/https://blog.epheia.moe/wp-content/themes/Sakurairo/js/polyfill.js?ver=3.0.4
Reusing existing connection to web.archive.org:443.
HTTP request sent, awaiting response... 200 OK
Length: unspecified [application/javascript]
Saving to: ‘blog.epheia.moe/web.archive.org/web/20251228064038js_/https:/blog.epheia.moe/wp-content/themes/Sakurairo/js/polyfill.js?ver=3.0.4’

     0K .......... .......... ...                              76.6M=0s

2026-09-17 00:20:15 (76.6 MB/s) - ‘blog.epheia.moe/web.archive.org/web/20251228064038js_/https:/blog.epheia.moe/wp-content/themes/Sakurairo/js/polyfill.js?ver=3.0.4’ saved [23932]

--2026-09-17 00:20:16--  https://web.archive.org/web/20251228064038js_/https://blog.epheia.moe/wp-content/themes/Sakurairo/js/app.js?ver=3.0.4
Reusing existing connection to web.archive.org:443.
HTTP request sent, awaiting response... 302 FOUND
Location: https://web.archive.org/web/20251228064049js_/https://blog.epheia.moe/wp-content/themes/Sakurairo/js/app.js?ver=3.0.4 [following]
--2026-09-17 00:20:17--  https://web.archive.org/web/20251228064049js_/https://blog.epheia.moe/wp-content/themes/Sakurairo/js/app.js?ver=3.0.4
Reusing existing connection to web.archive.org:443.
HTTP request sent, awaiting response... 200 OK
Length: unspecified [application/javascript]
Saving to: ‘blog.epheia.moe/web.archive.org/web/20251228064038js_/https:/blog.epheia.moe/wp-content/themes/Sakurairo/js/app.js?ver=3.0.4’

     0K .......... .......... .......... .......... .......... 65.0M
    50K .......... .........                                    168M=0.001s

2026-09-17 00:20:18 (78.3 MB/s) - ‘blog.epheia.moe/web.archive.org/web/20251228064038js_/https:/blog.epheia.moe/wp-content/themes/Sakurairo/js/app.js?ver=3.0.4’ saved [70765]

--2026-09-17 00:20:19--  https://web.archive.org/web/20251228064038js_/https://blog.epheia.moe/wp-content/themes/Sakurairo/js/page.js?ver=3.0.4
Reusing existing connection to web.archive.org:443.
HTTP request sent, awaiting response... 302 FOUND
Location: https://web.archive.org/web/20251228064049js_/https://blog.epheia.moe/wp-content/themes/Sakurairo/js/page.js?ver=3.0.4 [following]
--2026-09-17 00:20:20--  https://web.archive.org/web/20251228064049js_/https://blog.epheia.moe/wp-content/themes/Sakurairo/js/page.js?ver=3.0.4
Reusing existing connection to web.archive.org:443.
HTTP request sent, awaiting response... 200 OK
Length: unspecified [application/javascript]
Saving to: ‘blog.epheia.moe/web.archive.org/web/20251228064038js_/https:/blog.epheia.moe/wp-content/themes/Sakurairo/js/page.js?ver=3.0.4’

     0K .......... .......... .......... .......... .......... 11.0M
    50K ........                                                176K=0.004s

2026-09-17 00:20:20 (12.9 MB/s) - ‘blog.epheia.moe/web.archive.org/web/20251228064038js_/https:/blog.epheia.moe/wp-content/themes/Sakurairo/js/page.js?ver=3.0.4’ saved [60210]

--2026-09-17 00:20:21--  https://web.archive.org/web/20251228064038js_/https://blog.epheia.moe/wp-includes/js/comment-reply.min.js?ver=6.9
Reusing existing connection to web.archive.org:443.
HTTP request sent, awaiting response... 302 FOUND
Location: https://web.archive.org/web/20251228064049js_/https://blog.epheia.moe/wp-includes/js/comment-reply.min.js?ver=6.9 [following]
--2026-09-17 00:20:23--  https://web.archive.org/web/20251228064049js_/https://blog.epheia.moe/wp-includes/js/comment-reply.min.js?ver=6.9
Reusing existing connection to web.archive.org:443.
HTTP request sent, awaiting response... 200 OK
Length: unspecified [application/javascript]
Saving to: ‘blog.epheia.moe/web.archive.org/web/20251228064038js_/https:/blog.epheia.moe/wp-includes/js/comment-reply.min.js?ver=6.9’

     0K ....                                                    837M=0s

2026-09-17 00:20:23 (837 MB/s) - ‘blog.epheia.moe/web.archive.org/web/20251228064038js_/https:/blog.epheia.moe/wp-includes/js/comment-reply.min.js?ver=6.9’ saved [4387]

--2026-09-17 00:20:24--  https://web.archive.org/web/20251228064038js_/https://s.nmxc.ltd/sakurairo/@3.0.4/js/smoothscroll.js?ver=3.0.4
Reusing existing connection to web.archive.org:443.
HTTP request sent, awaiting response... 302 FOUND
Location: https://web.archive.org/web/20251228185513js_/https://s.nmxc.ltd/sakurairo/@3.0.4/js/smoothscroll.js?ver=3.0.4 [following]
--2026-09-17 00:20:25--  https://web.archive.org/web/20251228185513js_/https://s.nmxc.ltd/sakurairo/@3.0.4/js/smoothscroll.js?ver=3.0.4
Reusing existing connection to web.archive.org:443.
HTTP request sent, awaiting response... 200 OK
Length: unspecified [application/javascript]
Saving to: ‘blog.epheia.moe/web.archive.org/web/20251228064038js_/https:/s.nmxc.ltd/sakurairo/@3.0.4/js/smoothscroll.js?ver=3.0.4’

     0K .......... ...                                         1.82G=0s

2026-09-17 00:20:25 (1.82 GB/s) - ‘blog.epheia.moe/web.archive.org/web/20251228064038js_/https:/s.nmxc.ltd/sakurairo/@3.0.4/js/smoothscroll.js?ver=3.0.4’ saved [13704]

--2026-09-17 00:20:26--  https://web.archive.org/web/20251228064038/https://blog.epheia.moe/a/date/2025/10/
Reusing existing connection to web.archive.org:443.
HTTP request sent, awaiting response... 302 FOUND
Location: https://web.archive.org/web/20260103055039/https://blog.epheia.moe/a/date/2025/10/ [following]
--2026-09-17 00:20:27--  https://web.archive.org/web/20260103055039/https://blog.epheia.moe/a/date/2025/10/
Reusing existing connection to web.archive.org:443.
HTTP request sent, awaiting response... 200 OK
Length: unspecified [text/html]
Saving to: ‘blog.epheia.moe/web.archive.org/web/20251228064038/https:/blog.epheia.moe/a/date/2025/10/index.html’

     0K .......... .......... .......... .......... .......... 46.6M
    50K .......... .......... .......... .......... .......... 33.5M
   100K .......... .......... .......... .......... .......... 51.7M
   150K .......... .......... .......... .......... .......... 10.9M
   200K .......... .......... .......... ........              18.8M=0.01s

Last-modified header missing -- time-stamps turned off.
2026-09-17 00:20:27 (23.4 MB/s) - ‘blog.epheia.moe/web.archive.org/web/20251228064038/https:/blog.epheia.moe/a/date/2025/10/index.html’ saved [244070]

--2026-09-17 00:20:28--  https://web.archive.org/web/20260222105121/https://s4.zstatic.net/
Reusing existing connection to web.archive.org:443.
HTTP request sent, awaiting response... 302 FOUND
Location: https://web.archive.org/web/20260129061728/https://s4.zstatic.net/ [following]
--2026-09-17 00:20:29--  https://web.archive.org/web/20260129061728/https://s4.zstatic.net/
Reusing existing connection to web.archive.org:443.
HTTP request sent, awaiting response... 200 OK
Length: unspecified [application/json]
Saving to: ‘blog.epheia.moe/web.archive.org/web/20260222105121/https:/s4.zstatic.net/index.html’

     0K                                                        8.58M=0s

2026-09-17 00:20:29 (8.58 MB/s) - ‘blog.epheia.moe/web.archive.org/web/20260222105121/https:/s4.zstatic.net/index.html’ saved [36]

--2026-09-17 00:20:30--  https://web.archive.org/web/20260222105121/https://s4.zstatic.net/ajax/libs/font-awesome/6.7.2/css/all.min.css
Reusing existing connection to web.archive.org:443.
HTTP request sent, awaiting response... 302 FOUND
Location: https://web.archive.org/web/20260222024812/https://s4.zstatic.net/ajax/libs/font-awesome/6.7.2/css/all.min.css [following]
--2026-09-17 00:20:31--  https://web.archive.org/web/20260222024812/https://s4.zstatic.net/ajax/libs/font-awesome/6.7.2/css/all.min.css
Reusing existing connection to web.archive.org:443.
HTTP request sent, awaiting response... 200 OK
Length: unspecified [text/css]
Saving to: ‘blog.epheia.moe/web.archive.org/web/20260222105121/https:/s4.zstatic.net/ajax/libs/font-awesome/6.7.2/css/all.min.css’

     0K .......... .......... .......... .......... .......... 67.0M
    50K .......... .......... ...                               133M=0.001s

Last-modified header missing -- time-stamps turned off.
2026-09-17 00:20:31 (79.8 MB/s) - ‘blog.epheia.moe/web.archive.org/web/20260222105121/https:/s4.zstatic.net/ajax/libs/font-awesome/6.7.2/css/all.min.css’ saved [75765]

--2026-09-17 00:20:32--  https://web.archive.org/web/20260222105121cs_/https://s4.zstatic.net/ajax/libs/font-awesome/6.7.2/css/all.min.css
Reusing existing connection to web.archive.org:443.
HTTP request sent, awaiting response... 302 FOUND
Location: https://web.archive.org/web/20260222024812cs_/https://s4.zstatic.net/ajax/libs/font-awesome/6.7.2/css/all.min.css [following]
--2026-09-17 00:20:33--  https://web.archive.org/web/20260222024812cs_/https://s4.zstatic.net/ajax/libs/font-awesome/6.7.2/css/all.min.css
Reusing existing connection to web.archive.org:443.
HTTP request sent, awaiting response... 200 OK
Length: unspecified [text/css]
Saving to: ‘blog.epheia.moe/web.archive.org/web/20260222105121cs_/https:/s4.zstatic.net/ajax/libs/font-awesome/6.7.2/css/all.min.css’

     0K .......... .......... .......... .......... .......... 10.1M
    50K .......... .......... ...                               136M=0.005s

Last-modified header missing -- time-stamps turned off.
2026-09-17 00:20:34 (14.4 MB/s) - ‘blog.epheia.moe/web.archive.org/web/20260222105121cs_/https:/s4.zstatic.net/ajax/libs/font-awesome/6.7.2/css/all.min.css’ saved [75766]

--2026-09-17 00:20:35--  https://web.archive.org/web/20260222105121im_/https://s.nmxc.ltd/sakurairo_vision/@3.0/basic/favicon.ico
Reusing existing connection to web.archive.org:443.
HTTP request sent, awaiting response... 302 FOUND
Location: https://web.archive.org/web/20260222092248im_/https://s.nmxc.ltd/sakurairo_vision/@3.0/basic/favicon.ico [following]
--2026-09-17 00:20:36--  https://web.archive.org/web/20260222092248im_/https://s.nmxc.ltd/sakurairo_vision/@3.0/basic/favicon.ico
Reusing existing connection to web.archive.org:443.
HTTP request sent, awaiting response... 200 OK
Length: 160814 (157K) [image/x-icon]
Saving to: ‘blog.epheia.moe/web.archive.org/web/20260222105121im_/https:/s.nmxc.ltd/sakurairo_vision/@3.0/basic/favicon.ico’

     0K .......... .......... .......... .......... .......... 31% 11.4M 0s
    50K .......... .......... .......... .......... .......... 63% 10.8M 0s
   100K .......... .......... .......... .......... .......... 95% 14.7M 0s
   150K .......                                               100%  141K=0.01s

2026-09-17 00:20:36 (12.7 MB/s) - ‘blog.epheia.moe/web.archive.org/web/20260222105121im_/https:/s.nmxc.ltd/sakurairo_vision/@3.0/basic/favicon.ico’ saved [160814/160814]

--2026-09-17 00:20:37--  https://web.archive.org/web/20260222105121/https://blog.epheia.moe/
Reusing existing connection to web.archive.org:443.
HTTP request sent, awaiting response... 302 FOUND
Location: https://web.archive.org/web/20251230100138/https://blog.epheia.moe/ [following]
--2026-09-17 00:20:39--  https://web.archive.org/web/20251230100138/https://blog.epheia.moe/
Reusing existing connection to web.archive.org:443.
HTTP request sent, awaiting response... 200 OK
Length: unspecified [text/html]
Saving to: ‘blog.epheia.moe/web.archive.org/web/20260222105121/https:/blog.epheia.moe/index.html’

     0K .......... .......... .......... .......... .......... 9.06M
    50K .......... .......... .......... .......... .......... 12.4M
   100K .......... .......... .......... .......... .......... 24.7M
   150K .......... .......... .......... .......... .......... 26.1M
   200K .......... .......... .......... .......... .......... 11.7M
   250K .....                                                  30.0M=0.02s

Last-modified header missing -- time-stamps turned off.
2026-09-17 00:20:39 (14.2 MB/s) - ‘blog.epheia.moe/web.archive.org/web/20260222105121/https:/blog.epheia.moe/index.html’ saved [261847]

--2026-09-17 00:20:40--  https://web.archive.org/web/20260222105121/https://s.nmxc.ltd/
Reusing existing connection to web.archive.org:443.
HTTP request sent, awaiting response... 302 FOUND
Location: https://web.archive.org/web/20260129214148/https://s.nmxc.ltd/ [following]
--2026-09-17 00:20:41--  https://web.archive.org/web/20260129214148/https://s.nmxc.ltd/
Reusing existing connection to web.archive.org:443.
HTTP request sent, awaiting response... 200 OK
Length: unspecified [text/html]
Saving to: ‘blog.epheia.moe/web.archive.org/web/20260222105121/https:/s.nmxc.ltd/index.html’

     0K ..                                                      263M=0s

2026-09-17 00:20:41 (263 MB/s) - ‘blog.epheia.moe/web.archive.org/web/20260222105121/https:/s.nmxc.ltd/index.html’ saved [2210]

--2026-09-17 00:20:42--  https://web.archive.org/web/20260222105121/https://blog.epheia.moe/wp-content/themes/Sakurairo/css/?iro_header&github&no_wave&minify&3.0.4
Reusing existing connection to web.archive.org:443.
HTTP request sent, awaiting response... 302 FOUND
Location: https://web.archive.org/web/20251227031920/https://blog.epheia.moe/wp-content/themes/Sakurairo/css/?iro_header&github&no_wave&minify&3.0.4 [following]
--2026-09-17 00:20:44--  https://web.archive.org/web/20251227031920/https://blog.epheia.moe/wp-content/themes/Sakurairo/css/?iro_header&github&no_wave&minify&3.0.4
Reusing existing connection to web.archive.org:443.
HTTP request sent, awaiting response... 200 OK
Length: unspecified [text/css]
Saving to: ‘blog.epheia.moe/web.archive.org/web/20260222105121/https:/blog.epheia.moe/wp-content/themes/Sakurairo/css/index.html?iro_header&github&no_wave&minify&3.0.4.css’

     0K .......... .......... .......... .......... .......... 37.4M
    50K .......... .......... .......... .......... .......... 24.2M
   100K .......... .......... .......... .......... .......... 22.1M
   150K .......                                                24.3M=0.006s

Last-modified header missing -- time-stamps turned off.
2026-09-17 00:20:44 (26.4 MB/s) - ‘blog.epheia.moe/web.archive.org/web/20260222105121/https:/blog.epheia.moe/wp-content/themes/Sakurairo/css/index.html?iro_header&github&no_wave&minify&3.0.4.css’ saved [161514]

--2026-09-17 00:20:45--  https://web.archive.org/web/20260222105121cs_/https://blog.epheia.moe/wp-content/themes/Sakurairo/css/?iro_header&github&no_wave&minify&3.0.4
Reusing existing connection to web.archive.org:443.
HTTP request sent, awaiting response... 302 FOUND
Location: https://web.archive.org/web/20251227031920cs_/https://blog.epheia.moe/wp-content/themes/Sakurairo/css/?iro_header&github&no_wave&minify&3.0.4 [following]
--2026-09-17 00:20:46--  https://web.archive.org/web/20251227031920cs_/https://blog.epheia.moe/wp-content/themes/Sakurairo/css/?iro_header&github&no_wave&minify&3.0.4
Reusing existing connection to web.archive.org:443.
HTTP request sent, awaiting response... 200 OK
Length: unspecified [text/css]
Saving to: ‘blog.epheia.moe/web.archive.org/web/20260222105121cs_/https:/blog.epheia.moe/wp-content/themes/Sakurairo/css/index.html?iro_header&github&no_wave&minify&3.0.4.css’

     0K .......... .......... .......... .......... .......... 14.7M
    50K .......... .......... .......... .......... .......... 6.43M
   100K .......... .......... .......... .......... .......... 24.1M
   150K .......                                                16.3M=0.01s

Last-modified header missing -- time-stamps turned off.
2026-09-17 00:20:46 (11.5 MB/s) - ‘blog.epheia.moe/web.archive.org/web/20260222105121cs_/https:/blog.epheia.moe/wp-content/themes/Sakurairo/css/index.html?iro_header&github&no_wave&minify&3.0.4.css’ saved [161511]

--2026-09-17 00:20:47--  https://web.archive.org/web/20260222105121im_/https://s.nmxc.ltd/sakurairo_vision/@3.0/basic/puff-load.svg
Reusing existing connection to web.archive.org:443.
HTTP request sent, awaiting response... 302 FOUND
Location: https://web.archive.org/web/20260222134103im_/https://s.nmxc.ltd/sakurairo_vision/@3.0/basic/puff-load.svg [following]
--2026-09-17 00:20:49--  https://web.archive.org/web/20260222134103im_/https://s.nmxc.ltd/sakurairo_vision/@3.0/basic/puff-load.svg
Reusing existing connection to web.archive.org:443.
HTTP request sent, awaiting response... 200 OK
Length: unspecified [image/svg+xml]
Saving to: ‘blog.epheia.moe/web.archive.org/web/20260222105121im_/https:/s.nmxc.ltd/sakurairo_vision/@3.0/basic/puff-load.svg’

     0K .                                                       349M=0s

2026-09-17 00:20:49 (349 MB/s) - ‘blog.epheia.moe/web.archive.org/web/20260222105121im_/https:/s.nmxc.ltd/sakurairo_vision/@3.0/basic/puff-load.svg’ saved [1463]

--2026-09-17 00:20:50--  https://web.archive.org/web/20260222105121im_/https://blog.epheia.moe/a/6
Reusing existing connection to web.archive.org:443.
HTTP request sent, awaiting response... 200 OK
Length: unspecified [text/html]
Saving to: ‘blog.epheia.moe/web.archive.org/web/20260222105121im_/https:/blog.epheia.moe/a/6.html’

     0K .......... .......... .......... .......... .......... 10.3M
    50K .......... .......... .......... .......... .......... 10.4M
   100K .......... .......... .......... .......... .......... 13.2M
   150K .......... .......... .......... .......... .......... 14.2M
   200K .......... .......... .......... .......               11.9M=0.02s

Last-modified header missing -- time-stamps turned off.
2026-09-17 00:20:50 (11.8 MB/s) - ‘blog.epheia.moe/web.archive.org/web/20260222105121im_/https:/blog.epheia.moe/a/6.html’ saved [243547]

--2026-09-17 00:20:51--  https://web.archive.org/web/20260222105121im_/https://s.nmxc.ltd/sakurairo_vision/@3.0/basic/add.svg
Reusing existing connection to web.archive.org:443.
HTTP request sent, awaiting response... 302 FOUND
Location: https://web.archive.org/web/20260227025730im_/https://s.nmxc.ltd/sakurairo_vision/@3.0/basic/add.svg [following]
--2026-09-17 00:20:53--  https://web.archive.org/web/20260227025730im_/https://s.nmxc.ltd/sakurairo_vision/@3.0/basic/add.svg
Reusing existing connection to web.archive.org:443.
HTTP request sent, awaiting response... 200 OK
Length: 473 [image/svg+xml]
Saving to: ‘blog.epheia.moe/web.archive.org/web/20260222105121im_/https:/s.nmxc.ltd/sakurairo_vision/@3.0/basic/add.svg’

     0K                                                       100% 75.2M=0s

2026-09-17 00:20:53 (75.2 MB/s) - ‘blog.epheia.moe/web.archive.org/web/20260222105121im_/https:/s.nmxc.ltd/sakurairo_vision/@3.0/basic/add.svg’ saved [473/473]

--2026-09-17 00:20:54--  https://web.archive.org/web/20260222105121im_/https://s.nmxc.ltd/sakurairo_vision/@3.0/basic/grid.png
Reusing existing connection to web.archive.org:443.
HTTP request sent, awaiting response... 302 FOUND
Location: https://web.archive.org/web/20260222092238im_/https://s.nmxc.ltd/sakurairo_vision/@3.0/basic/grid.png [following]
--2026-09-17 00:20:55--  https://web.archive.org/web/20260222092238im_/https://s.nmxc.ltd/sakurairo_vision/@3.0/basic/grid.png
Reusing existing connection to web.archive.org:443.
HTTP request sent, awaiting response... 200 OK
Length: 125 [image/png]
Saving to: ‘blog.epheia.moe/web.archive.org/web/20260222105121im_/https:/s.nmxc.ltd/sakurairo_vision/@3.0/basic/grid.png’

     0K                                                       100% 39.7M=0s

2026-09-17 00:20:55 (39.7 MB/s) - ‘blog.epheia.moe/web.archive.org/web/20260222105121im_/https:/s.nmxc.ltd/sakurairo_vision/@3.0/basic/grid.png’ saved [125/125]

--2026-09-17 00:20:57--  https://web.archive.org/web/20260222105121im_/https://s.nmxc.ltd/sakurairo_vision/@3.0/basic/dot.gif
Reusing existing connection to web.archive.org:443.
HTTP request sent, awaiting response... 302 FOUND
Location: https://web.archive.org/web/20260227025729im_/https://s.nmxc.ltd/sakurairo_vision/@3.0/basic/dot.gif [following]
--2026-09-17 00:20:58--  https://web.archive.org/web/20260227025729im_/https://s.nmxc.ltd/sakurairo_vision/@3.0/basic/dot.gif
Reusing existing connection to web.archive.org:443.
HTTP request sent, awaiting response... 200 OK
Length: unspecified [image/gif]
Saving to: ‘blog.epheia.moe/web.archive.org/web/20260222105121im_/https:/s.nmxc.ltd/sakurairo_vision/@3.0/basic/dot.gif’

     0K .                                                       262M=0s

2026-09-17 00:20:58 (262 MB/s) - ‘blog.epheia.moe/web.archive.org/web/20260222105121im_/https:/s.nmxc.ltd/sakurairo_vision/@3.0/basic/dot.gif’ saved [1099]

--2026-09-17 00:20:59--  https://web.archive.org/web/20260222105121im_/https://s.nmxc.ltd/sakurairo_vision/@3.0/basic/play.svg
Reusing existing connection to web.archive.org:443.
HTTP request sent, awaiting response... 302 FOUND
Location: https://web.archive.org/web/20260227025730im_/https://s.nmxc.ltd/sakurairo_vision/@3.0/basic/play.svg [following]
--2026-09-17 00:21:01--  https://web.archive.org/web/20260227025730im_/https://s.nmxc.ltd/sakurairo_vision/@3.0/basic/play.svg
Reusing existing connection to web.archive.org:443.
HTTP request sent, awaiting response... 200 OK
Length: 457 [image/svg+xml]
Saving to: ‘blog.epheia.moe/web.archive.org/web/20260222105121im_/https:/s.nmxc.ltd/sakurairo_vision/@3.0/basic/play.svg’

     0K                                                       100% 43.6M=0s

2026-09-17 00:21:01 (43.6 MB/s) - ‘blog.epheia.moe/web.archive.org/web/20260222105121im_/https:/s.nmxc.ltd/sakurairo_vision/@3.0/basic/play.svg’ saved [457/457]

--2026-09-17 00:21:02--  https://web.archive.org/web/20260222105121im_/https://s.nmxc.ltd/sakurairo_vision/@3.0/basic/pause.svg
Reusing existing connection to web.archive.org:443.
HTTP request sent, awaiting response... 302 FOUND
Location: https://web.archive.org/web/20260227025730im_/https://s.nmxc.ltd/sakurairo_vision/@3.0/basic/pause.svg [following]
--2026-09-17 00:21:04--  https://web.archive.org/web/20260227025730im_/https://s.nmxc.ltd/sakurairo_vision/@3.0/basic/pause.svg
Reusing existing connection to web.archive.org:443.
HTTP request sent, awaiting response... 200 OK
Length: 462 [image/svg+xml]
Saving to: ‘blog.epheia.moe/web.archive.org/web/20260222105121im_/https:/s.nmxc.ltd/sakurairo_vision/@3.0/basic/pause.svg’

     0K                                                       100%  220M=0s

2026-09-17 00:21:04 (220 MB/s) - ‘blog.epheia.moe/web.archive.org/web/20260222105121im_/https:/s.nmxc.ltd/sakurairo_vision/@3.0/basic/pause.svg’ saved [462/462]

--2026-09-17 00:21:05--  https://web.archive.org/web/20260222105121im_/https://blog.epheia.moe/wp-content/uploads/2025/11/cropped-1762012142-android-chrome-512x512-1-32x32.png
Reusing existing connection to web.archive.org:443.
HTTP request sent, awaiting response... 302 FOUND
Location: https://web.archive.org/web/20260210034720im_/https://blog.epheia.moe/wp-content/uploads/2025/11/cropped-1762012142-android-chrome-512x512-1-32x32.png [following]
--2026-09-17 00:21:07--  https://web.archive.org/web/20260210034720im_/https://blog.epheia.moe/wp-content/uploads/2025/11/cropped-1762012142-android-chrome-512x512-1-32x32.png
Reusing existing connection to web.archive.org:443.
HTTP request sent, awaiting response... 200 OK
Length: unspecified [image/png]
Saving to: ‘blog.epheia.moe/web.archive.org/web/20260222105121im_/https:/blog.epheia.moe/wp-content/uploads/2025/11/cropped-1762012142-android-chrome-512x512-1-32x32.png’

     0K ..                                                      259M=0s

2026-09-17 00:21:07 (259 MB/s) - ‘blog.epheia.moe/web.archive.org/web/20260222105121im_/https:/blog.epheia.moe/wp-content/uploads/2025/11/cropped-1762012142-android-chrome-512x512-1-32x32.png’ saved [2172]

--2026-09-17 00:21:08--  https://web.archive.org/web/20260222105121im_/https://blog.epheia.moe/wp-content/uploads/2025/11/cropped-1762012142-android-chrome-512x512-1-192x192.png
Reusing existing connection to web.archive.org:443.
HTTP request sent, awaiting response... 302 FOUND
Location: https://web.archive.org/web/20260305084206im_/https://blog.epheia.moe/wp-content/uploads/2025/11/cropped-1762012142-android-chrome-512x512-1-192x192.png [following]
--2026-09-17 00:21:10--  https://web.archive.org/web/20260305084206im_/https://blog.epheia.moe/wp-content/uploads/2025/11/cropped-1762012142-android-chrome-512x512-1-192x192.png
Reusing existing connection to web.archive.org:443.
HTTP request sent, awaiting response... 200 OK
Length: unspecified [image/png]
Saving to: ‘blog.epheia.moe/web.archive.org/web/20260222105121im_/https:/blog.epheia.moe/wp-content/uploads/2025/11/cropped-1762012142-android-chrome-512x512-1-192x192.png’

     0K .......... .......... .......... .......... ...        50.5M=0.001s

2026-09-17 00:21:11 (50.5 MB/s) - ‘blog.epheia.moe/web.archive.org/web/20260222105121im_/https:/blog.epheia.moe/wp-content/uploads/2025/11/cropped-1762012142-android-chrome-512x512-1-192x192.png’ saved [44033]

--2026-09-17 00:21:11--  https://web.archive.org/web/20260222105121im_/https://blog.epheia.moe/wp-content/uploads/2025/11/cropped-1762012142-android-chrome-512x512-1-180x180.png
Reusing existing connection to web.archive.org:443.
HTTP request sent, awaiting response... 302 FOUND
Location: https://web.archive.org/web/20260210034720im_/https://blog.epheia.moe/wp-content/uploads/2025/11/cropped-1762012142-android-chrome-512x512-1-180x180.png [following]
--2026-09-17 00:21:12--  https://web.archive.org/web/20260210034720im_/https://blog.epheia.moe/wp-content/uploads/2025/11/cropped-1762012142-android-chrome-512x512-1-180x180.png
Reusing existing connection to web.archive.org:443.
HTTP request sent, awaiting response... 200 OK
Length: unspecified [image/png]
Saving to: ‘blog.epheia.moe/web.archive.org/web/20260222105121im_/https:/blog.epheia.moe/wp-content/uploads/2025/11/cropped-1762012142-android-chrome-512x512-1-180x180.png’

     0K .......... .......... .......... ........              46.6M=0.001s

2026-09-17 00:21:12 (46.6 MB/s) - ‘blog.epheia.moe/web.archive.org/web/20260222105121im_/https:/blog.epheia.moe/wp-content/uploads/2025/11/cropped-1762012142-android-chrome-512x512-1-180x180.png’ saved [39892]

--2026-09-17 00:21:13--  https://web.archive.org/web/20260222105121js_/https://blog.epheia.moe/wp-content/themes/Sakurairo/js/nav.js
Reusing existing connection to web.archive.org:443.
HTTP request sent, awaiting response... 302 FOUND
Location: https://web.archive.org/web/20260224174059js_/https://blog.epheia.moe/wp-content/themes/Sakurairo/js/nav.js [following]
--2026-09-17 00:21:14--  https://web.archive.org/web/20260224174059js_/https://blog.epheia.moe/wp-content/themes/Sakurairo/js/nav.js
Reusing existing connection to web.archive.org:443.
HTTP request sent, awaiting response... 200 OK
Length: unspecified [application/javascript]
Saving to: ‘blog.epheia.moe/web.archive.org/web/20260222105121js_/https:/blog.epheia.moe/wp-content/themes/Sakurairo/js/nav.js’

     0K .......... .......... .......... .......... .......... 44.9M
    50K ....                                                   85.4K=0.001s

2026-09-17 00:21:15 (48.7 MB/s) - ‘blog.epheia.moe/web.archive.org/web/20260222105121js_/https:/blog.epheia.moe/wp-content/themes/Sakurairo/js/nav.js’ saved [55572]

--2026-09-17 00:21:16--  https://web.archive.org/web/20260222105121im_/https://blog.epheia.moe/wp-content/uploads/2025/11/1762012142-android-chrome-512x512-1.png
Reusing existing connection to web.archive.org:443.
HTTP request sent, awaiting response... 302 FOUND
Location: https://web.archive.org/web/20260210034231im_/https://blog.epheia.moe/wp-content/uploads/2025/11/1762012142-android-chrome-512x512-1.png [following]
--2026-09-17 00:21:17--  https://web.archive.org/web/20260210034231im_/https://blog.epheia.moe/wp-content/uploads/2025/11/1762012142-android-chrome-512x512-1.png
Reusing existing connection to web.archive.org:443.
HTTP request sent, awaiting response... 200 OK
Length: unspecified [image/png]
Saving to: ‘blog.epheia.moe/web.archive.org/web/20260222105121im_/https:/blog.epheia.moe/wp-content/uploads/2025/11/1762012142-android-chrome-512x512-1.png’

     0K .......... .......... .......... .......... .......... 9.03M
    50K .......... .......... .......... .......... .......... 9.83M
   100K .......... .......... .......... .......... .......... 18.3M
   150K .......... .......... .......... .......... .......... 23.3M
   200K .......... .......... .......... .......... .......... 14.4M
   250K .......... .......... .......... .......... .......... 18.2M
   300K .......... .......... .......... .......... .......... 12.2M
   350K ....                                                   23.1M=0.03s

2026-09-17 00:21:17 (13.6 MB/s) - ‘blog.epheia.moe/web.archive.org/web/20260222105121im_/https:/blog.epheia.moe/wp-content/uploads/2025/11/1762012142-android-chrome-512x512-1.png’ saved [363070]

--2026-09-17 00:21:19--  https://web.archive.org/web/20260222105121im_/https://blog.epheia.moe/wp-content/uploads/2025/10/1761925036-Image_1761925021241.jpg
Reusing existing connection to web.archive.org:443.
HTTP request sent, awaiting response... 302 FOUND
Location: https://web.archive.org/web/20260210034231im_/https://blog.epheia.moe/wp-content/uploads/2025/10/1761925036-Image_1761925021241.jpg [following]
--2026-09-17 00:21:20--  https://web.archive.org/web/20260210034231im_/https://blog.epheia.moe/wp-content/uploads/2025/10/1761925036-Image_1761925021241.jpg
Reusing existing connection to web.archive.org:443.
HTTP request sent, awaiting response... 200 OK
Length: unspecified [image/jpeg]
Saving to: ‘blog.epheia.moe/web.archive.org/web/20260222105121im_/https:/blog.epheia.moe/wp-content/uploads/2025/10/1761925036-Image_1761925021241.jpg’

     0K .......... .......... .......... .......... .......... 37.5M
    50K .                                                      22.5K=0.001s

2026-09-17 00:21:20 (38.4 MB/s) - ‘blog.epheia.moe/web.archive.org/web/20260222105121im_/https:/blog.epheia.moe/wp-content/uploads/2025/10/1761925036-Image_1761925021241.jpg’ saved [52353]

--2026-09-17 00:21:21--  https://web.archive.org/web/20260222105121im_/https://s.nmxc.ltd/sakurairo_vision/@3.0/display_icon/fluent_design/tw.webp
Reusing existing connection to web.archive.org:443.
HTTP request sent, awaiting response... 302 FOUND
Location: https://web.archive.org/web/20260302000538im_/https://s.nmxc.ltd/sakurairo_vision/@3.0/display_icon/fluent_design/tw.webp [following]
--2026-09-17 00:21:22--  https://web.archive.org/web/20260302000538im_/https://s.nmxc.ltd/sakurairo_vision/@3.0/display_icon/fluent_design/tw.webp
Reusing existing connection to web.archive.org:443.
HTTP request sent, awaiting response... 200 OK
Length: 6706 (6.5K) [image/webp]
Saving to: ‘blog.epheia.moe/web.archive.org/web/20260222105121im_/https:/s.nmxc.ltd/sakurairo_vision/@3.0/display_icon/fluent_design/tw.webp’

     0K ......                                                100% 1.56G=0s

2026-09-17 00:21:23 (1.56 GB/s) - ‘blog.epheia.moe/web.archive.org/web/20260222105121im_/https:/s.nmxc.ltd/sakurairo_vision/@3.0/display_icon/fluent_design/tw.webp’ saved [6706/6706]

--2026-09-17 00:21:24--  https://web.archive.org/web/20260222105121im_/https://s.nmxc.ltd/sakurairo_vision/@3.0/display_icon/fluent_design/mail.webp
Reusing existing connection to web.archive.org:443.
HTTP request sent, awaiting response... 302 FOUND
Location: https://web.archive.org/web/20260215235206im_/https://s.nmxc.ltd/sakurairo_vision/@3.0/display_icon/fluent_design/mail.webp [following]
--2026-09-17 00:21:25--  https://web.archive.org/web/20260215235206im_/https://s.nmxc.ltd/sakurairo_vision/@3.0/display_icon/fluent_design/mail.webp
Reusing existing connection to web.archive.org:443.
HTTP request sent, awaiting response... 200 OK
Length: 6446 (6.3K) [image/webp]
Saving to: ‘blog.epheia.moe/web.archive.org/web/20260222105121im_/https:/s.nmxc.ltd/sakurairo_vision/@3.0/display_icon/fluent_design/mail.webp’

     0K ......                                                100% 1.50G=0s

2026-09-17 00:21:26 (1.50 GB/s) - ‘blog.epheia.moe/web.archive.org/web/20260222105121im_/https:/s.nmxc.ltd/sakurairo_vision/@3.0/display_icon/fluent_design/mail.webp’ saved [6446/6446]

--2026-09-17 00:21:27--  https://web.archive.org/web/20260222105121/https://blog.epheia.moe/a/author/epheia/
Reusing existing connection to web.archive.org:443.
HTTP request sent, awaiting response... 302 FOUND
Location: https://web.archive.org/web/20260210034219/https://blog.epheia.moe/a/author/epheia/ [following]
--2026-09-17 00:21:28--  https://web.archive.org/web/20260210034219/https://blog.epheia.moe/a/author/epheia/
Reusing existing connection to web.archive.org:443.
HTTP request sent, awaiting response... 200 OK
Length: unspecified [text/html]
Saving to: ‘blog.epheia.moe/web.archive.org/web/20260222105121/https:/blog.epheia.moe/a/author/epheia/index.html’

     0K .......... .......... .......... .......... .......... 8.75M
    50K .......... .......... .......... .......... .......... 13.6M
   100K .......... .......... .......... .......... .......... 16.3M
   150K .......... .......... .......... .......... .......... 2.63M
   200K .......... .......... .......... .......... .......... 65.5M
   250K .......                                                42.4M=0.03s

Last-modified header missing -- time-stamps turned off.
2026-09-17 00:21:29 (7.94 MB/s) - ‘blog.epheia.moe/web.archive.org/web/20260222105121/https:/blog.epheia.moe/a/author/epheia/index.html’ saved [263829]

--2026-09-17 00:21:30--  https://web.archive.org/web/20260222105121/https://blog.epheia.moe/a/119
Reusing existing connection to web.archive.org:443.
HTTP request sent, awaiting response... 302 FOUND
Location: https://web.archive.org/web/20251228064038/https://blog.epheia.moe/a/119 [following]
--2026-09-17 00:21:31--  https://web.archive.org/web/20251228064038/https://blog.epheia.moe/a/119
Reusing existing connection to web.archive.org:443.
HTTP request sent, awaiting response... 200 OK
Length: unspecified [text/html]
Saving to: ‘blog.epheia.moe/web.archive.org/web/20260222105121/https:/blog.epheia.moe/a/119.html’

     0K .......... .......... .......... .......... .......... 34.5M
    50K .......... .......... .......... .......... ..........  640K
   100K .......... .......... .......... .......... .......... 5.26M
   150K .......... .......... .......... .......... .......... 55.5M
   200K .......... .......... .......... .......... .......... 31.2M
   250K .......... .                                           56.1M=0.09s

Last-modified header missing -- time-stamps turned off.
2026-09-17 00:21:31 (2.78 MB/s) - ‘blog.epheia.moe/web.archive.org/web/20260222105121/https:/blog.epheia.moe/a/119.html’ saved [267285]

--2026-09-17 00:21:32--  https://web.archive.org/web/20260222105121js_/https://blog.epheia.moe/wp-content/themes/Sakurairo/js/polyfill.js?ver=3.0.4
Reusing existing connection to web.archive.org:443.
HTTP request sent, awaiting response... 302 FOUND
Location: https://web.archive.org/web/20260210034710js_/https://blog.epheia.moe/wp-content/themes/Sakurairo/js/polyfill.js?ver=3.0.4 [following]
--2026-09-17 00:21:34--  https://web.archive.org/web/20260210034710js_/https://blog.epheia.moe/wp-content/themes/Sakurairo/js/polyfill.js?ver=3.0.4
Reusing existing connection to web.archive.org:443.
HTTP request sent, awaiting response... 200 OK
Length: unspecified [application/javascript]
Saving to: ‘blog.epheia.moe/web.archive.org/web/20260222105121js_/https:/blog.epheia.moe/wp-content/themes/Sakurairo/js/polyfill.js?ver=3.0.4’

     0K .......... .......... ...                              57.5M=0s

2026-09-17 00:21:34 (57.5 MB/s) - ‘blog.epheia.moe/web.archive.org/web/20260222105121js_/https:/blog.epheia.moe/wp-content/themes/Sakurairo/js/polyfill.js?ver=3.0.4’ saved [23891]

--2026-09-17 00:21:35--  https://web.archive.org/web/20260222105121js_/https://blog.epheia.moe/wp-content/themes/Sakurairo/js/app.js?ver=3.0.4
Reusing existing connection to web.archive.org:443.
HTTP request sent, awaiting response... 302 FOUND
Location: https://web.archive.org/web/20260210034719js_/https://blog.epheia.moe/wp-content/themes/Sakurairo/js/app.js?ver=3.0.4 [following]
--2026-09-17 00:21:37--  https://web.archive.org/web/20260210034719js_/https://blog.epheia.moe/wp-content/themes/Sakurairo/js/app.js?ver=3.0.4
Reusing existing connection to web.archive.org:443.
HTTP request sent, awaiting response... 200 OK
Length: unspecified [application/javascript]
Saving to: ‘blog.epheia.moe/web.archive.org/web/20260222105121js_/https:/blog.epheia.moe/wp-content/themes/Sakurairo/js/app.js?ver=3.0.4’

     0K .......... .......... .......... .......... .......... 8.75M
    50K .......... .........                                   52.8M=0.006s

2026-09-17 00:21:37 (11.4 MB/s) - ‘blog.epheia.moe/web.archive.org/web/20260222105121js_/https:/blog.epheia.moe/wp-content/themes/Sakurairo/js/app.js?ver=3.0.4’ saved [70750]

--2026-09-17 00:21:38--  https://web.archive.org/web/20260222105121js_/https://blog.epheia.moe/wp-content/themes/Sakurairo/js/page.js?ver=3.0.4
Reusing existing connection to web.archive.org:443.
HTTP request sent, awaiting response... 302 FOUND
Location: https://web.archive.org/web/20260211143332js_/https://blog.epheia.moe/wp-content/themes/Sakurairo/js/page.js?ver=3.0.4 [following]
--2026-09-17 00:21:39--  https://web.archive.org/web/20260211143332js_/https://blog.epheia.moe/wp-content/themes/Sakurairo/js/page.js?ver=3.0.4
Reusing existing connection to web.archive.org:443.
HTTP request sent, awaiting response... 200 OK
Length: unspecified [application/javascript]
Saving to: ‘blog.epheia.moe/web.archive.org/web/20260222105121js_/https:/blog.epheia.moe/wp-content/themes/Sakurairo/js/page.js?ver=3.0.4’

     0K .......... .......... .......... .......... .......... 11.6M
    50K ........                                                173K=0.004s

2026-09-17 00:21:39 (13.6 MB/s) - ‘blog.epheia.moe/web.archive.org/web/20260222105121js_/https:/blog.epheia.moe/wp-content/themes/Sakurairo/js/page.js?ver=3.0.4’ saved [60060]

--2026-09-17 00:21:40--  https://web.archive.org/web/20260222105121js_/https://blog.epheia.moe/wp-includes/js/comment-reply.min.js?ver=6.9.1
Reusing existing connection to web.archive.org:443.
HTTP request sent, awaiting response... 302 FOUND
Location: https://web.archive.org/web/20260222105123js_/https://blog.epheia.moe/wp-includes/js/comment-reply.min.js?ver=6.9.1 [following]
--2026-09-17 00:21:42--  https://web.archive.org/web/20260222105123js_/https://blog.epheia.moe/wp-includes/js/comment-reply.min.js?ver=6.9.1
Reusing existing connection to web.archive.org:443.
HTTP request sent, awaiting response... 200 OK
Length: unspecified [application/javascript]
Saving to: ‘blog.epheia.moe/web.archive.org/web/20260222105121js_/https:/blog.epheia.moe/wp-includes/js/comment-reply.min.js?ver=6.9.1’

     0K ....                                                   1.02G=0s

2026-09-17 00:21:42 (1.02 GB/s) - ‘blog.epheia.moe/web.archive.org/web/20260222105121js_/https:/blog.epheia.moe/wp-includes/js/comment-reply.min.js?ver=6.9.1’ saved [4386]

--2026-09-17 00:21:43--  https://web.archive.org/web/20260222105121js_/https://s.nmxc.ltd/sakurairo/@3.0.4/js/smoothscroll.js?ver=3.0.4
Reusing existing connection to web.archive.org:443.
HTTP request sent, awaiting response... 302 FOUND
Location: https://web.archive.org/web/20260222024813js_/https://s.nmxc.ltd/sakurairo/@3.0.4/js/smoothscroll.js?ver=3.0.4 [following]
--2026-09-17 00:21:45--  https://web.archive.org/web/20260222024813js_/https://s.nmxc.ltd/sakurairo/@3.0.4/js/smoothscroll.js?ver=3.0.4
Reusing existing connection to web.archive.org:443.
HTTP request sent, awaiting response... 200 OK
Length: unspecified [application/javascript]
Saving to: ‘blog.epheia.moe/web.archive.org/web/20260222105121js_/https:/s.nmxc.ltd/sakurairo/@3.0.4/js/smoothscroll.js?ver=3.0.4’

     0K .......... ...                                          101M=0s

2026-09-17 00:21:45 (101 MB/s) - ‘blog.epheia.moe/web.archive.org/web/20260222105121js_/https:/s.nmxc.ltd/sakurairo/@3.0.4/js/smoothscroll.js?ver=3.0.4’ saved [13691]

--2026-09-17 00:21:47--  https://web.archive.org/web/20260222105121/https://blog.epheia.moe/a/date/2025/10/
Reusing existing connection to web.archive.org:443.
HTTP request sent, awaiting response... 302 FOUND
Location: https://web.archive.org/web/20260103055039/https://blog.epheia.moe/a/date/2025/10/ [following]
--2026-09-17 00:21:48--  https://web.archive.org/web/20260103055039/https://blog.epheia.moe/a/date/2025/10/
Reusing existing connection to web.archive.org:443.
HTTP request sent, awaiting response... 200 OK
Length: unspecified [text/html]
Saving to: ‘blog.epheia.moe/web.archive.org/web/20260222105121/https:/blog.epheia.moe/a/date/2025/10/index.html’

     0K .......... .......... .......... .......... .......... 13.1M
    50K .......... .......... .......... .......... .......... 9.47M
   100K .......... .......... .......... .......... ..........  539K
   150K .......... .......... .......... .......... .......... 36.0M
   200K .......... .......... .......... ........              42.4M=0.1s

Last-modified header missing -- time-stamps turned off.
2026-09-17 00:21:48 (2.24 MB/s) - ‘blog.epheia.moe/web.archive.org/web/20260222105121/https:/blog.epheia.moe/a/date/2025/10/index.html’ saved [244070]

--2026-09-17 00:21:49--  https://web.archive.org/web/20260102234249im_/https://s4.zstatic.net/ajax/libs/font-awesome/6.7.2/webfonts/fa-brands-400.woff2
Reusing existing connection to web.archive.org:443.
HTTP request sent, awaiting response... 302 FOUND
Location: https://web.archive.org/web/20260102234258im_/https://s4.zstatic.net/ajax/libs/font-awesome/6.7.2/webfonts/fa-brands-400.woff2 [following]
--2026-09-17 00:21:51--  https://web.archive.org/web/20260102234258im_/https://s4.zstatic.net/ajax/libs/font-awesome/6.7.2/webfonts/fa-brands-400.woff2
Reusing existing connection to web.archive.org:443.
HTTP request sent, awaiting response... 200 OK
Length: unspecified [application/octet-stream]
Saving to: ‘blog.epheia.moe/web.archive.org/web/20260102234249im_/https:/s4.zstatic.net/ajax/libs/font-awesome/6.7.2/webfonts/fa-brands-400.woff2’

     0K .......... .......... .......... .......... .......... 9.28M
    50K .......... .......... .......... .......... .......... 25.7M
   100K .......... .....                                       37.1M=0.008s

2026-09-17 00:21:51 (14.9 MB/s) - ‘blog.epheia.moe/web.archive.org/web/20260102234249im_/https:/s4.zstatic.net/ajax/libs/font-awesome/6.7.2/webfonts/fa-brands-400.woff2’ saved [118684]

--2026-09-17 00:21:53--  https://web.archive.org/web/20260102234249im_/https://s4.zstatic.net/ajax/libs/font-awesome/6.7.2/webfonts/fa-brands-400.ttf
Reusing existing connection to web.archive.org:443.
HTTP request sent, awaiting response... 302 FOUND
Location: https://web.archive.org/web/20260123101515im_/https://s4.zstatic.net/ajax/libs/font-awesome/6.7.2/webfonts/fa-brands-400.ttf [following]
--2026-09-17 00:21:54--  https://web.archive.org/web/20260123101515im_/https://s4.zstatic.net/ajax/libs/font-awesome/6.7.2/webfonts/fa-brands-400.ttf
Reusing existing connection to web.archive.org:443.
HTTP request sent, awaiting response... 200 OK
Length: unspecified [application/octet-stream]
Saving to: ‘blog.epheia.moe/web.archive.org/web/20260102234249im_/https:/s4.zstatic.net/ajax/libs/font-awesome/6.7.2/webfonts/fa-brands-400.ttf’

     0K .......... .......... .......... .......... .......... 99.0M
    50K .......... .......... .......... .......... .......... 48.2M
   100K .......... .......... .......... .......... .......... 42.5M
   150K .......... .......... .......... .......... .......... 72.3M
   200K .....                                                  38.9M=0.003s

2026-09-17 00:21:54 (57.8 MB/s) - ‘blog.epheia.moe/web.archive.org/web/20260102234249im_/https:/s4.zstatic.net/ajax/libs/font-awesome/6.7.2/webfonts/fa-brands-400.ttf’ saved [210792]

--2026-09-17 00:21:55--  https://web.archive.org/web/20260102234249im_/https://s4.zstatic.net/ajax/libs/font-awesome/6.7.2/webfonts/fa-regular-400.woff2
Reusing existing connection to web.archive.org:443.
HTTP request sent, awaiting response... 302 FOUND
Location: https://web.archive.org/web/20260102234258im_/https://s4.zstatic.net/ajax/libs/font-awesome/6.7.2/webfonts/fa-regular-400.woff2 [following]
--2026-09-17 00:21:56--  https://web.archive.org/web/20260102234258im_/https://s4.zstatic.net/ajax/libs/font-awesome/6.7.2/webfonts/fa-regular-400.woff2
Reusing existing connection to web.archive.org:443.
HTTP request sent, awaiting response... 200 OK
Length: unspecified [application/octet-stream]
Saving to: ‘blog.epheia.moe/web.archive.org/web/20260102234249im_/https:/s4.zstatic.net/ajax/libs/font-awesome/6.7.2/webfonts/fa-regular-400.woff2’

     0K .......... .......... ....                             83.5M=0s

2026-09-17 00:21:57 (83.5 MB/s) - ‘blog.epheia.moe/web.archive.org/web/20260102234249im_/https:/s4.zstatic.net/ajax/libs/font-awesome/6.7.2/webfonts/fa-regular-400.woff2’ saved [25472]

--2026-09-17 00:21:58--  https://web.archive.org/web/20260102234249im_/https://s4.zstatic.net/ajax/libs/font-awesome/6.7.2/webfonts/fa-regular-400.ttf
Reusing existing connection to web.archive.org:443.
HTTP request sent, awaiting response... 302 FOUND
Location: https://web.archive.org/web/20260119144720im_/https://s4.zstatic.net/ajax/libs/font-awesome/6.7.2/webfonts/fa-regular-400.ttf [following]
--2026-09-17 00:22:00--  https://web.archive.org/web/20260119144720im_/https://s4.zstatic.net/ajax/libs/font-awesome/6.7.2/webfonts/fa-regular-400.ttf
Reusing existing connection to web.archive.org:443.
HTTP request sent, awaiting response... 200 OK
Length: unspecified [application/octet-stream]
Saving to: ‘blog.epheia.moe/web.archive.org/web/20260102234249im_/https:/s4.zstatic.net/ajax/libs/font-awesome/6.7.2/webfonts/fa-regular-400.ttf’

     0K .......... .......... .......... .......... .......... 9.56M
    50K .......... ......                                      39.3M=0.006s

2026-09-17 00:22:01 (11.8 MB/s) - ‘blog.epheia.moe/web.archive.org/web/20260102234249im_/https:/s4.zstatic.net/ajax/libs/font-awesome/6.7.2/webfonts/fa-regular-400.ttf’ saved [68064]

--2026-09-17 00:22:02--  https://web.archive.org/web/20260102234249im_/https://s4.zstatic.net/ajax/libs/font-awesome/6.7.2/webfonts/fa-solid-900.woff2
Reusing existing connection to web.archive.org:443.
HTTP request sent, awaiting response... 302 FOUND
Location: https://web.archive.org/web/20260102234250im_/https://s4.zstatic.net/ajax/libs/font-awesome/6.7.2/webfonts/fa-solid-900.woff2 [following]
--2026-09-17 00:22:03--  https://web.archive.org/web/20260102234250im_/https://s4.zstatic.net/ajax/libs/font-awesome/6.7.2/webfonts/fa-solid-900.woff2
Reusing existing connection to web.archive.org:443.
HTTP request sent, awaiting response... 200 OK
Length: unspecified [application/octet-stream]
Saving to: ‘blog.epheia.moe/web.archive.org/web/20260102234249im_/https:/s4.zstatic.net/ajax/libs/font-awesome/6.7.2/webfonts/fa-solid-900.woff2’

     0K .......... .......... .......... .......... .......... 34.6M
    50K .......... .......... .......... .......... .......... 29.7M
   100K .......... .......... .......... .......... .......... 48.7M
   150K ....                                                   90.2K=0.004s

2026-09-17 00:22:04 (37.2 MB/s) - ‘blog.epheia.moe/web.archive.org/web/20260102234249im_/https:/s4.zstatic.net/ajax/libs/font-awesome/6.7.2/webfonts/fa-solid-900.woff2’ saved [158220]

--2026-09-17 00:22:05--  https://web.archive.org/web/20260102234249im_/https://s4.zstatic.net/ajax/libs/font-awesome/6.7.2/webfonts/fa-solid-900.ttf
Reusing existing connection to web.archive.org:443.
HTTP request sent, awaiting response... 302 FOUND
Location: https://web.archive.org/web/20251213160536im_/https://s4.zstatic.net/ajax/libs/font-awesome/6.7.2/webfonts/fa-solid-900.ttf [following]
--2026-09-17 00:22:07--  https://web.archive.org/web/20251213160536im_/https://s4.zstatic.net/ajax/libs/font-awesome/6.7.2/webfonts/fa-solid-900.ttf
Reusing existing connection to web.archive.org:443.
HTTP request sent, awaiting response... 200 OK
Length: unspecified [application/octet-stream]
Saving to: ‘blog.epheia.moe/web.archive.org/web/20260102234249im_/https:/s4.zstatic.net/ajax/libs/font-awesome/6.7.2/webfonts/fa-solid-900.ttf’

     0K .......... .......... .......... .......... .......... 15.0M
    50K .......... .......... .......... .......... .......... 17.8M
   100K .......... .......... .......... .......... .......... 11.9M
   150K .......... .......... .......... .......... .......... 23.1M
   200K .......... .......... .......... .......... .......... 12.5M
   250K .......... .......... .......... .......... .......... 32.5M
   300K .......... .......... .......... .......... .......... 11.5M
   350K .......... .......... .......... .......... .......... 11.8M
   400K .......... ......                                      29.8M=0.03s

Last-modified header missing -- time-stamps turned off.
2026-09-17 00:22:07 (15.3 MB/s) - ‘blog.epheia.moe/web.archive.org/web/20260102234249im_/https:/s4.zstatic.net/ajax/libs/font-awesome/6.7.2/webfonts/fa-solid-900.ttf’ saved [426112]

--2026-09-17 00:22:08--  https://web.archive.org/web/20260102234249im_/https://s4.zstatic.net/ajax/libs/font-awesome/6.7.2/webfonts/fa-v4compatibility.woff2
Reusing existing connection to web.archive.org:443.
HTTP request sent, awaiting response... 302 FOUND
Location: https://web.archive.org/web/20260128024719im_/https://s4.zstatic.net/ajax/libs/font-awesome/6.7.2/webfonts/fa-v4compatibility.woff2 [following]
--2026-09-17 00:22:09--  https://web.archive.org/web/20260128024719im_/https://s4.zstatic.net/ajax/libs/font-awesome/6.7.2/webfonts/fa-v4compatibility.woff2
Reusing existing connection to web.archive.org:443.
HTTP request sent, awaiting response... 200 OK
Length: unspecified [application/octet-stream]
Saving to: ‘blog.epheia.moe/web.archive.org/web/20260102234249im_/https:/s4.zstatic.net/ajax/libs/font-awesome/6.7.2/webfonts/fa-v4compatibility.woff2’

     0K ....                                                   1.12G=0s

Last-modified header missing -- time-stamps turned off.
2026-09-17 00:22:10 (1.12 GB/s) - ‘blog.epheia.moe/web.archive.org/web/20260102234249im_/https:/s4.zstatic.net/ajax/libs/font-awesome/6.7.2/webfonts/fa-v4compatibility.woff2’ saved [4796]

--2026-09-17 00:22:11--  https://web.archive.org/web/20260102234249im_/https://s4.zstatic.net/ajax/libs/font-awesome/6.7.2/webfonts/fa-v4compatibility.ttf
Reusing existing connection to web.archive.org:443.
HTTP request sent, awaiting response... 302 FOUND
Location: https://web.archive.org/web/20260128024719im_/https://s4.zstatic.net/ajax/libs/font-awesome/6.7.2/webfonts/fa-v4compatibility.ttf [following]
--2026-09-17 00:22:13--  https://web.archive.org/web/20260128024719im_/https://s4.zstatic.net/ajax/libs/font-awesome/6.7.2/webfonts/fa-v4compatibility.ttf
Reusing existing connection to web.archive.org:443.
HTTP request sent, awaiting response... 200 OK
Length: unspecified [application/octet-stream]
Saving to: ‘blog.epheia.moe/web.archive.org/web/20260102234249im_/https:/s4.zstatic.net/ajax/libs/font-awesome/6.7.2/webfonts/fa-v4compatibility.ttf’

     0K ..........                                              431M=0s

Last-modified header missing -- time-stamps turned off.
2026-09-17 00:22:14 (431 MB/s) - ‘blog.epheia.moe/web.archive.org/web/20260102234249im_/https:/s4.zstatic.net/ajax/libs/font-awesome/6.7.2/webfonts/fa-v4compatibility.ttf’ saved [10836]

--2026-09-17 00:22:15--  https://web.archive.org/web/20251230124748im_/https://s4.zstatic.net/ajax/libs/font-awesome/6.7.2/webfonts/fa-brands-400.woff2
Reusing existing connection to web.archive.org:443.
HTTP request sent, awaiting response... 302 FOUND
Location: https://web.archive.org/web/20251230080133im_/https://s4.zstatic.net/ajax/libs/font-awesome/6.7.2/webfonts/fa-brands-400.woff2 [following]
--2026-09-17 00:22:16--  https://web.archive.org/web/20251230080133im_/https://s4.zstatic.net/ajax/libs/font-awesome/6.7.2/webfonts/fa-brands-400.woff2
Reusing existing connection to web.archive.org:443.
HTTP request sent, awaiting response... 200 OK
Length: unspecified [application/octet-stream]
Saving to: ‘blog.epheia.moe/web.archive.org/web/20251230124748im_/https:/s4.zstatic.net/ajax/libs/font-awesome/6.7.2/webfonts/fa-brands-400.woff2’

     0K .......... .......... .......... .......... .......... 14.5M
    50K .......... .......... .......... .......... .......... 37.3M
   100K .......... .....                                       45.7M=0.005s

2026-09-17 00:22:16 (22.6 MB/s) - ‘blog.epheia.moe/web.archive.org/web/20251230124748im_/https:/s4.zstatic.net/ajax/libs/font-awesome/6.7.2/webfonts/fa-brands-400.woff2’ saved [118684]

--2026-09-17 00:22:18--  https://web.archive.org/web/20251230124748im_/https://s4.zstatic.net/ajax/libs/font-awesome/6.7.2/webfonts/fa-brands-400.ttf
Reusing existing connection to web.archive.org:443.
HTTP request sent, awaiting response... 302 FOUND
Location: https://web.archive.org/web/20260123101515im_/https://s4.zstatic.net/ajax/libs/font-awesome/6.7.2/webfonts/fa-brands-400.ttf [following]
--2026-09-17 00:22:18--  https://web.archive.org/web/20260123101515im_/https://s4.zstatic.net/ajax/libs/font-awesome/6.7.2/webfonts/fa-brands-400.ttf
Reusing existing connection to web.archive.org:443.
HTTP request sent, awaiting response... 200 OK
Length: unspecified [application/octet-stream]
Saving to: ‘blog.epheia.moe/web.archive.org/web/20251230124748im_/https:/s4.zstatic.net/ajax/libs/font-awesome/6.7.2/webfonts/fa-brands-400.ttf’

     0K .......... .......... .......... .......... .......... 6.78M
    50K .......... .......... .......... .......... .......... 34.4M
   100K .......... .......... .......... .......... .......... 13.7M
   150K .......... .......... .......... .......... .......... 10.4M
   200K .....                                                  18.0M=0.02s

2026-09-17 00:22:18 (11.7 MB/s) - ‘blog.epheia.moe/web.archive.org/web/20251230124748im_/https:/s4.zstatic.net/ajax/libs/font-awesome/6.7.2/webfonts/fa-brands-400.ttf’ saved [210792]

--2026-09-17 00:22:19--  https://web.archive.org/web/20251230124748im_/https://s4.zstatic.net/ajax/libs/font-awesome/6.7.2/webfonts/fa-regular-400.woff2
Reusing existing connection to web.archive.org:443.
HTTP request sent, awaiting response... 302 FOUND
Location: https://web.archive.org/web/20251230080134im_/https://s4.zstatic.net/ajax/libs/font-awesome/6.7.2/webfonts/fa-regular-400.woff2 [following]
--2026-09-17 00:22:20--  https://web.archive.org/web/20251230080134im_/https://s4.zstatic.net/ajax/libs/font-awesome/6.7.2/webfonts/fa-regular-400.woff2
Reusing existing connection to web.archive.org:443.
HTTP request sent, awaiting response... 200 OK
Length: unspecified [application/octet-stream]
Saving to: ‘blog.epheia.moe/web.archive.org/web/20251230124748im_/https:/s4.zstatic.net/ajax/libs/font-awesome/6.7.2/webfonts/fa-regular-400.woff2’

     0K .......... .......... ....                             76.4M=0s

2026-09-17 00:22:21 (76.4 MB/s) - ‘blog.epheia.moe/web.archive.org/web/20251230124748im_/https:/s4.zstatic.net/ajax/libs/font-awesome/6.7.2/webfonts/fa-regular-400.woff2’ saved [25472]

--2026-09-17 00:22:23--  https://web.archive.org/web/20251230124748im_/https://s4.zstatic.net/ajax/libs/font-awesome/6.7.2/webfonts/fa-regular-400.ttf
Reusing existing connection to web.archive.org:443.
HTTP request sent, awaiting response... 302 FOUND
Location: https://web.archive.org/web/20260119144720im_/https://s4.zstatic.net/ajax/libs/font-awesome/6.7.2/webfonts/fa-regular-400.ttf [following]
--2026-09-17 00:22:24--  https://web.archive.org/web/20260119144720im_/https://s4.zstatic.net/ajax/libs/font-awesome/6.7.2/webfonts/fa-regular-400.ttf
Reusing existing connection to web.archive.org:443.
HTTP request sent, awaiting response... 200 OK
Length: unspecified [application/octet-stream]
Saving to: ‘blog.epheia.moe/web.archive.org/web/20251230124748im_/https:/s4.zstatic.net/ajax/libs/font-awesome/6.7.2/webfonts/fa-regular-400.ttf’

     0K .......... .......... .......... .......... .......... 9.59M
    50K .......... ......                                      33.3M=0.006s

2026-09-17 00:22:24 (11.6 MB/s) - ‘blog.epheia.moe/web.archive.org/web/20251230124748im_/https:/s4.zstatic.net/ajax/libs/font-awesome/6.7.2/webfonts/fa-regular-400.ttf’ saved [68064]

--2026-09-17 00:22:25--  https://web.archive.org/web/20251230124748im_/https://s4.zstatic.net/ajax/libs/font-awesome/6.7.2/webfonts/fa-solid-900.woff2
Reusing existing connection to web.archive.org:443.
HTTP request sent, awaiting response... 302 FOUND
Location: https://web.archive.org/web/20251230080133im_/https://s4.zstatic.net/ajax/libs/font-awesome/6.7.2/webfonts/fa-solid-900.woff2 [following]
--2026-09-17 00:22:27--  https://web.archive.org/web/20251230080133im_/https://s4.zstatic.net/ajax/libs/font-awesome/6.7.2/webfonts/fa-solid-900.woff2
Reusing existing connection to web.archive.org:443.
HTTP request sent, awaiting response... 200 OK
Length: unspecified [application/octet-stream]
Saving to: ‘blog.epheia.moe/web.archive.org/web/20251230124748im_/https:/s4.zstatic.net/ajax/libs/font-awesome/6.7.2/webfonts/fa-solid-900.woff2’

     0K .......... .......... .......... .......... .......... 12.2M
    50K .......... .......... .......... .......... .......... 8.25M
   100K .......... .......... .......... .......... .......... 41.3M
   150K ....                                                   24.2M=0.01s

2026-09-17 00:22:27 (13.4 MB/s) - ‘blog.epheia.moe/web.archive.org/web/20251230124748im_/https:/s4.zstatic.net/ajax/libs/font-awesome/6.7.2/webfonts/fa-solid-900.woff2’ saved [158220]

--2026-09-17 00:22:28--  https://web.archive.org/web/20251230124748im_/https://s4.zstatic.net/ajax/libs/font-awesome/6.7.2/webfonts/fa-solid-900.ttf
Reusing existing connection to web.archive.org:443.
HTTP request sent, awaiting response... 302 FOUND
Location: https://web.archive.org/web/20251213160536im_/https://s4.zstatic.net/ajax/libs/font-awesome/6.7.2/webfonts/fa-solid-900.ttf [following]
--2026-09-17 00:22:30--  https://web.archive.org/web/20251213160536im_/https://s4.zstatic.net/ajax/libs/font-awesome/6.7.2/webfonts/fa-solid-900.ttf
Reusing existing connection to web.archive.org:443.
HTTP request sent, awaiting response... 200 OK
Length: unspecified [application/octet-stream]
Saving to: ‘blog.epheia.moe/web.archive.org/web/20251230124748im_/https:/s4.zstatic.net/ajax/libs/font-awesome/6.7.2/webfonts/fa-solid-900.ttf’

     0K .......... .......... .......... .......... .......... 9.33M
    50K .......... .......... .......... .......... .......... 13.1M
   100K .......... .......... .......... .......... .......... 14.1M
   150K .......... .......... .......... .......... .......... 21.8M
   200K .......... .......... .......... .......... .......... 17.8M
   250K .......... .......... .......... .......... .......... 11.8M
   300K .......... .......... .......... .......... .......... 16.5M
   350K .......... .......... .......... .......... .......... 12.2M
   400K .......... ......                                      53.6M=0.03s

Last-modified header missing -- time-stamps turned off.
2026-09-17 00:22:30 (14.1 MB/s) - ‘blog.epheia.moe/web.archive.org/web/20251230124748im_/https:/s4.zstatic.net/ajax/libs/font-awesome/6.7.2/webfonts/fa-solid-900.ttf’ saved [426112]

--2026-09-17 00:22:30--  https://web.archive.org/web/20251230124748im_/https://s4.zstatic.net/ajax/libs/font-awesome/6.7.2/webfonts/fa-v4compatibility.woff2
Reusing existing connection to web.archive.org:443.
HTTP request sent, awaiting response... 302 FOUND
Location: https://web.archive.org/web/20260128024719im_/https://s4.zstatic.net/ajax/libs/font-awesome/6.7.2/webfonts/fa-v4compatibility.woff2 [following]
--2026-09-17 00:22:32--  https://web.archive.org/web/20260128024719im_/https://s4.zstatic.net/ajax/libs/font-awesome/6.7.2/webfonts/fa-v4compatibility.woff2
Reusing existing connection to web.archive.org:443.
HTTP request sent, awaiting response... 200 OK
Length: unspecified [application/octet-stream]
Saving to: ‘blog.epheia.moe/web.archive.org/web/20251230124748im_/https:/s4.zstatic.net/ajax/libs/font-awesome/6.7.2/webfonts/fa-v4compatibility.woff2’

     0K ....                                                    915M=0s

Last-modified header missing -- time-stamps turned off.
2026-09-17 00:22:32 (915 MB/s) - ‘blog.epheia.moe/web.archive.org/web/20251230124748im_/https:/s4.zstatic.net/ajax/libs/font-awesome/6.7.2/webfonts/fa-v4compatibility.woff2’ saved [4796]

--2026-09-17 00:22:33--  https://web.archive.org/web/20251230124748im_/https://s4.zstatic.net/ajax/libs/font-awesome/6.7.2/webfonts/fa-v4compatibility.ttf
Reusing existing connection to web.archive.org:443.
HTTP request sent, awaiting response... 302 FOUND
Location: https://web.archive.org/web/20260128024719im_/https://s4.zstatic.net/ajax/libs/font-awesome/6.7.2/webfonts/fa-v4compatibility.ttf [following]
--2026-09-17 00:22:34--  https://web.archive.org/web/20260128024719im_/https://s4.zstatic.net/ajax/libs/font-awesome/6.7.2/webfonts/fa-v4compatibility.ttf
Reusing existing connection to web.archive.org:443.
HTTP request sent, awaiting response... 200 OK
Length: unspecified [application/octet-stream]
Saving to: ‘blog.epheia.moe/web.archive.org/web/20251230124748im_/https:/s4.zstatic.net/ajax/libs/font-awesome/6.7.2/webfonts/fa-v4compatibility.ttf’

     0K ..........                                             1.68G=0s

Last-modified header missing -- time-stamps turned off.
2026-09-17 00:22:35 (1.68 GB/s) - ‘blog.epheia.moe/web.archive.org/web/20251230124748im_/https:/s4.zstatic.net/ajax/libs/font-awesome/6.7.2/webfonts/fa-v4compatibility.ttf’ saved [10836]

--2026-09-17 00:22:35--  https://web.archive.org/web/20251230010614/https://s4.zstatic.net/
Reusing existing connection to web.archive.org:443.
HTTP request sent, awaiting response... 302 FOUND
Location: https://web.archive.org/web/20260104163124/https://s4.zstatic.net/ [following]
--2026-09-17 00:22:36--  https://web.archive.org/web/20260104163124/https://s4.zstatic.net/
Reusing existing connection to web.archive.org:443.
HTTP request sent, awaiting response... 200 OK
Length: unspecified [application/json]
Saving to: ‘blog.epheia.moe/web.archive.org/web/20251230010614/https:/s4.zstatic.net/index.html’

     0K                                                        1.63M=0s

2026-09-17 00:22:37 (1.63 MB/s) - ‘blog.epheia.moe/web.archive.org/web/20251230010614/https:/s4.zstatic.net/index.html’ saved [36]

--2026-09-17 00:22:37--  https://web.archive.org/web/20251230010614/https://s4.zstatic.net/ajax/libs/font-awesome/6.7.2/css/all.min.css
Reusing existing connection to web.archive.org:443.
HTTP request sent, awaiting response... 302 FOUND
Location: https://web.archive.org/web/20251230014327/https://s4.zstatic.net/ajax/libs/font-awesome/6.7.2/css/all.min.css [following]
--2026-09-17 00:22:38--  https://web.archive.org/web/20251230014327/https://s4.zstatic.net/ajax/libs/font-awesome/6.7.2/css/all.min.css
Reusing existing connection to web.archive.org:443.
HTTP request sent, awaiting response... 200 OK
Length: unspecified [text/css]
Saving to: ‘blog.epheia.moe/web.archive.org/web/20251230010614/https:/s4.zstatic.net/ajax/libs/font-awesome/6.7.2/css/all.min.css’

     0K .......... .......... .......... .......... .......... 11.8M
    50K .......... .......... ....                             37.9M=0.005s

2026-09-17 00:22:39 (15.2 MB/s) - ‘blog.epheia.moe/web.archive.org/web/20251230010614/https:/s4.zstatic.net/ajax/libs/font-awesome/6.7.2/css/all.min.css’ saved [75778]

--2026-09-17 00:22:39--  https://web.archive.org/web/20251230010614cs_/https://s4.zstatic.net/ajax/libs/font-awesome/6.7.2/css/all.min.css
Reusing existing connection to web.archive.org:443.
HTTP request sent, awaiting response... 302 FOUND
Location: https://web.archive.org/web/20251230014327cs_/https://s4.zstatic.net/ajax/libs/font-awesome/6.7.2/css/all.min.css [following]
--2026-09-17 00:22:40--  https://web.archive.org/web/20251230014327cs_/https://s4.zstatic.net/ajax/libs/font-awesome/6.7.2/css/all.min.css
Reusing existing connection to web.archive.org:443.
HTTP request sent, awaiting response... 200 OK
Length: unspecified [text/css]
Saving to: ‘blog.epheia.moe/web.archive.org/web/20251230010614cs_/https:/s4.zstatic.net/ajax/libs/font-awesome/6.7.2/css/all.min.css’

     0K .......... .......... .......... .......... .......... 11.0M
    50K .......... .......... ...                              95.9M=0.005s

2026-09-17 00:22:40 (15.4 MB/s) - ‘blog.epheia.moe/web.archive.org/web/20251230010614cs_/https:/s4.zstatic.net/ajax/libs/font-awesome/6.7.2/css/all.min.css’ saved [75741]

--2026-09-17 00:22:41--  https://web.archive.org/web/20251230010614im_/https://s.nmxc.ltd/sakurairo_vision/@3.0/basic/favicon.ico
Reusing existing connection to web.archive.org:443.
HTTP request sent, awaiting response... 302 FOUND
Location: https://web.archive.org/web/20251229215055im_/https://s.nmxc.ltd/sakurairo_vision/@3.0/basic/favicon.ico [following]
--2026-09-17 00:22:43--  https://web.archive.org/web/20251229215055im_/https://s.nmxc.ltd/sakurairo_vision/@3.0/basic/favicon.ico
Reusing existing connection to web.archive.org:443.
HTTP request sent, awaiting response... 200 OK
Length: 160814 (157K) [image/x-icon]
Saving to: ‘blog.epheia.moe/web.archive.org/web/20251230010614im_/https:/s.nmxc.ltd/sakurairo_vision/@3.0/basic/favicon.ico’

     0K .......... .......... .......... .......... .......... 31% 9.33M 0s
    50K .......... .......... .......... .......... .......... 63% 17.7M 0s
   100K .......... .......... .......... .......... .......... 95% 15.9M 0s
   150K .......                                               100%  141K=0.01s

2026-09-17 00:22:43 (13.9 MB/s) - ‘blog.epheia.moe/web.archive.org/web/20251230010614im_/https:/s.nmxc.ltd/sakurairo_vision/@3.0/basic/favicon.ico’ saved [160814/160814]

--2026-09-17 00:22:44--  https://web.archive.org/web/20251230010614/https://blog.epheia.moe/
Reusing existing connection to web.archive.org:443.
HTTP request sent, awaiting response... 302 FOUND
Location: https://web.archive.org/web/20251230100138/https://blog.epheia.moe/ [following]
--2026-09-17 00:22:45--  https://web.archive.org/web/20251230100138/https://blog.epheia.moe/
Reusing existing connection to web.archive.org:443.
HTTP request sent, awaiting response... 200 OK
Length: unspecified [text/html]
Saving to: ‘blog.epheia.moe/web.archive.org/web/20251230010614/https:/blog.epheia.moe/index.html’

     0K .......... .......... .......... .......... .......... 9.69M
    50K .......... .......... .......... .......... .......... 16.5M
   100K .......... .......... .......... .......... .......... 15.8M
   150K .......... .......... .......... .......... .......... 18.7M
   200K .......... .......... .......... .......... .......... 12.9M
   250K .....                                                  20.3M=0.02s

Last-modified header missing -- time-stamps turned off.
2026-09-17 00:22:46 (14.1 MB/s) - ‘blog.epheia.moe/web.archive.org/web/20251230010614/https:/blog.epheia.moe/index.html’ saved [261844]

--2026-09-17 00:22:46--  https://web.archive.org/web/20251230010614/https://s.nmxc.ltd/
Reusing existing connection to web.archive.org:443.
HTTP request sent, awaiting response... 302 FOUND
Location: https://web.archive.org/web/20251225101737/https://s.nmxc.ltd/ [following]
--2026-09-17 00:22:50--  https://web.archive.org/web/20251225101737/https://s.nmxc.ltd/
Reusing existing connection to web.archive.org:443.
HTTP request sent, awaiting response... 200 OK
Length: unspecified [text/html]
Saving to: ‘blog.epheia.moe/web.archive.org/web/20251230010614/https:/s.nmxc.ltd/index.html’

     0K ..                                                      264M=0s

2026-09-17 00:22:50 (264 MB/s) - ‘blog.epheia.moe/web.archive.org/web/20251230010614/https:/s.nmxc.ltd/index.html’ saved [2211]

--2026-09-17 00:22:52--  https://web.archive.org/web/20251230010614/https://blog.epheia.moe/wp-content/themes/Sakurairo/css/?iro_header&github&no_wave&minify&3.0.4
Reusing existing connection to web.archive.org:443.
HTTP request sent, awaiting response... 302 FOUND
Location: https://web.archive.org/web/20251227031920/https://blog.epheia.moe/wp-content/themes/Sakurairo/css/?iro_header&github&no_wave&minify&3.0.4 [following]
--2026-09-17 00:22:53--  https://web.archive.org/web/20251227031920/https://blog.epheia.moe/wp-content/themes/Sakurairo/css/?iro_header&github&no_wave&minify&3.0.4
Reusing existing connection to web.archive.org:443.
HTTP request sent, awaiting response... 200 OK
Length: unspecified [text/css]
Saving to: ‘blog.epheia.moe/web.archive.org/web/20251230010614/https:/blog.epheia.moe/wp-content/themes/Sakurairo/css/index.html?iro_header&github&no_wave&minify&3.0.4.css’

     0K .......... .......... .......... .......... .......... 11.0M
    50K .......... .......... .......... .......... .......... 7.93M
   100K .......... .......... .......... .......... .......... 16.8M
   150K .......                                                12.2M=0.01s

Last-modified header missing -- time-stamps turned off.
2026-09-17 00:22:53 (10.9 MB/s) - ‘blog.epheia.moe/web.archive.org/web/20251230010614/https:/blog.epheia.moe/wp-content/themes/Sakurairo/css/index.html?iro_header&github&no_wave&minify&3.0.4.css’ saved [161512]

--2026-09-17 00:22:55--  https://web.archive.org/web/20251230010614cs_/https://blog.epheia.moe/wp-content/themes/Sakurairo/css/?iro_header&github&no_wave&minify&3.0.4
Reusing existing connection to web.archive.org:443.
HTTP request sent, awaiting response... 302 FOUND
Location: https://web.archive.org/web/20251227031920cs_/https://blog.epheia.moe/wp-content/themes/Sakurairo/css/?iro_header&github&no_wave&minify&3.0.4 [following]
--2026-09-17 00:22:56--  https://web.archive.org/web/20251227031920cs_/https://blog.epheia.moe/wp-content/themes/Sakurairo/css/?iro_header&github&no_wave&minify&3.0.4
Reusing existing connection to web.archive.org:443.
HTTP request sent, awaiting response... 200 OK
Length: unspecified [text/css]
Saving to: ‘blog.epheia.moe/web.archive.org/web/20251230010614cs_/https:/blog.epheia.moe/wp-content/themes/Sakurairo/css/index.html?iro_header&github&no_wave&minify&3.0.4.css’

     0K .......... .......... .......... .......... .......... 11.3M
    50K .......... .......... .......... .......... .......... 11.5M
   100K .......... .......... .......... .......... .......... 20.6M
   150K .......                                                17.8M=0.01s

Last-modified header missing -- time-stamps turned off.
2026-09-17 00:22:56 (13.6 MB/s) - ‘blog.epheia.moe/web.archive.org/web/20251230010614cs_/https:/blog.epheia.moe/wp-content/themes/Sakurairo/css/index.html?iro_header&github&no_wave&minify&3.0.4.css’ saved [161509]

--2026-09-17 00:22:57--  https://web.archive.org/web/20251230010614/https://blog.epheia.moe/a/shuoshuo/210/
Reusing existing connection to web.archive.org:443.
HTTP request sent, awaiting response... 200 OK
Length: unspecified [text/html]
Saving to: ‘blog.epheia.moe/web.archive.org/web/20251230010614/https:/blog.epheia.moe/a/shuoshuo/210/index.html’

     0K .......... .......... .......... .......... .......... 49.2M
    50K .......... .......... .......... .......... .......... 21.4M
   100K .......... .......... .......... .......... .......... 13.8M
   150K .......... .......... .......... .......... .......... 23.9M
   200K .......... .......... .......... .......... .......    21.3M=0.01s

Last-modified header missing -- time-stamps turned off.
2026-09-17 00:22:58 (21.9 MB/s) - ‘blog.epheia.moe/web.archive.org/web/20251230010614/https:/blog.epheia.moe/a/shuoshuo/210/index.html’ saved [253612]

--2026-09-17 00:22:59--  https://web.archive.org/web/20251230010614im_/https://s.nmxc.ltd/sakurairo_vision/@3.0/basic/puff-load.svg
Reusing existing connection to web.archive.org:443.
HTTP request sent, awaiting response... 302 FOUND
Location: https://web.archive.org/web/20251229213700im_/https://s.nmxc.ltd/sakurairo_vision/@3.0/basic/puff-load.svg [following]
--2026-09-17 00:23:00--  https://web.archive.org/web/20251229213700im_/https://s.nmxc.ltd/sakurairo_vision/@3.0/basic/puff-load.svg
Reusing existing connection to web.archive.org:443.
HTTP request sent, awaiting response... 200 OK
Length: unspecified [image/svg+xml]
Saving to: ‘blog.epheia.moe/web.archive.org/web/20251230010614im_/https:/s.nmxc.ltd/sakurairo_vision/@3.0/basic/puff-load.svg’

     0K .                                                       199M=0s

2026-09-17 00:23:00 (199 MB/s) - ‘blog.epheia.moe/web.archive.org/web/20251230010614im_/https:/s.nmxc.ltd/sakurairo_vision/@3.0/basic/puff-load.svg’ saved [1463]

--2026-09-17 00:23:01--  https://web.archive.org/web/20251230010614im_/https://blog.epheia.moe/a/shuoshuo/210
Reusing existing connection to web.archive.org:443.
HTTP request sent, awaiting response... 200 OK
Length: unspecified [text/html]
Saving to: ‘blog.epheia.moe/web.archive.org/web/20251230010614im_/https:/blog.epheia.moe/a/shuoshuo/210.html’

     0K .......... .......... .......... .......... .......... 59.1M
    50K .......... .......... .......... .......... .......... 13.3M
   100K .......... .......... .......... .......... .......... 14.1M
   150K .......... .......... .......... .......... .......... 18.5M
   200K .......... .......... .......... .......... .......    25.2M=0.01s

Last-modified header missing -- time-stamps turned off.
2026-09-17 00:23:02 (19.4 MB/s) - ‘blog.epheia.moe/web.archive.org/web/20251230010614im_/https:/blog.epheia.moe/a/shuoshuo/210.html’ saved [253448]

--2026-09-17 00:23:03--  https://web.archive.org/web/20251230010614im_/https://s.nmxc.ltd/sakurairo_vision/@3.0/basic/add.svg
Reusing existing connection to web.archive.org:443.
HTTP request sent, awaiting response... 302 FOUND
Location: https://web.archive.org/web/20260105220038im_/https://s.nmxc.ltd/sakurairo_vision/@3.0/basic/add.svg [following]
--2026-09-17 00:23:05--  https://web.archive.org/web/20260105220038im_/https://s.nmxc.ltd/sakurairo_vision/@3.0/basic/add.svg
Reusing existing connection to web.archive.org:443.
HTTP request sent, awaiting response... 504 Gateway Time-out
Retrying.

--2026-09-17 00:23:06--  (try: 2)  https://web.archive.org/web/20260105220038im_/https://s.nmxc.ltd/sakurairo_vision/@3.0/basic/add.svg
Reusing existing connection to web.archive.org:443.
HTTP request sent, awaiting response... 504 Gateway Time-out
Retrying.

--2026-09-17 00:23:08--  (try: 3)  https://web.archive.org/web/20260105220038im_/https://s.nmxc.ltd/sakurairo_vision/@3.0/basic/add.svg
Reusing existing connection to web.archive.org:443.
HTTP request sent, awaiting response... 504 Gateway Time-out
Retrying.

--2026-09-17 00:23:11--  (try: 4)  https://web.archive.org/web/20260105220038im_/https://s.nmxc.ltd/sakurairo_vision/@3.0/basic/add.svg
Reusing existing connection to web.archive.org:443.
HTTP request sent, awaiting response... 504 Gateway Time-out
Retrying.

--2026-09-17 00:23:16--  (try: 5)  https://web.archive.org/web/20260105220038im_/https://s.nmxc.ltd/sakurairo_vision/@3.0/basic/add.svg
Reusing existing connection to web.archive.org:443.
HTTP request sent, awaiting response... 504 Gateway Time-out
Giving up.

--2026-09-17 00:23:17--  https://web.archive.org/web/20251230010614im_/https://s.nmxc.ltd/sakurairo_vision/@3.0/basic/grid.png
Reusing existing connection to web.archive.org:443.
HTTP request sent, awaiting response... 302 FOUND
Location: https://web.archive.org/web/20251229104233im_/https://s.nmxc.ltd/sakurairo_vision/@3.0/basic/grid.png [following]
--2026-09-17 00:23:18--  https://web.archive.org/web/20251229104233im_/https://s.nmxc.ltd/sakurairo_vision/@3.0/basic/grid.png
Reusing existing connection to web.archive.org:443.
HTTP request sent, awaiting response... 200 OK
Length: 125 [image/png]
Saving to: ‘blog.epheia.moe/web.archive.org/web/20251230010614im_/https:/s.nmxc.ltd/sakurairo_vision/@3.0/basic/grid.png’

     0K                                                       100% 39.7M=0s

2026-09-17 00:23:19 (39.7 MB/s) - ‘blog.epheia.moe/web.archive.org/web/20251230010614im_/https:/s.nmxc.ltd/sakurairo_vision/@3.0/basic/grid.png’ saved [125/125]

--2026-09-17 00:23:19--  https://web.archive.org/web/20251230010614im_/https://s.nmxc.ltd/sakurairo_vision/@3.0/basic/dot.gif
Reusing existing connection to web.archive.org:443.
HTTP request sent, awaiting response... 302 FOUND
Location: https://web.archive.org/web/20260105220034im_/https://s.nmxc.ltd/sakurairo_vision/@3.0/basic/dot.gif [following]
--2026-09-17 00:23:20--  https://web.archive.org/web/20260105220034im_/https://s.nmxc.ltd/sakurairo_vision/@3.0/basic/dot.gif
Reusing existing connection to web.archive.org:443.
HTTP request sent, awaiting response... 504 Gateway Time-out
Retrying.

--2026-09-17 00:23:22--  (try: 2)  https://web.archive.org/web/20260105220034im_/https://s.nmxc.ltd/sakurairo_vision/@3.0/basic/dot.gif
Reusing existing connection to web.archive.org:443.
HTTP request sent, awaiting response... 504 Gateway Time-out
Retrying.

--2026-09-17 00:23:24--  (try: 3)  https://web.archive.org/web/20260105220034im_/https://s.nmxc.ltd/sakurairo_vision/@3.0/basic/dot.gif
Reusing existing connection to web.archive.org:443.
HTTP request sent, awaiting response... 504 Gateway Time-out
Retrying.

--2026-09-17 00:23:27--  (try: 4)  https://web.archive.org/web/20260105220034im_/https://s.nmxc.ltd/sakurairo_vision/@3.0/basic/dot.gif
Reusing existing connection to web.archive.org:443.
HTTP request sent, awaiting response... 504 Gateway Time-out
Retrying.

--2026-09-17 00:23:31--  (try: 5)  https://web.archive.org/web/20260105220034im_/https://s.nmxc.ltd/sakurairo_vision/@3.0/basic/dot.gif
Reusing existing connection to web.archive.org:443.
HTTP request sent, awaiting response... 504 Gateway Time-out
Giving up.

--2026-09-17 00:23:33--  https://web.archive.org/web/20251230010614im_/https://s.nmxc.ltd/sakurairo_vision/@3.0/basic/play.svg
Reusing existing connection to web.archive.org:443.
HTTP request sent, awaiting response... 302 FOUND
Location: https://web.archive.org/web/20260105220035im_/https://s.nmxc.ltd/sakurairo_vision/@3.0/basic/play.svg [following]
--2026-09-17 00:23:34--  https://web.archive.org/web/20260105220035im_/https://s.nmxc.ltd/sakurairo_vision/@3.0/basic/play.svg
Reusing existing connection to web.archive.org:443.
HTTP request sent, awaiting response... 504 Gateway Time-out
Retrying.

--2026-09-17 00:23:35--  (try: 2)  https://web.archive.org/web/20260105220035im_/https://s.nmxc.ltd/sakurairo_vision/@3.0/basic/play.svg
Reusing existing connection to web.archive.org:443.
HTTP request sent, awaiting response... 504 Gateway Time-out
Retrying.

--2026-09-17 00:23:38--  (try: 3)  https://web.archive.org/web/20260105220035im_/https://s.nmxc.ltd/sakurairo_vision/@3.0/basic/play.svg
Reusing existing connection to web.archive.org:443.
HTTP request sent, awaiting response... 504 Gateway Time-out
Retrying.

--2026-09-17 00:23:41--  (try: 4)  https://web.archive.org/web/20260105220035im_/https://s.nmxc.ltd/sakurairo_vision/@3.0/basic/play.svg
Reusing existing connection to web.archive.org:443.
HTTP request sent, awaiting response... 504 Gateway Time-out
Retrying.

--2026-09-17 00:23:45--  (try: 5)  https://web.archive.org/web/20260105220035im_/https://s.nmxc.ltd/sakurairo_vision/@3.0/basic/play.svg
Reusing existing connection to web.archive.org:443.
HTTP request sent, awaiting response... 504 Gateway Time-out
Giving up.

--2026-09-17 00:23:46--  https://web.archive.org/web/20251230010614im_/https://s.nmxc.ltd/sakurairo_vision/@3.0/basic/pause.svg
Reusing existing connection to web.archive.org:443.
HTTP request sent, awaiting response... 302 FOUND
Location: https://web.archive.org/web/20260105220036im_/https://s.nmxc.ltd/sakurairo_vision/@3.0/basic/pause.svg [following]
--2026-09-17 00:23:47--  https://web.archive.org/web/20260105220036im_/https://s.nmxc.ltd/sakurairo_vision/@3.0/basic/pause.svg
Reusing existing connection to web.archive.org:443.
HTTP request sent, awaiting response... 200 OK
Length: 462 [image/svg+xml]
Saving to: ‘blog.epheia.moe/web.archive.org/web/20251230010614im_/https:/s.nmxc.ltd/sakurairo_vision/@3.0/basic/pause.svg’

     0K                                                       100%  147M=0s

2026-09-17 00:23:48 (147 MB/s) - ‘blog.epheia.moe/web.archive.org/web/20251230010614im_/https:/s.nmxc.ltd/sakurairo_vision/@3.0/basic/pause.svg’ saved [462/462]

--2026-09-17 00:23:49--  https://web.archive.org/web/20251230010614im_/https://blog.epheia.moe/wp-content/uploads/2025/11/cropped-1762012142-android-chrome-512x512-1-32x32.png
Reusing existing connection to web.archive.org:443.
HTTP request sent, awaiting response... 302 FOUND
Location: https://web.archive.org/web/20251228064049im_/https://blog.epheia.moe/wp-content/uploads/2025/11/cropped-1762012142-android-chrome-512x512-1-32x32.png [following]
--2026-09-17 00:23:51--  https://web.archive.org/web/20251228064049im_/https://blog.epheia.moe/wp-content/uploads/2025/11/cropped-1762012142-android-chrome-512x512-1-32x32.png
Reusing existing connection to web.archive.org:443.
HTTP request sent, awaiting response... 200 OK
Length: unspecified [image/png]
Saving to: ‘blog.epheia.moe/web.archive.org/web/20251230010614im_/https:/blog.epheia.moe/wp-content/uploads/2025/11/cropped-1762012142-android-chrome-512x512-1-32x32.png’

     0K ..                                                      518M=0s

2026-09-17 00:23:51 (518 MB/s) - ‘blog.epheia.moe/web.archive.org/web/20251230010614im_/https:/blog.epheia.moe/wp-content/uploads/2025/11/cropped-1762012142-android-chrome-512x512-1-32x32.png’ saved [2172]

--2026-09-17 00:23:52--  https://web.archive.org/web/20251230010614im_/https://blog.epheia.moe/wp-content/uploads/2025/11/cropped-1762012142-android-chrome-512x512-1-192x192.png
Reusing existing connection to web.archive.org:443.
HTTP request sent, awaiting response... 302 FOUND
Location: https://web.archive.org/web/20251228064049im_/https://blog.epheia.moe/wp-content/uploads/2025/11/cropped-1762012142-android-chrome-512x512-1-192x192.png [following]
--2026-09-17 00:23:53--  https://web.archive.org/web/20251228064049im_/https://blog.epheia.moe/wp-content/uploads/2025/11/cropped-1762012142-android-chrome-512x512-1-192x192.png
Reusing existing connection to web.archive.org:443.
HTTP request sent, awaiting response... 200 OK
Length: unspecified [image/png]
Saving to: ‘blog.epheia.moe/web.archive.org/web/20251230010614im_/https:/blog.epheia.moe/wp-content/uploads/2025/11/cropped-1762012142-android-chrome-512x512-1-192x192.png’

     0K .......... .......... .......... .......... ...        20.4M=0.002s

2026-09-17 00:23:53 (20.4 MB/s) - ‘blog.epheia.moe/web.archive.org/web/20251230010614im_/https:/blog.epheia.moe/wp-content/uploads/2025/11/cropped-1762012142-android-chrome-512x512-1-192x192.png’ saved [44033]

--2026-09-17 00:23:54--  https://web.archive.org/web/20251230010614im_/https://blog.epheia.moe/wp-content/uploads/2025/11/cropped-1762012142-android-chrome-512x512-1-180x180.png
Reusing existing connection to web.archive.org:443.
HTTP request sent, awaiting response... 302 FOUND
Location: https://web.archive.org/web/20251228064049im_/https://blog.epheia.moe/wp-content/uploads/2025/11/cropped-1762012142-android-chrome-512x512-1-180x180.png [following]
--2026-09-17 00:23:55--  https://web.archive.org/web/20251228064049im_/https://blog.epheia.moe/wp-content/uploads/2025/11/cropped-1762012142-android-chrome-512x512-1-180x180.png
Reusing existing connection to web.archive.org:443.
HTTP request sent, awaiting response... 200 OK
Length: unspecified [image/png]
Saving to: ‘blog.epheia.moe/web.archive.org/web/20251230010614im_/https:/blog.epheia.moe/wp-content/uploads/2025/11/cropped-1762012142-android-chrome-512x512-1-180x180.png’

     0K .......... .......... .......... ........              33.4M=0.001s

2026-09-17 00:23:55 (33.4 MB/s) - ‘blog.epheia.moe/web.archive.org/web/20251230010614im_/https:/blog.epheia.moe/wp-content/uploads/2025/11/cropped-1762012142-android-chrome-512x512-1-180x180.png’ saved [39892]

--2026-09-17 00:23:56--  https://web.archive.org/web/20251230010614js_/https://blog.epheia.moe/wp-content/themes/Sakurairo/js/nav.js
Reusing existing connection to web.archive.org:443.
HTTP request sent, awaiting response... 302 FOUND
Location: https://web.archive.org/web/20251228064049js_/https://blog.epheia.moe/wp-content/themes/Sakurairo/js/nav.js [following]
--2026-09-17 00:23:58--  https://web.archive.org/web/20251228064049js_/https://blog.epheia.moe/wp-content/themes/Sakurairo/js/nav.js
Reusing existing connection to web.archive.org:443.
HTTP request sent, awaiting response... 200 OK
Length: unspecified [application/javascript]
Saving to: ‘blog.epheia.moe/web.archive.org/web/20251230010614js_/https:/blog.epheia.moe/wp-content/themes/Sakurairo/js/nav.js’

     0K .......... .......... .......... .......... .......... 45.3M
    50K ....                                                   85.4K=0.001s

2026-09-17 00:23:58 (49.2 MB/s) - ‘blog.epheia.moe/web.archive.org/web/20251230010614js_/https:/blog.epheia.moe/wp-content/themes/Sakurairo/js/nav.js’ saved [55573]

--2026-09-17 00:23:59--  https://web.archive.org/web/20251230010614im_/https://blog.epheia.moe/wp-content/uploads/2025/11/1762012142-android-chrome-512x512-1.png
Reusing existing connection to web.archive.org:443.
HTTP request sent, awaiting response... 302 FOUND
Location: https://web.archive.org/web/20251228064044im_/https://blog.epheia.moe/wp-content/uploads/2025/11/1762012142-android-chrome-512x512-1.png [following]
--2026-09-17 00:24:01--  https://web.archive.org/web/20251228064044im_/https://blog.epheia.moe/wp-content/uploads/2025/11/1762012142-android-chrome-512x512-1.png
Reusing existing connection to web.archive.org:443.
HTTP request sent, awaiting response... 200 OK
Length: unspecified [image/png]
Saving to: ‘blog.epheia.moe/web.archive.org/web/20251230010614im_/https:/blog.epheia.moe/wp-content/uploads/2025/11/1762012142-android-chrome-512x512-1.png’

     0K .......... .......... .......... .......... .......... 10.1M
    50K .......... .......... .......... .......... .......... 21.3M
   100K .......... .......... .......... .......... .......... 14.0M
   150K .......... .......... .......... .......... .......... 13.4M
   200K .......... .......... .......... .......... .......... 15.5M
   250K .......... .......... .......... .......... .......... 10.9M
   300K .......... .......... .......... .......... .......... 22.1M
   350K ....                                                   58.6M=0.02s

2026-09-17 00:24:01 (14.3 MB/s) - ‘blog.epheia.moe/web.archive.org/web/20251230010614im_/https:/blog.epheia.moe/wp-content/uploads/2025/11/1762012142-android-chrome-512x512-1.png’ saved [363070]

--2026-09-17 00:24:02--  https://web.archive.org/web/20251230010614im_/https://blog.epheia.moe/wp-content/uploads/2025/10/1761925036-Image_1761925021241.jpg
Reusing existing connection to web.archive.org:443.
HTTP request sent, awaiting response... 302 FOUND
Location: https://web.archive.org/web/20251228064044im_/https://blog.epheia.moe/wp-content/uploads/2025/10/1761925036-Image_1761925021241.jpg [following]
--2026-09-17 00:24:04--  https://web.archive.org/web/20251228064044im_/https://blog.epheia.moe/wp-content/uploads/2025/10/1761925036-Image_1761925021241.jpg
Reusing existing connection to web.archive.org:443.
HTTP request sent, awaiting response... 200 OK
Length: unspecified [image/jpeg]
Saving to: ‘blog.epheia.moe/web.archive.org/web/20251230010614im_/https:/blog.epheia.moe/wp-content/uploads/2025/10/1761925036-Image_1761925021241.jpg’

     0K .......... .......... .......... .......... .......... 13.6M
    50K .                                                      22.5K=0.004s

2026-09-17 00:24:04 (13.9 MB/s) - ‘blog.epheia.moe/web.archive.org/web/20251230010614im_/https:/blog.epheia.moe/wp-content/uploads/2025/10/1761925036-Image_1761925021241.jpg’ saved [52353]

--2026-09-17 00:24:05--  https://web.archive.org/web/20251230010614im_/https://s.nmxc.ltd/sakurairo_vision/@3.0/display_icon/fluent_design/tw.webp
Reusing existing connection to web.archive.org:443.
HTTP request sent, awaiting response... 302 FOUND
Location: https://web.archive.org/web/20251228064045im_/https://s.nmxc.ltd/sakurairo_vision/@3.0/display_icon/fluent_design/tw.webp [following]
--2026-09-17 00:24:07--  https://web.archive.org/web/20251228064045im_/https://s.nmxc.ltd/sakurairo_vision/@3.0/display_icon/fluent_design/tw.webp
Reusing existing connection to web.archive.org:443.
HTTP request sent, awaiting response... 200 OK
Length: 6706 (6.5K) [image/webp]
Saving to: ‘blog.epheia.moe/web.archive.org/web/20251230010614im_/https:/s.nmxc.ltd/sakurairo_vision/@3.0/display_icon/fluent_design/tw.webp’

     0K ......                                                100%  914M=0s

2026-09-17 00:24:07 (914 MB/s) - ‘blog.epheia.moe/web.archive.org/web/20251230010614im_/https:/s.nmxc.ltd/sakurairo_vision/@3.0/display_icon/fluent_design/tw.webp’ saved [6706/6706]

--2026-09-17 00:24:08--  https://web.archive.org/web/20251230010614im_/https://s.nmxc.ltd/sakurairo_vision/@3.0/display_icon/fluent_design/mail.webp
Reusing existing connection to web.archive.org:443.
HTTP request sent, awaiting response... 302 FOUND
Location: https://web.archive.org/web/20251229215054im_/https://s.nmxc.ltd/sakurairo_vision/@3.0/display_icon/fluent_design/mail.webp [following]
--2026-09-17 00:24:09--  https://web.archive.org/web/20251229215054im_/https://s.nmxc.ltd/sakurairo_vision/@3.0/display_icon/fluent_design/mail.webp
Reusing existing connection to web.archive.org:443.
HTTP request sent, awaiting response... 200 OK
Length: 6446 (6.3K) [image/webp]
Saving to: ‘blog.epheia.moe/web.archive.org/web/20251230010614im_/https:/s.nmxc.ltd/sakurairo_vision/@3.0/display_icon/fluent_design/mail.webp’

     0K ......                                                100% 1.20G=0s

2026-09-17 00:24:10 (1.20 GB/s) - ‘blog.epheia.moe/web.archive.org/web/20251230010614im_/https:/s.nmxc.ltd/sakurairo_vision/@3.0/display_icon/fluent_design/mail.webp’ saved [6446/6446]

--2026-09-17 00:24:11--  https://web.archive.org/web/20251230010614/https://blog.epheia.moe/a/author/epheia/
Reusing existing connection to web.archive.org:443.
HTTP request sent, awaiting response... 302 FOUND
Location: https://web.archive.org/web/20260210034219/https://blog.epheia.moe/a/author/epheia/ [following]
--2026-09-17 00:24:13--  https://web.archive.org/web/20260210034219/https://blog.epheia.moe/a/author/epheia/
Reusing existing connection to web.archive.org:443.
HTTP request sent, awaiting response... 200 OK
Length: unspecified [text/html]
Saving to: ‘blog.epheia.moe/web.archive.org/web/20251230010614/https:/blog.epheia.moe/a/author/epheia/index.html’

     0K .......... .......... .......... .......... .......... 10.2M
    50K .......... .......... .......... .......... .......... 17.1M
   100K .......... .......... .......... .......... .......... 16.4M
   150K .......... .......... .......... .......... .......... 13.5M
   200K .......... .......... .......... .......... .......... 23.7M
   250K .......                                                20.1M=0.02s

Last-modified header missing -- time-stamps turned off.
2026-09-17 00:24:13 (15.1 MB/s) - ‘blog.epheia.moe/web.archive.org/web/20251230010614/https:/blog.epheia.moe/a/author/epheia/index.html’ saved [263828]

--2026-09-17 00:24:14--  https://web.archive.org/web/20251230010614im_/https://blog.epheia.moe/wp-content/uploads/2025/12/1765116127-Screenshot_20251207_144919-1024x960.jpg
Reusing existing connection to web.archive.org:443.
HTTP request sent, awaiting response... 302 FOUND
Location: https://web.archive.org/web/20251230010620im_/https://blog.epheia.moe/wp-content/uploads/2025/12/1765116127-Screenshot_20251207_144919-1024x960.jpg [following]
--2026-09-17 00:24:16--  https://web.archive.org/web/20251230010620im_/https://blog.epheia.moe/wp-content/uploads/2025/12/1765116127-Screenshot_20251207_144919-1024x960.jpg
Reusing existing connection to web.archive.org:443.
HTTP request sent, awaiting response... 200 OK
Length: unspecified [image/jpeg]
Saving to: ‘blog.epheia.moe/web.archive.org/web/20251230010614im_/https:/blog.epheia.moe/wp-content/uploads/2025/12/1765116127-Screenshot_20251207_144919-1024x960.jpg’

     0K .......... .......... .......... .......... .......... 7.55M
    50K .......... .......... .......... .......... .......... 22.6M
   100K .......... .......... .......... ...                   26.6M=0.01s

2026-09-17 00:24:16 (13.2 MB/s) - ‘blog.epheia.moe/web.archive.org/web/20251230010614im_/https:/blog.epheia.moe/wp-content/uploads/2025/12/1765116127-Screenshot_20251207_144919-1024x960.jpg’ saved [137102]

--2026-09-17 00:24:17--  https://web.archive.org/web/20251230010614im_/https://blog.epheia.moe/wp-content/uploads/2025/12/1765116127-Screenshot_20251207_144919-300x281.jpg
Reusing existing connection to web.archive.org:443.
HTTP request sent, awaiting response... 302 FOUND
Location: https://web.archive.org/web/20251230010620im_/https://blog.epheia.moe/wp-content/uploads/2025/12/1765116127-Screenshot_20251207_144919-300x281.jpg [following]
--2026-09-17 00:24:18--  https://web.archive.org/web/20251230010620im_/https://blog.epheia.moe/wp-content/uploads/2025/12/1765116127-Screenshot_20251207_144919-300x281.jpg
Reusing existing connection to web.archive.org:443.
HTTP request sent, awaiting response... 200 OK
Length: unspecified [image/jpeg]
Saving to: ‘blog.epheia.moe/web.archive.org/web/20251230010614im_/https:/blog.epheia.moe/wp-content/uploads/2025/12/1765116127-Screenshot_20251207_144919-300x281.jpg’

     0K .......... .......... ..                               44.9M=0s

2026-09-17 00:24:19 (44.9 MB/s) - ‘blog.epheia.moe/web.archive.org/web/20251230010614im_/https:/blog.epheia.moe/wp-content/uploads/2025/12/1765116127-Screenshot_20251207_144919-300x281.jpg’ saved [23369]

--2026-09-17 00:24:19--  https://web.archive.org/web/20251230010614im_/https://blog.epheia.moe/wp-content/uploads/2025/12/1765116127-Screenshot_20251207_144919-768x720.jpg
Reusing existing connection to web.archive.org:443.
HTTP request sent, awaiting response... 302 FOUND
Location: https://web.archive.org/web/20251230010620im_/https://blog.epheia.moe/wp-content/uploads/2025/12/1765116127-Screenshot_20251207_144919-768x720.jpg [following]
--2026-09-17 00:24:22--  https://web.archive.org/web/20251230010620im_/https://blog.epheia.moe/wp-content/uploads/2025/12/1765116127-Screenshot_20251207_144919-768x720.jpg
Reusing existing connection to web.archive.org:443.
HTTP request sent, awaiting response... 200 OK
Length: unspecified [image/jpeg]
Saving to: ‘blog.epheia.moe/web.archive.org/web/20251230010614im_/https:/blog.epheia.moe/wp-content/uploads/2025/12/1765116127-Screenshot_20251207_144919-768x720.jpg’

     0K .......... .......... .......... .......... .......... 11.2M
    50K .......... .......... .......... ......                22.7M=0.006s

2026-09-17 00:24:23 (14.2 MB/s) - ‘blog.epheia.moe/web.archive.org/web/20251230010614im_/https:/blog.epheia.moe/wp-content/uploads/2025/12/1765116127-Screenshot_20251207_144919-768x720.jpg’ saved [88282]

--2026-09-17 00:24:24--  https://web.archive.org/web/20251230010614im_/https://blog.epheia.moe/wp-content/uploads/2025/12/1765116127-Screenshot_20251207_144919.jpg
Reusing existing connection to web.archive.org:443.
HTTP request sent, awaiting response... 302 FOUND
Location: https://web.archive.org/web/20251230010620im_/https://blog.epheia.moe/wp-content/uploads/2025/12/1765116127-Screenshot_20251207_144919.jpg [following]
--2026-09-17 00:24:25--  https://web.archive.org/web/20251230010620im_/https://blog.epheia.moe/wp-content/uploads/2025/12/1765116127-Screenshot_20251207_144919.jpg
Reusing existing connection to web.archive.org:443.
HTTP request sent, awaiting response... 200 OK
Length: unspecified [image/jpeg]
Saving to: ‘blog.epheia.moe/web.archive.org/web/20251230010614im_/https:/blog.epheia.moe/wp-content/uploads/2025/12/1765116127-Screenshot_20251207_144919.jpg’

     0K .......... .......... .......... .......... .......... 23.6M
    50K .......... .......... .......... .......... .......... 35.0M
   100K .......... .......... .......... .......... .......... 29.6M
   150K .......... .......... .......... .......... .......... 36.7M
   200K .......... .......... .......... .......... .......... 18.7M
   250K .......... .......... .......... .......... .......... 12.6M
   300K .......... .......... .......... .......... .......... 21.2M
   350K .......... .......... .......... .......... .......... 16.6M
   400K .......... .......... .......... .......... .......... 33.9M
   450K .......... .......... .......... .......... .......... 25.1M
   500K .......... .......... .......... .......... .......... 13.5M
   550K .......... .......... .......... ...                   28.6M=0.03s

2026-09-17 00:24:25 (21.6 MB/s) - ‘blog.epheia.moe/web.archive.org/web/20251230010614im_/https:/blog.epheia.moe/wp-content/uploads/2025/12/1765116127-Screenshot_20251207_144919.jpg’ saved [597209]

--2026-09-17 00:24:26--  https://web.archive.org/web/20251230010614im_/https://blog.epheia.moe/wp-content/uploads/2025/12/1765116133-Screenshot_20251207_144931-1024x399.jpg
Reusing existing connection to web.archive.org:443.
HTTP request sent, awaiting response... 302 FOUND
Location: https://web.archive.org/web/20251230010620im_/https://blog.epheia.moe/wp-content/uploads/2025/12/1765116133-Screenshot_20251207_144931-1024x399.jpg [following]
--2026-09-17 00:24:27--  https://web.archive.org/web/20251230010620im_/https://blog.epheia.moe/wp-content/uploads/2025/12/1765116133-Screenshot_20251207_144931-1024x399.jpg
Reusing existing connection to web.archive.org:443.
HTTP request sent, awaiting response... 200 OK
Length: unspecified [image/jpeg]
Saving to: ‘blog.epheia.moe/web.archive.org/web/20251230010614im_/https:/blog.epheia.moe/wp-content/uploads/2025/12/1765116133-Screenshot_20251207_144931-1024x399.jpg’

     0K .......... .......... .......... .......... .......... 33.1M
    50K ..                                                     45.3K=0.001s

2026-09-17 00:24:28 (34.6 MB/s) - ‘blog.epheia.moe/web.archive.org/web/20251230010614im_/https:/blog.epheia.moe/wp-content/uploads/2025/12/1765116133-Screenshot_20251207_144931-1024x399.jpg’ saved [53521]

--2026-09-17 00:24:29--  https://web.archive.org/web/20251230010614im_/https://blog.epheia.moe/wp-content/uploads/2025/12/1765116133-Screenshot_20251207_144931-300x117.jpg
Reusing existing connection to web.archive.org:443.
HTTP request sent, awaiting response... 302 FOUND
Location: https://web.archive.org/web/20251230010620im_/https://blog.epheia.moe/wp-content/uploads/2025/12/1765116133-Screenshot_20251207_144931-300x117.jpg [following]
--2026-09-17 00:24:30--  https://web.archive.org/web/20251230010620im_/https://blog.epheia.moe/wp-content/uploads/2025/12/1765116133-Screenshot_20251207_144931-300x117.jpg
Reusing existing connection to web.archive.org:443.
HTTP request sent, awaiting response... 200 OK
Length: unspecified [image/jpeg]
Saving to: ‘blog.epheia.moe/web.archive.org/web/20251230010614im_/https:/blog.epheia.moe/wp-content/uploads/2025/12/1765116133-Screenshot_20251207_144931-300x117.jpg’

     0K ........                                               1.95G=0s

2026-09-17 00:24:30 (1.95 GB/s) - ‘blog.epheia.moe/web.archive.org/web/20251230010614im_/https:/blog.epheia.moe/wp-content/uploads/2025/12/1765116133-Screenshot_20251207_144931-300x117.jpg’ saved [8393]

--2026-09-17 00:24:31--  https://web.archive.org/web/20251230010614im_/https://blog.epheia.moe/wp-content/uploads/2025/12/1765116133-Screenshot_20251207_144931-768x299.jpg
Reusing existing connection to web.archive.org:443.
HTTP request sent, awaiting response... 302 FOUND
Location: https://web.archive.org/web/20251230010620im_/https://blog.epheia.moe/wp-content/uploads/2025/12/1765116133-Screenshot_20251207_144931-768x299.jpg [following]
--2026-09-17 00:24:32--  https://web.archive.org/web/20251230010620im_/https://blog.epheia.moe/wp-content/uploads/2025/12/1765116133-Screenshot_20251207_144931-768x299.jpg
Reusing existing connection to web.archive.org:443.
HTTP request sent, awaiting response... 200 OK
Length: unspecified [image/jpeg]
Saving to: ‘blog.epheia.moe/web.archive.org/web/20251230010614im_/https:/blog.epheia.moe/wp-content/uploads/2025/12/1765116133-Screenshot_20251207_144931-768x299.jpg’

     0K .......... .......... .......... ...                   38.5M=0.001s

2026-09-17 00:24:33 (38.5 MB/s) - ‘blog.epheia.moe/web.archive.org/web/20251230010614im_/https:/blog.epheia.moe/wp-content/uploads/2025/12/1765116133-Screenshot_20251207_144931-768x299.jpg’ saved [34322]

--2026-09-17 00:24:34--  https://web.archive.org/web/20251230010614im_/https://blog.epheia.moe/wp-content/uploads/2025/12/1765116133-Screenshot_20251207_144931.jpg
Reusing existing connection to web.archive.org:443.
HTTP request sent, awaiting response... 302 FOUND
Location: https://web.archive.org/web/20251230010620im_/https://blog.epheia.moe/wp-content/uploads/2025/12/1765116133-Screenshot_20251207_144931.jpg [following]
--2026-09-17 00:24:35--  https://web.archive.org/web/20251230010620im_/https://blog.epheia.moe/wp-content/uploads/2025/12/1765116133-Screenshot_20251207_144931.jpg
Reusing existing connection to web.archive.org:443.
HTTP request sent, awaiting response... 200 OK
Length: unspecified [image/jpeg]
Saving to: ‘blog.epheia.moe/web.archive.org/web/20251230010614im_/https:/blog.epheia.moe/wp-content/uploads/2025/12/1765116133-Screenshot_20251207_144931.jpg’

     0K .......... .......... .......... .......... .......... 28.1M
    50K .......... .......... .......... .......... .......... 18.3M
   100K .......... .......... .......... .......... .......... 14.7M
   150K .......... .......... .......... .......... .......... 22.4M
   200K                                                        13.2K=0.01s

2026-09-17 00:24:36 (19.8 MB/s) - ‘blog.epheia.moe/web.archive.org/web/20251230010614im_/https:/blog.epheia.moe/wp-content/uploads/2025/12/1765116133-Screenshot_20251207_144931.jpg’ saved [205476]

--2026-09-17 00:24:37--  https://web.archive.org/web/20251230010614im_/https://blog.epheia.moe/wp-content/uploads/2025/12/1765116140-20251207_135058-788x1024.jpg
Reusing existing connection to web.archive.org:443.
HTTP request sent, awaiting response... 302 FOUND
Location: https://web.archive.org/web/20251230010626im_/https://blog.epheia.moe/wp-content/uploads/2025/12/1765116140-20251207_135058-788x1024.jpg [following]
--2026-09-17 00:24:38--  https://web.archive.org/web/20251230010626im_/https://blog.epheia.moe/wp-content/uploads/2025/12/1765116140-20251207_135058-788x1024.jpg
Reusing existing connection to web.archive.org:443.
HTTP request sent, awaiting response... 200 OK
Length: unspecified [image/jpeg]
Saving to: ‘blog.epheia.moe/web.archive.org/web/20251230010614im_/https:/blog.epheia.moe/wp-content/uploads/2025/12/1765116140-20251207_135058-788x1024.jpg’

     0K .......... .......... .......... .......... .......... 9.35M
    50K .......... .......... .......... .......... .......    23.4M=0.007s

2026-09-17 00:24:39 (13.2 MB/s) - ‘blog.epheia.moe/web.archive.org/web/20251230010614im_/https:/blog.epheia.moe/wp-content/uploads/2025/12/1765116140-20251207_135058-788x1024.jpg’ saved [100251]

--2026-09-17 00:24:39--  https://web.archive.org/web/20251230010614im_/https://blog.epheia.moe/wp-content/uploads/2025/12/1765116140-20251207_135058-231x300.jpg
Reusing existing connection to web.archive.org:443.
HTTP request sent, awaiting response... 302 FOUND
Location: https://web.archive.org/web/20251230010626im_/https://blog.epheia.moe/wp-content/uploads/2025/12/1765116140-20251207_135058-231x300.jpg [following]
--2026-09-17 00:24:41--  https://web.archive.org/web/20251230010626im_/https://blog.epheia.moe/wp-content/uploads/2025/12/1765116140-20251207_135058-231x300.jpg
Reusing existing connection to web.archive.org:443.
HTTP request sent, awaiting response... 200 OK
Length: unspecified [image/jpeg]
Saving to: ‘blog.epheia.moe/web.archive.org/web/20251230010614im_/https:/blog.epheia.moe/wp-content/uploads/2025/12/1765116140-20251207_135058-231x300.jpg’

     0K .......... ........                                    24.8M=0.001s

2026-09-17 00:24:41 (24.8 MB/s) - ‘blog.epheia.moe/web.archive.org/web/20251230010614im_/https:/blog.epheia.moe/wp-content/uploads/2025/12/1765116140-20251207_135058-231x300.jpg’ saved [19191]

--2026-09-17 00:24:43--  https://web.archive.org/web/20251230010614im_/https://blog.epheia.moe/wp-content/uploads/2025/12/1765116140-20251207_135058-768x998.jpg
Reusing existing connection to web.archive.org:443.
HTTP request sent, awaiting response... 302 FOUND
Location: https://web.archive.org/web/20251230010626im_/https://blog.epheia.moe/wp-content/uploads/2025/12/1765116140-20251207_135058-768x998.jpg [following]
--2026-09-17 00:24:45--  https://web.archive.org/web/20251230010626im_/https://blog.epheia.moe/wp-content/uploads/2025/12/1765116140-20251207_135058-768x998.jpg
Reusing existing connection to web.archive.org:443.
HTTP request sent, awaiting response... 200 OK
Length: unspecified [image/jpeg]
Saving to: ‘blog.epheia.moe/web.archive.org/web/20251230010614im_/https:/blog.epheia.moe/wp-content/uploads/2025/12/1765116140-20251207_135058-768x998.jpg’

     0K .......... .......... .......... .......... .......... 3.97M
    50K .......... .......... .......... .......... ....       33.6M=0.01s

2026-09-17 00:24:45 (6.77 MB/s) - ‘blog.epheia.moe/web.archive.org/web/20251230010614im_/https:/blog.epheia.moe/wp-content/uploads/2025/12/1765116140-20251207_135058-768x998.jpg’ saved [96420]

--2026-09-17 00:24:46--  https://web.archive.org/web/20251230010614im_/https://blog.epheia.moe/wp-content/uploads/2025/12/1765116140-20251207_135058.jpg
Reusing existing connection to web.archive.org:443.
HTTP request sent, awaiting response... 302 FOUND
Location: https://web.archive.org/web/20251230010626im_/https://blog.epheia.moe/wp-content/uploads/2025/12/1765116140-20251207_135058.jpg [following]
--2026-09-17 00:24:48--  https://web.archive.org/web/20251230010626im_/https://blog.epheia.moe/wp-content/uploads/2025/12/1765116140-20251207_135058.jpg
Reusing existing connection to web.archive.org:443.
HTTP request sent, awaiting response... 200 OK
Length: unspecified [image/jpeg]
Saving to: ‘blog.epheia.moe/web.archive.org/web/20251230010614im_/https:/blog.epheia.moe/wp-content/uploads/2025/12/1765116140-20251207_135058.jpg’

     0K .......... .......... .......... .......... .......... 4.49M
    50K .......... .......... .......... .......... .......... 3.33M
   100K .......... .......... .....                            17.1M=0.03s

2026-09-17 00:24:48 (4.54 MB/s) - ‘blog.epheia.moe/web.archive.org/web/20251230010614im_/https:/blog.epheia.moe/wp-content/uploads/2025/12/1765116140-20251207_135058.jpg’ saved [128532]

--2026-09-17 00:24:49--  https://web.archive.org/web/20251230010614/https://blog.epheia.moe/a/shuoshuo/%e5%88%9a%e6%90%ad%e5%a5%bd%e7%8a%b6%e6%80%81%e9%a1%b5%e5%b0%b1%e6%9c%89%e7%94%a8%e4%ba%86/
Reusing existing connection to web.archive.org:443.
HTTP request sent, awaiting response... 302 FOUND
Location: https://web.archive.org/web/20251228102112/https://blog.epheia.moe/a/shuoshuo/%e5%88%9a%e6%90%ad%e5%a5%bd%e7%8a%b6%e6%80%81%e9%a1%b5%e5%b0%b1%e6%9c%89%e7%94%a8%e4%ba%86 [following]
--2026-09-17 00:24:51--  https://web.archive.org/web/20251228102112/https://blog.epheia.moe/a/shuoshuo/%e5%88%9a%e6%90%ad%e5%a5%bd%e7%8a%b6%e6%80%81%e9%a1%b5%e5%b0%b1%e6%9c%89%e7%94%a8%e4%ba%86
Reusing existing connection to web.archive.org:443.
HTTP request sent, awaiting response... 200 OK
Length: unspecified [text/html]
Saving to: ‘blog.epheia.moe/web.archive.org/web/20251230010614/https:/blog.epheia.moe/a/shuoshuo/刚搭好状态页就有用了/index.html’

     0K .......... .......... .......... .......... .......... 8.36M
    50K .......... .......... .......... .......... .......... 8.71M
   100K .......... .......... .......... .......... .......... 15.5M
   150K .......... .......... .......... .......... .......... 11.6M
   200K .......... .......... .......... .......... ........   16.1M=0.02s

Last-modified header missing -- time-stamps turned off.
2026-09-17 00:24:51 (11.2 MB/s) - ‘blog.epheia.moe/web.archive.org/web/20251230010614/https:/blog.epheia.moe/a/shuoshuo/刚搭好状态页就有用了/index.html’ saved [254304]

--2026-09-17 00:24:52--  https://web.archive.org/web/20251230010614js_/https://blog.epheia.moe/wp-content/themes/Sakurairo/js/polyfill.js?ver=3.0.4
Reusing existing connection to web.archive.org:443.
HTTP request sent, awaiting response... 302 FOUND
Location: https://web.archive.org/web/20251228064049js_/https://blog.epheia.moe/wp-content/themes/Sakurairo/js/polyfill.js?ver=3.0.4 [following]
--2026-09-17 00:24:54--  https://web.archive.org/web/20251228064049js_/https://blog.epheia.moe/wp-content/themes/Sakurairo/js/polyfill.js?ver=3.0.4
Reusing existing connection to web.archive.org:443.
HTTP request sent, awaiting response... 200 OK
Length: unspecified [application/javascript]
Saving to: ‘blog.epheia.moe/web.archive.org/web/20251230010614js_/https:/blog.epheia.moe/wp-content/themes/Sakurairo/js/polyfill.js?ver=3.0.4’

     0K .......... .......... ...                              61.0M=0s

2026-09-17 00:24:55 (61.0 MB/s) - ‘blog.epheia.moe/web.archive.org/web/20251230010614js_/https:/blog.epheia.moe/wp-content/themes/Sakurairo/js/polyfill.js?ver=3.0.4’ saved [23932]

--2026-09-17 00:24:55--  https://web.archive.org/web/20251230010614js_/https://blog.epheia.moe/wp-content/themes/Sakurairo/js/app.js?ver=3.0.4
Reusing existing connection to web.archive.org:443.
HTTP request sent, awaiting response... 302 FOUND
Location: https://web.archive.org/web/20251228064049js_/https://blog.epheia.moe/wp-content/themes/Sakurairo/js/app.js?ver=3.0.4 [following]
--2026-09-17 00:24:57--  https://web.archive.org/web/20251228064049js_/https://blog.epheia.moe/wp-content/themes/Sakurairo/js/app.js?ver=3.0.4
Reusing existing connection to web.archive.org:443.
HTTP request sent, awaiting response... 200 OK
Length: unspecified [application/javascript]
Saving to: ‘blog.epheia.moe/web.archive.org/web/20251230010614js_/https:/blog.epheia.moe/wp-content/themes/Sakurairo/js/app.js?ver=3.0.4’

     0K .......... .......... .......... .......... .......... 8.90M
    50K .......... .........                                   83.3M=0.006s

2026-09-17 00:24:57 (11.8 MB/s) - ‘blog.epheia.moe/web.archive.org/web/20251230010614js_/https:/blog.epheia.moe/wp-content/themes/Sakurairo/js/app.js?ver=3.0.4’ saved [70765]

--2026-09-17 00:24:58--  https://web.archive.org/web/20251230010614js_/https://blog.epheia.moe/wp-content/themes/Sakurairo/js/page.js?ver=3.0.4
Reusing existing connection to web.archive.org:443.
HTTP request sent, awaiting response... 302 FOUND
Location: https://web.archive.org/web/20251228064049js_/https://blog.epheia.moe/wp-content/themes/Sakurairo/js/page.js?ver=3.0.4 [following]
--2026-09-17 00:25:00--  https://web.archive.org/web/20251228064049js_/https://blog.epheia.moe/wp-content/themes/Sakurairo/js/page.js?ver=3.0.4
Reusing existing connection to web.archive.org:443.
HTTP request sent, awaiting response... 200 OK
Length: unspecified [application/javascript]
Saving to: ‘blog.epheia.moe/web.archive.org/web/20251230010614js_/https:/blog.epheia.moe/wp-content/themes/Sakurairo/js/page.js?ver=3.0.4’

     0K .......... .......... .......... .......... .......... 5.69M
    50K ........                                                176K=0.009s

2026-09-17 00:25:00 (6.69 MB/s) - ‘blog.epheia.moe/web.archive.org/web/20251230010614js_/https:/blog.epheia.moe/wp-content/themes/Sakurairo/js/page.js?ver=3.0.4’ saved [60210]

--2026-09-17 00:25:01--  https://web.archive.org/web/20251230010614js_/https://blog.epheia.moe/wp-includes/js/comment-reply.min.js?ver=6.9
Reusing existing connection to web.archive.org:443.
HTTP request sent, awaiting response... 302 FOUND
Location: https://web.archive.org/web/20251228064049js_/https://blog.epheia.moe/wp-includes/js/comment-reply.min.js?ver=6.9 [following]
--2026-09-17 00:25:02--  https://web.archive.org/web/20251228064049js_/https://blog.epheia.moe/wp-includes/js/comment-reply.min.js?ver=6.9
Reusing existing connection to web.archive.org:443.
HTTP request sent, awaiting response... 200 OK
Length: unspecified [application/javascript]
Saving to: ‘blog.epheia.moe/web.archive.org/web/20251230010614js_/https:/blog.epheia.moe/wp-includes/js/comment-reply.min.js?ver=6.9’

     0K ....                                                    349M=0s

2026-09-17 00:25:03 (349 MB/s) - ‘blog.epheia.moe/web.archive.org/web/20251230010614js_/https:/blog.epheia.moe/wp-includes/js/comment-reply.min.js?ver=6.9’ saved [4386]

--2026-09-17 00:25:04--  https://web.archive.org/web/20251230010614js_/https://s.nmxc.ltd/sakurairo/@3.0.4/js/smoothscroll.js?ver=3.0.4
Reusing existing connection to web.archive.org:443.
HTTP request sent, awaiting response... 302 FOUND
Location: https://web.archive.org/web/20251230014331js_/https://s.nmxc.ltd/sakurairo/@3.0.4/js/smoothscroll.js?ver=3.0.4 [following]
--2026-09-17 00:25:05--  https://web.archive.org/web/20251230014331js_/https://s.nmxc.ltd/sakurairo/@3.0.4/js/smoothscroll.js?ver=3.0.4
Reusing existing connection to web.archive.org:443.
HTTP request sent, awaiting response... 200 OK
Length: unspecified [application/javascript]
Saving to: ‘blog.epheia.moe/web.archive.org/web/20251230010614js_/https:/s.nmxc.ltd/sakurairo/@3.0.4/js/smoothscroll.js?ver=3.0.4’

     0K .......... ...                                         51.9M=0s

2026-09-17 00:25:06 (51.9 MB/s) - ‘blog.epheia.moe/web.archive.org/web/20251230010614js_/https:/s.nmxc.ltd/sakurairo/@3.0.4/js/smoothscroll.js?ver=3.0.4’ saved [13703]

--2026-09-17 00:25:07--  https://web.archive.org/web/20251230010614/https://blog.epheia.moe/a/date/2025/10/
Reusing existing connection to web.archive.org:443.
HTTP request sent, awaiting response... 302 FOUND
Location: https://web.archive.org/web/20260103055039/https://blog.epheia.moe/a/date/2025/10/ [following]
--2026-09-17 00:25:08--  https://web.archive.org/web/20260103055039/https://blog.epheia.moe/a/date/2025/10/
Reusing existing connection to web.archive.org:443.
HTTP request sent, awaiting response... 200 OK
Length: unspecified [text/html]
Saving to: ‘blog.epheia.moe/web.archive.org/web/20251230010614/https:/blog.epheia.moe/a/date/2025/10/index.html’

     0K .......... .......... .......... .......... .......... 21.2M
    50K .......... .......... .......... .......... .......... 10.7M
   100K .......... .......... .......... .......... .......... 6.40M
   150K .......... .......... .......... .......... .......... 16.9M
   200K .......... .......... .......... ........              6.77M=0.02s

Last-modified header missing -- time-stamps turned off.
2026-09-17 00:25:08 (10.2 MB/s) - ‘blog.epheia.moe/web.archive.org/web/20251230010614/https:/blog.epheia.moe/a/date/2025/10/index.html’ saved [244070]

--2026-09-17 00:25:10--  https://web.archive.org/web/20251228091021im_/https://s4.zstatic.net/ajax/libs/font-awesome/6.7.2/webfonts/fa-brands-400.woff2
Reusing existing connection to web.archive.org:443.
HTTP request sent, awaiting response... 302 FOUND
Location: https://web.archive.org/web/20251228091023im_/https://s4.zstatic.net/ajax/libs/font-awesome/6.7.2/webfonts/fa-brands-400.woff2 [following]
--2026-09-17 00:25:11--  https://web.archive.org/web/20251228091023im_/https://s4.zstatic.net/ajax/libs/font-awesome/6.7.2/webfonts/fa-brands-400.woff2
Reusing existing connection to web.archive.org:443.
HTTP request sent, awaiting response... 200 OK
Length: unspecified [application/octet-stream]
Saving to: ‘blog.epheia.moe/web.archive.org/web/20251228091021im_/https:/s4.zstatic.net/ajax/libs/font-awesome/6.7.2/webfonts/fa-brands-400.woff2’

     0K .......... .......... .......... .......... .......... 3.94M
    50K .......... .......... .......... .......... .......... 3.66M
   100K .......... .....                                       73.3M=0.03s

2026-09-17 00:25:12 (4.36 MB/s) - ‘blog.epheia.moe/web.archive.org/web/20251228091021im_/https:/s4.zstatic.net/ajax/libs/font-awesome/6.7.2/webfonts/fa-brands-400.woff2’ saved [118684]

--2026-09-17 00:25:12--  https://web.archive.org/web/20251228091021im_/https://s4.zstatic.net/ajax/libs/font-awesome/6.7.2/webfonts/fa-brands-400.ttf
Reusing existing connection to web.archive.org:443.
HTTP request sent, awaiting response... 302 FOUND
Location: https://web.archive.org/web/20260123101515im_/https://s4.zstatic.net/ajax/libs/font-awesome/6.7.2/webfonts/fa-brands-400.ttf [following]
--2026-09-17 00:25:14--  https://web.archive.org/web/20260123101515im_/https://s4.zstatic.net/ajax/libs/font-awesome/6.7.2/webfonts/fa-brands-400.ttf
Reusing existing connection to web.archive.org:443.
HTTP request sent, awaiting response... 200 OK
Length: unspecified [application/octet-stream]
Saving to: ‘blog.epheia.moe/web.archive.org/web/20251228091021im_/https:/s4.zstatic.net/ajax/libs/font-awesome/6.7.2/webfonts/fa-brands-400.ttf’

     0K .......... .......... .......... .......... .......... 44.6M
    50K .......... .......... .......... .......... .......... 43.4M
   100K .......... .......... .......... .......... .......... 23.4M
   150K .......... .......... .......... .......... .......... 18.2M
   200K .....                                                  25.2M=0.007s

2026-09-17 00:25:14 (27.9 MB/s) - ‘blog.epheia.moe/web.archive.org/web/20251228091021im_/https:/s4.zstatic.net/ajax/libs/font-awesome/6.7.2/webfonts/fa-brands-400.ttf’ saved [210792]

--2026-09-17 00:25:15--  https://web.archive.org/web/20251228091021im_/https://s4.zstatic.net/ajax/libs/font-awesome/6.7.2/webfonts/fa-regular-400.woff2
Reusing existing connection to web.archive.org:443.
HTTP request sent, awaiting response... 302 FOUND
Location: https://web.archive.org/web/20251228091023im_/https://s4.zstatic.net/ajax/libs/font-awesome/6.7.2/webfonts/fa-regular-400.woff2 [following]
--2026-09-17 00:25:17--  https://web.archive.org/web/20251228091023im_/https://s4.zstatic.net/ajax/libs/font-awesome/6.7.2/webfonts/fa-regular-400.woff2
Reusing existing connection to web.archive.org:443.
HTTP request sent, awaiting response... 200 OK
Length: unspecified [application/octet-stream]
Saving to: ‘blog.epheia.moe/web.archive.org/web/20251228091021im_/https:/s4.zstatic.net/ajax/libs/font-awesome/6.7.2/webfonts/fa-regular-400.woff2’

     0K .......... .......... ....                             56.5M=0s

2026-09-17 00:25:17 (56.5 MB/s) - ‘blog.epheia.moe/web.archive.org/web/20251228091021im_/https:/s4.zstatic.net/ajax/libs/font-awesome/6.7.2/webfonts/fa-regular-400.woff2’ saved [25472]

--2026-09-17 00:25:18--  https://web.archive.org/web/20251228091021im_/https://s4.zstatic.net/ajax/libs/font-awesome/6.7.2/webfonts/fa-regular-400.ttf
Reusing existing connection to web.archive.org:443.
HTTP request sent, awaiting response... 302 FOUND
Location: https://web.archive.org/web/20260119144720im_/https://s4.zstatic.net/ajax/libs/font-awesome/6.7.2/webfonts/fa-regular-400.ttf [following]
--2026-09-17 00:25:20--  https://web.archive.org/web/20260119144720im_/https://s4.zstatic.net/ajax/libs/font-awesome/6.7.2/webfonts/fa-regular-400.ttf
Reusing existing connection to web.archive.org:443.
HTTP request sent, awaiting response... 200 OK
Length: unspecified [application/octet-stream]
Saving to: ‘blog.epheia.moe/web.archive.org/web/20251228091021im_/https:/s4.zstatic.net/ajax/libs/font-awesome/6.7.2/webfonts/fa-regular-400.ttf’

     0K .......... .......... .......... .......... .......... 17.5M
    50K .......... ......                                      68.4M=0.003s

2026-09-17 00:25:20 (21.4 MB/s) - ‘blog.epheia.moe/web.archive.org/web/20251228091021im_/https:/s4.zstatic.net/ajax/libs/font-awesome/6.7.2/webfonts/fa-regular-400.ttf’ saved [68064]

--2026-09-17 00:25:21--  https://web.archive.org/web/20251228091021im_/https://s4.zstatic.net/ajax/libs/font-awesome/6.7.2/webfonts/fa-solid-900.woff2
Reusing existing connection to web.archive.org:443.
HTTP request sent, awaiting response... 302 FOUND
Location: https://web.archive.org/web/20251228091023im_/https://s4.zstatic.net/ajax/libs/font-awesome/6.7.2/webfonts/fa-solid-900.woff2 [following]
--2026-09-17 00:25:22--  https://web.archive.org/web/20251228091023im_/https://s4.zstatic.net/ajax/libs/font-awesome/6.7.2/webfonts/fa-solid-900.woff2
Reusing existing connection to web.archive.org:443.
HTTP request sent, awaiting response... 200 OK
Length: unspecified [application/octet-stream]
Saving to: ‘blog.epheia.moe/web.archive.org/web/20251228091021im_/https:/s4.zstatic.net/ajax/libs/font-awesome/6.7.2/webfonts/fa-solid-900.woff2’

     0K .......... .......... .......... .......... .......... 11.8M
    50K .......... .......... .......... .......... .......... 8.02M
   100K .......... .......... .......... .......... .......... 25.6M
   150K ....                                                   24.2M=0.01s

2026-09-17 00:25:23 (12.3 MB/s) - ‘blog.epheia.moe/web.archive.org/web/20251228091021im_/https:/s4.zstatic.net/ajax/libs/font-awesome/6.7.2/webfonts/fa-solid-900.woff2’ saved [158220]

--2026-09-17 00:25:24--  https://web.archive.org/web/20251228091021im_/https://s4.zstatic.net/ajax/libs/font-awesome/6.7.2/webfonts/fa-solid-900.ttf
Reusing existing connection to web.archive.org:443.
HTTP request sent, awaiting response... 302 FOUND
Location: https://web.archive.org/web/20251213160536im_/https://s4.zstatic.net/ajax/libs/font-awesome/6.7.2/webfonts/fa-solid-900.ttf [following]
--2026-09-17 00:25:25--  https://web.archive.org/web/20251213160536im_/https://s4.zstatic.net/ajax/libs/font-awesome/6.7.2/webfonts/fa-solid-900.ttf
Reusing existing connection to web.archive.org:443.
HTTP request sent, awaiting response... 200 OK
Length: unspecified [application/octet-stream]
Saving to: ‘blog.epheia.moe/web.archive.org/web/20251228091021im_/https:/s4.zstatic.net/ajax/libs/font-awesome/6.7.2/webfonts/fa-solid-900.ttf’

     0K .......... .......... .......... .......... .......... 10.4M
    50K .......... .......... .......... .......... .......... 10.1M
   100K .......... .......... .......... .......... .......... 24.2M
   150K .......... .......... .......... .......... .......... 10.1M
   200K .......... .......... .......... .......... .......... 32.2M
   250K .......... .......... .......... .......... .......... 11.4M
   300K .......... .......... .......... .......... .......... 11.3M
   350K .......... .......... .......... .......... .......... 8.97M
   400K .......... ......                                      71.9M=0.03s

Last-modified header missing -- time-stamps turned off.
2026-09-17 00:25:25 (12.6 MB/s) - ‘blog.epheia.moe/web.archive.org/web/20251228091021im_/https:/s4.zstatic.net/ajax/libs/font-awesome/6.7.2/webfonts/fa-solid-900.ttf’ saved [426112]

--2026-09-17 00:25:26--  https://web.archive.org/web/20251228091021im_/https://s4.zstatic.net/ajax/libs/font-awesome/6.7.2/webfonts/fa-v4compatibility.woff2
Reusing existing connection to web.archive.org:443.
HTTP request sent, awaiting response... 302 FOUND
Location: https://web.archive.org/web/20260128024719im_/https://s4.zstatic.net/ajax/libs/font-awesome/6.7.2/webfonts/fa-v4compatibility.woff2 [following]
--2026-09-17 00:25:27--  https://web.archive.org/web/20260128024719im_/https://s4.zstatic.net/ajax/libs/font-awesome/6.7.2/webfonts/fa-v4compatibility.woff2
Reusing existing connection to web.archive.org:443.
HTTP request sent, awaiting response... 200 OK
Length: unspecified [application/octet-stream]
Saving to: ‘blog.epheia.moe/web.archive.org/web/20251228091021im_/https:/s4.zstatic.net/ajax/libs/font-awesome/6.7.2/webfonts/fa-v4compatibility.woff2’

     0K ....                                                    762M=0s

Last-modified header missing -- time-stamps turned off.
2026-09-17 00:25:28 (762 MB/s) - ‘blog.epheia.moe/web.archive.org/web/20251228091021im_/https:/s4.zstatic.net/ajax/libs/font-awesome/6.7.2/webfonts/fa-v4compatibility.woff2’ saved [4796]

--2026-09-17 00:25:28--  https://web.archive.org/web/20251228091021im_/https://s4.zstatic.net/ajax/libs/font-awesome/6.7.2/webfonts/fa-v4compatibility.ttf
Reusing existing connection to web.archive.org:443.
HTTP request sent, awaiting response... 302 FOUND
Location: https://web.archive.org/web/20260128024719im_/https://s4.zstatic.net/ajax/libs/font-awesome/6.7.2/webfonts/fa-v4compatibility.ttf [following]
--2026-09-17 00:25:30--  https://web.archive.org/web/20260128024719im_/https://s4.zstatic.net/ajax/libs/font-awesome/6.7.2/webfonts/fa-v4compatibility.ttf
Reusing existing connection to web.archive.org:443.
HTTP request sent, awaiting response... 200 OK
Length: unspecified [application/octet-stream]
Saving to: ‘blog.epheia.moe/web.archive.org/web/20251228091021im_/https:/s4.zstatic.net/ajax/libs/font-awesome/6.7.2/webfonts/fa-v4compatibility.ttf’

     0K ..........                                             2.02G=0s

Last-modified header missing -- time-stamps turned off.
2026-09-17 00:25:30 (2.02 GB/s) - ‘blog.epheia.moe/web.archive.org/web/20251228091021im_/https:/s4.zstatic.net/ajax/libs/font-awesome/6.7.2/webfonts/fa-v4compatibility.ttf’ saved [10836]

--2026-09-17 00:25:31--  https://web.archive.org/web/20251227031920/https://s4.zstatic.net/
Reusing existing connection to web.archive.org:443.
HTTP request sent, awaiting response... 302 FOUND
Location: https://web.archive.org/web/20260104163124/https://s4.zstatic.net/ [following]
--2026-09-17 00:25:33--  https://web.archive.org/web/20260104163124/https://s4.zstatic.net/
Reusing existing connection to web.archive.org:443.
HTTP request sent, awaiting response... 200 OK
Length: unspecified [application/json]
Saving to: ‘blog.epheia.moe/web.archive.org/web/20251227031920/https:/s4.zstatic.net/index.html’

     0K                                                        4.29M=0s

2026-09-17 00:25:33 (4.29 MB/s) - ‘blog.epheia.moe/web.archive.org/web/20251227031920/https:/s4.zstatic.net/index.html’ saved [36]

--2026-09-17 00:25:34--  https://web.archive.org/web/20251227031920/https://s4.zstatic.net/ajax/libs/font-awesome/6.7.2/css/all.min.css
Reusing existing connection to web.archive.org:443.
HTTP request sent, awaiting response... 302 FOUND
Location: https://web.archive.org/web/20251227012834/https://s4.zstatic.net/ajax/libs/font-awesome/6.7.2/css/all.min.css [following]
--2026-09-17 00:25:35--  https://web.archive.org/web/20251227012834/https://s4.zstatic.net/ajax/libs/font-awesome/6.7.2/css/all.min.css
Reusing existing connection to web.archive.org:443.
HTTP request sent, awaiting response... 200 OK
Length: unspecified [text/css]
Saving to: ‘blog.epheia.moe/web.archive.org/web/20251227031920/https:/s4.zstatic.net/ajax/libs/font-awesome/6.7.2/css/all.min.css’

     0K .......... .......... .......... .......... .......... 18.7M
    50K .......... .......... ...                              17.0M=0.004s

2026-09-17 00:25:35 (18.1 MB/s) - ‘blog.epheia.moe/web.archive.org/web/20251227031920/https:/s4.zstatic.net/ajax/libs/font-awesome/6.7.2/css/all.min.css’ saved [75768]

--2026-09-17 00:25:36--  https://web.archive.org/web/20251227031920cs_/https://s4.zstatic.net/ajax/libs/font-awesome/6.7.2/css/all.min.css
Reusing existing connection to web.archive.org:443.
HTTP request sent, awaiting response... 302 FOUND
Location: https://web.archive.org/web/20251227012834cs_/https://s4.zstatic.net/ajax/libs/font-awesome/6.7.2/css/all.min.css [following]
--2026-09-17 00:25:38--  https://web.archive.org/web/20251227012834cs_/https://s4.zstatic.net/ajax/libs/font-awesome/6.7.2/css/all.min.css
Reusing existing connection to web.archive.org:443.
HTTP request sent, awaiting response... 200 OK
Length: unspecified [text/css]
Saving to: ‘blog.epheia.moe/web.archive.org/web/20251227031920cs_/https:/s4.zstatic.net/ajax/libs/font-awesome/6.7.2/css/all.min.css’

     0K .......... .......... .......... .......... .......... 15.5M
    50K .......... .......... ...                              90.5M=0.003s

2026-09-17 00:25:38 (21.2 MB/s) - ‘blog.epheia.moe/web.archive.org/web/20251227031920cs_/https:/s4.zstatic.net/ajax/libs/font-awesome/6.7.2/css/all.min.css’ saved [75765]

--2026-09-17 00:25:39--  https://web.archive.org/web/20251227031920im_/https://s.nmxc.ltd/sakurairo_vision/@3.0/basic/favicon.ico
Reusing existing connection to web.archive.org:443.
HTTP request sent, awaiting response... 302 FOUND
Location: https://web.archive.org/web/20251227031925im_/https://s.nmxc.ltd/sakurairo_vision/@3.0/basic/favicon.ico [following]
--2026-09-17 00:25:40--  https://web.archive.org/web/20251227031925im_/https://s.nmxc.ltd/sakurairo_vision/@3.0/basic/favicon.ico
Reusing existing connection to web.archive.org:443.
HTTP request sent, awaiting response... 200 OK
Length: 160814 (157K) [image/x-icon]
Saving to: ‘blog.epheia.moe/web.archive.org/web/20251227031920im_/https:/s.nmxc.ltd/sakurairo_vision/@3.0/basic/favicon.ico’

     0K .......... .......... .......... .......... .......... 31% 50.2M 0s
    50K .......... .......... .......... .......... .......... 63% 32.3M 0s
   100K .......... .......... .......... .......... .......... 95% 34.2M 0s
   150K .......                                               100%  141K=0.004s

2026-09-17 00:25:40 (39.2 MB/s) - ‘blog.epheia.moe/web.archive.org/web/20251227031920im_/https:/s.nmxc.ltd/sakurairo_vision/@3.0/basic/favicon.ico’ saved [160814/160814]

--2026-09-17 00:25:41--  https://web.archive.org/web/20251227031920/https://s.nmxc.ltd/
Reusing existing connection to web.archive.org:443.
HTTP request sent, awaiting response... 302 FOUND
Location: https://web.archive.org/web/20251225101737/https://s.nmxc.ltd/ [following]
--2026-09-17 00:25:43--  https://web.archive.org/web/20251225101737/https://s.nmxc.ltd/
Reusing existing connection to web.archive.org:443.
HTTP request sent, awaiting response... 200 OK
Length: unspecified [text/html]
Saving to: ‘blog.epheia.moe/web.archive.org/web/20251227031920/https:/s.nmxc.ltd/index.html’

     0K ..                                                      352M=0s

2026-09-17 00:25:43 (352 MB/s) - ‘blog.epheia.moe/web.archive.org/web/20251227031920/https:/s.nmxc.ltd/index.html’ saved [2213]

--2026-09-17 00:25:44--  https://web.archive.org/web/20251227031920im_/https://s.nmxc.ltd/sakurairo_vision/@3.0/basic/puff-load.svg
Reusing existing connection to web.archive.org:443.
HTTP request sent, awaiting response... 302 FOUND
Location: https://web.archive.org/web/20251227012836im_/https://s.nmxc.ltd/sakurairo_vision/@3.0/basic/puff-load.svg [following]
--2026-09-17 00:25:45--  https://web.archive.org/web/20251227012836im_/https://s.nmxc.ltd/sakurairo_vision/@3.0/basic/puff-load.svg
Reusing existing connection to web.archive.org:443.
HTTP request sent, awaiting response... 200 OK
Length: unspecified [image/svg+xml]
Saving to: ‘blog.epheia.moe/web.archive.org/web/20251227031920im_/https:/s.nmxc.ltd/sakurairo_vision/@3.0/basic/puff-load.svg’

     0K .                                                       349M=0s

2026-09-17 00:25:45 (349 MB/s) - ‘blog.epheia.moe/web.archive.org/web/20251227031920im_/https:/s.nmxc.ltd/sakurairo_vision/@3.0/basic/puff-load.svg’ saved [1463]

--2026-09-17 00:25:47--  https://web.archive.org/web/20251227031920im_/https://blog.epheia.moe/
Reusing existing connection to web.archive.org:443.
HTTP request sent, awaiting response... 200 OK
Length: unspecified [text/html]
Saving to: ‘blog.epheia.moe/web.archive.org/web/20251227031920im_/https:/blog.epheia.moe/index.html’

     0K .......... .......... .......... .......... .......... 1.54M
    50K .......... .......... .......... .......... .......... 15.4M
   100K .......... .......... .......... .......... .......... 46.9M
   150K .......... .......... .......... .......... .......... 20.0M
   200K .......... .......... .......... .......... .......... 16.7M
   250K ......                                                 19.0M=0.04s

Last-modified header missing -- time-stamps turned off.
2026-09-17 00:25:47 (6.02 MB/s) - ‘blog.epheia.moe/web.archive.org/web/20251227031920im_/https:/blog.epheia.moe/index.html’ saved [262762]

--2026-09-17 00:25:49--  https://web.archive.org/web/20251227031920im_/https://s.nmxc.ltd/sakurairo_vision/@3.0/basic/add.svg
Reusing existing connection to web.archive.org:443.
HTTP request sent, awaiting response... 302 FOUND
Location: https://web.archive.org/web/20260105220038im_/https://s.nmxc.ltd/sakurairo_vision/@3.0/basic/add.svg [following]
--2026-09-17 00:25:50--  https://web.archive.org/web/20260105220038im_/https://s.nmxc.ltd/sakurairo_vision/@3.0/basic/add.svg
Reusing existing connection to web.archive.org:443.
HTTP request sent, awaiting response... 504 Gateway Time-out
Retrying.

--2026-09-17 00:25:52--  (try: 2)  https://web.archive.org/web/20260105220038im_/https://s.nmxc.ltd/sakurairo_vision/@3.0/basic/add.svg
Reusing existing connection to web.archive.org:443.
HTTP request sent, awaiting response... 504 Gateway Time-out
Retrying.

--2026-09-17 00:25:54--  (try: 3)  https://web.archive.org/web/20260105220038im_/https://s.nmxc.ltd/sakurairo_vision/@3.0/basic/add.svg
Reusing existing connection to web.archive.org:443.
HTTP request sent, awaiting response... 504 Gateway Time-out
Retrying.

--2026-09-17 00:25:58--  (try: 4)  https://web.archive.org/web/20260105220038im_/https://s.nmxc.ltd/sakurairo_vision/@3.0/basic/add.svg
Reusing existing connection to web.archive.org:443.
HTTP request sent, awaiting response... 504 Gateway Time-out
Retrying.

--2026-09-17 00:26:02--  (try: 5)  https://web.archive.org/web/20260105220038im_/https://s.nmxc.ltd/sakurairo_vision/@3.0/basic/add.svg
Reusing existing connection to web.archive.org:443.
HTTP request sent, awaiting response... 504 Gateway Time-out
Giving up.

--2026-09-17 00:26:03--  https://web.archive.org/web/20251227031920im_/https://s.nmxc.ltd/sakurairo_vision/@3.0/basic/grid.png
Reusing existing connection to web.archive.org:443.
HTTP request sent, awaiting response... 302 FOUND
Location: https://web.archive.org/web/20251229104233im_/https://s.nmxc.ltd/sakurairo_vision/@3.0/basic/grid.png [following]
--2026-09-17 00:26:05--  https://web.archive.org/web/20251229104233im_/https://s.nmxc.ltd/sakurairo_vision/@3.0/basic/grid.png
Reusing existing connection to web.archive.org:443.
HTTP request sent, awaiting response... 200 OK
Length: 125 [image/png]
Saving to: ‘blog.epheia.moe/web.archive.org/web/20251227031920im_/https:/s.nmxc.ltd/sakurairo_vision/@3.0/basic/grid.png’

     0K                                                       100%  119M=0s

2026-09-17 00:26:05 (119 MB/s) - ‘blog.epheia.moe/web.archive.org/web/20251227031920im_/https:/s.nmxc.ltd/sakurairo_vision/@3.0/basic/grid.png’ saved [125/125]

--2026-09-17 00:26:06--  https://web.archive.org/web/20251227031920im_/https://s.nmxc.ltd/sakurairo_vision/@3.0/basic/dot.gif
Reusing existing connection to web.archive.org:443.
HTTP request sent, awaiting response... 302 FOUND
Location: https://web.archive.org/web/20260105220034im_/https://s.nmxc.ltd/sakurairo_vision/@3.0/basic/dot.gif [following]
--2026-09-17 00:26:07--  https://web.archive.org/web/20260105220034im_/https://s.nmxc.ltd/sakurairo_vision/@3.0/basic/dot.gif
Reusing existing connection to web.archive.org:443.
HTTP request sent, awaiting response... 504 Gateway Time-out
Retrying.

--2026-09-17 00:26:09--  (try: 2)  https://web.archive.org/web/20260105220034im_/https://s.nmxc.ltd/sakurairo_vision/@3.0/basic/dot.gif
Reusing existing connection to web.archive.org:443.
HTTP request sent, awaiting response... 504 Gateway Time-out
Retrying.

--2026-09-17 00:26:11--  (try: 3)  https://web.archive.org/web/20260105220034im_/https://s.nmxc.ltd/sakurairo_vision/@3.0/basic/dot.gif
Reusing existing connection to web.archive.org:443.
HTTP request sent, awaiting response... 504 Gateway Time-out
Retrying.

--2026-09-17 00:26:14--  (try: 4)  https://web.archive.org/web/20260105220034im_/https://s.nmxc.ltd/sakurairo_vision/@3.0/basic/dot.gif
Reusing existing connection to web.archive.org:443.
HTTP request sent, awaiting response... 504 Gateway Time-out
Retrying.

--2026-09-17 00:26:18--  (try: 5)  https://web.archive.org/web/20260105220034im_/https://s.nmxc.ltd/sakurairo_vision/@3.0/basic/dot.gif
Reusing existing connection to web.archive.org:443.
HTTP request sent, awaiting response... 504 Gateway Time-out
Giving up.

--2026-09-17 00:26:19--  https://web.archive.org/web/20251227031920im_/https://s.nmxc.ltd/sakurairo_vision/@3.0/basic/play.svg
Reusing existing connection to web.archive.org:443.
HTTP request sent, awaiting response... 302 FOUND
Location: https://web.archive.org/web/20260105220035im_/https://s.nmxc.ltd/sakurairo_vision/@3.0/basic/play.svg [following]
--2026-09-17 00:26:20--  https://web.archive.org/web/20260105220035im_/https://s.nmxc.ltd/sakurairo_vision/@3.0/basic/play.svg
Reusing existing connection to web.archive.org:443.
HTTP request sent, awaiting response... 504 Gateway Time-out
Retrying.

--2026-09-17 00:26:22--  (try: 2)  https://web.archive.org/web/20260105220035im_/https://s.nmxc.ltd/sakurairo_vision/@3.0/basic/play.svg
Reusing existing connection to web.archive.org:443.
HTTP request sent, awaiting response... 504 Gateway Time-out
Retrying.

--2026-09-17 00:26:24--  (try: 3)  https://web.archive.org/web/20260105220035im_/https://s.nmxc.ltd/sakurairo_vision/@3.0/basic/play.svg
Reusing existing connection to web.archive.org:443.
HTTP request sent, awaiting response... 504 Gateway Time-out
Retrying.

--2026-09-17 00:26:28--  (try: 4)  https://web.archive.org/web/20260105220035im_/https://s.nmxc.ltd/sakurairo_vision/@3.0/basic/play.svg
Reusing existing connection to web.archive.org:443.
HTTP request sent, awaiting response... 504 Gateway Time-out
Retrying.

--2026-09-17 00:26:33--  (try: 5)  https://web.archive.org/web/20260105220035im_/https://s.nmxc.ltd/sakurairo_vision/@3.0/basic/play.svg
Reusing existing connection to web.archive.org:443.
HTTP request sent, awaiting response... 504 Gateway Time-out
Giving up.

--2026-09-17 00:26:34--  https://web.archive.org/web/20251227031920im_/https://s.nmxc.ltd/sakurairo_vision/@3.0/basic/pause.svg
Reusing existing connection to web.archive.org:443.
HTTP request sent, awaiting response... 302 FOUND
Location: https://web.archive.org/web/20260105220036im_/https://s.nmxc.ltd/sakurairo_vision/@3.0/basic/pause.svg [following]
--2026-09-17 00:26:36--  https://web.archive.org/web/20260105220036im_/https://s.nmxc.ltd/sakurairo_vision/@3.0/basic/pause.svg
Reusing existing connection to web.archive.org:443.
HTTP request sent, awaiting response... 200 OK
Length: 462 [image/svg+xml]
Saving to: ‘blog.epheia.moe/web.archive.org/web/20251227031920im_/https:/s.nmxc.ltd/sakurairo_vision/@3.0/basic/pause.svg’

     0K                                                       100%  220M=0s

2026-09-17 00:26:36 (220 MB/s) - ‘blog.epheia.moe/web.archive.org/web/20251227031920im_/https:/s.nmxc.ltd/sakurairo_vision/@3.0/basic/pause.svg’ saved [462/462]

--2026-09-17 00:26:38--  https://web.archive.org/web/20251227031920im_/https://blog.epheia.moe/wp-content/uploads/2025/11/cropped-1762012142-android-chrome-512x512-1-32x32.png
Reusing existing connection to web.archive.org:443.
HTTP request sent, awaiting response... 302 FOUND
Location: https://web.archive.org/web/20251227031925im_/https://blog.epheia.moe/wp-content/uploads/2025/11/cropped-1762012142-android-chrome-512x512-1-32x32.png [following]
--2026-09-17 00:26:39--  https://web.archive.org/web/20251227031925im_/https://blog.epheia.moe/wp-content/uploads/2025/11/cropped-1762012142-android-chrome-512x512-1-32x32.png
Reusing existing connection to web.archive.org:443.
HTTP request sent, awaiting response... 200 OK
Length: unspecified [image/png]
Saving to: ‘blog.epheia.moe/web.archive.org/web/20251227031920im_/https:/blog.epheia.moe/wp-content/uploads/2025/11/cropped-1762012142-android-chrome-512x512-1-32x32.png’

     0K ..                                                      518M=0s

2026-09-17 00:26:40 (518 MB/s) - ‘blog.epheia.moe/web.archive.org/web/20251227031920im_/https:/blog.epheia.moe/wp-content/uploads/2025/11/cropped-1762012142-android-chrome-512x512-1-32x32.png’ saved [2172]

--2026-09-17 00:26:41--  https://web.archive.org/web/20251227031920im_/https://blog.epheia.moe/wp-content/uploads/2025/11/cropped-1762012142-android-chrome-512x512-1-192x192.png
Reusing existing connection to web.archive.org:443.
HTTP request sent, awaiting response... 302 FOUND
Location: https://web.archive.org/web/20251228064049im_/https://blog.epheia.moe/wp-content/uploads/2025/11/cropped-1762012142-android-chrome-512x512-1-192x192.png [following]
--2026-09-17 00:26:42--  https://web.archive.org/web/20251228064049im_/https://blog.epheia.moe/wp-content/uploads/2025/11/cropped-1762012142-android-chrome-512x512-1-192x192.png
Reusing existing connection to web.archive.org:443.
HTTP request sent, awaiting response... 200 OK
Length: unspecified [image/png]
Saving to: ‘blog.epheia.moe/web.archive.org/web/20251227031920im_/https:/blog.epheia.moe/wp-content/uploads/2025/11/cropped-1762012142-android-chrome-512x512-1-192x192.png’

     0K .......... .......... .......... .......... ...        11.0M=0.004s

2026-09-17 00:26:42 (11.0 MB/s) - ‘blog.epheia.moe/web.archive.org/web/20251227031920im_/https:/blog.epheia.moe/wp-content/uploads/2025/11/cropped-1762012142-android-chrome-512x512-1-192x192.png’ saved [44033]

--2026-09-17 00:26:43--  https://web.archive.org/web/20251227031920im_/https://blog.epheia.moe/wp-content/uploads/2025/11/cropped-1762012142-android-chrome-512x512-1-180x180.png
Reusing existing connection to web.archive.org:443.
HTTP request sent, awaiting response... 302 FOUND
Location: https://web.archive.org/web/20251228064049im_/https://blog.epheia.moe/wp-content/uploads/2025/11/cropped-1762012142-android-chrome-512x512-1-180x180.png [following]
--2026-09-17 00:26:44--  https://web.archive.org/web/20251228064049im_/https://blog.epheia.moe/wp-content/uploads/2025/11/cropped-1762012142-android-chrome-512x512-1-180x180.png
Reusing existing connection to web.archive.org:443.
HTTP request sent, awaiting response... 200 OK
Length: unspecified [image/png]
Saving to: ‘blog.epheia.moe/web.archive.org/web/20251227031920im_/https:/blog.epheia.moe/wp-content/uploads/2025/11/cropped-1762012142-android-chrome-512x512-1-180x180.png’

     0K .......... .......... .......... ........              67.7M=0.001s

2026-09-17 00:26:44 (67.7 MB/s) - ‘blog.epheia.moe/web.archive.org/web/20251227031920im_/https:/blog.epheia.moe/wp-content/uploads/2025/11/cropped-1762012142-android-chrome-512x512-1-180x180.png’ saved [39892]

--2026-09-17 00:26:46--  https://web.archive.org/web/20251227031920js_/https://blog.epheia.moe/wp-content/themes/Sakurairo/js/nav.js
Reusing existing connection to web.archive.org:443.
HTTP request sent, awaiting response... 302 FOUND
Location: https://web.archive.org/web/20251227031921js_/https://blog.epheia.moe/wp-content/themes/Sakurairo/js/nav.js [following]
--2026-09-17 00:26:47--  https://web.archive.org/web/20251227031921js_/https://blog.epheia.moe/wp-content/themes/Sakurairo/js/nav.js
Reusing existing connection to web.archive.org:443.
HTTP request sent, awaiting response... 200 OK
Length: unspecified [application/javascript]
Saving to: ‘blog.epheia.moe/web.archive.org/web/20251227031920js_/https:/blog.epheia.moe/wp-content/themes/Sakurairo/js/nav.js’

     0K .......... .......... .......... .......... .......... 33.7M
    50K ....                                                   85.2K=0.001s

2026-09-17 00:26:48 (36.5 MB/s) - ‘blog.epheia.moe/web.archive.org/web/20251227031920js_/https:/blog.epheia.moe/wp-content/themes/Sakurairo/js/nav.js’ saved [55560]

--2026-09-17 00:26:49--  https://web.archive.org/web/20251227031920im_/https://blog.epheia.moe/wp-content/uploads/2025/11/1762012142-android-chrome-512x512-1.png
Reusing existing connection to web.archive.org:443.
HTTP request sent, awaiting response... 200 OK
Length: unspecified [image/png]
Saving to: ‘blog.epheia.moe/web.archive.org/web/20251227031920im_/https:/blog.epheia.moe/wp-content/uploads/2025/11/1762012142-android-chrome-512x512-1.png’

     0K .......... .......... .......... .......... .......... 6.79M
    50K .......... .......... .......... .......... .......... 42.1M
   100K .......... .......... .......... .......... .......... 12.7M
   150K .......... .......... .......... .......... .......... 7.88M
   200K .......... .......... .......... .......... .......... 13.5M
   250K .......... .......... .......... .......... .......... 4.54M
   300K .......... .......... .......... .......... .......... 9.48M
   350K ....                                                   91.2K=0.04s

2026-09-17 00:26:49 (9.13 MB/s) - ‘blog.epheia.moe/web.archive.org/web/20251227031920im_/https:/blog.epheia.moe/wp-content/uploads/2025/11/1762012142-android-chrome-512x512-1.png’ saved [363070]

--2026-09-17 00:26:50--  https://web.archive.org/web/20251227031920im_/https://blog.epheia.moe/wp-content/uploads/2025/10/1761925036-Image_1761925021241.jpg
Reusing existing connection to web.archive.org:443.
HTTP request sent, awaiting response... 200 OK
Length: unspecified [image/jpeg]
Saving to: ‘blog.epheia.moe/web.archive.org/web/20251227031920im_/https:/blog.epheia.moe/wp-content/uploads/2025/10/1761925036-Image_1761925021241.jpg’

     0K .......... .......... .......... .......... ..........  104M
    50K .                                                      22.5K=0s

2026-09-17 00:26:50 (107 MB/s) - ‘blog.epheia.moe/web.archive.org/web/20251227031920im_/https:/blog.epheia.moe/wp-content/uploads/2025/10/1761925036-Image_1761925021241.jpg’ saved [52353]

--2026-09-17 00:26:51--  https://web.archive.org/web/20251227031920im_/https://s.nmxc.ltd/sakurairo_vision/@3.0/display_icon/fluent_design/tw.webp
Reusing existing connection to web.archive.org:443.
HTTP request sent, awaiting response... 302 FOUND
Location: https://web.archive.org/web/20251227031923im_/https://s.nmxc.ltd/sakurairo_vision/@3.0/display_icon/fluent_design/tw.webp [following]
--2026-09-17 00:26:52--  https://web.archive.org/web/20251227031923im_/https://s.nmxc.ltd/sakurairo_vision/@3.0/display_icon/fluent_design/tw.webp
Reusing existing connection to web.archive.org:443.
HTTP request sent, awaiting response... 200 OK
Length: 6706 (6.5K) [image/webp]
Saving to: ‘blog.epheia.moe/web.archive.org/web/20251227031920im_/https:/s.nmxc.ltd/sakurairo_vision/@3.0/display_icon/fluent_design/tw.webp’

     0K ......                                                100%  914M=0s

2026-09-17 00:26:53 (914 MB/s) - ‘blog.epheia.moe/web.archive.org/web/20251227031920im_/https:/s.nmxc.ltd/sakurairo_vision/@3.0/display_icon/fluent_design/tw.webp’ saved [6706/6706]

--2026-09-17 00:26:54--  https://web.archive.org/web/20251227031920im_/https://s.nmxc.ltd/sakurairo_vision/@3.0/display_icon/fluent_design/mail.webp
Reusing existing connection to web.archive.org:443.
HTTP request sent, awaiting response... 302 FOUND
Location: https://web.archive.org/web/20251227031923im_/https://s.nmxc.ltd/sakurairo_vision/@3.0/display_icon/fluent_design/mail.webp [following]
--2026-09-17 00:26:56--  https://web.archive.org/web/20251227031923im_/https://s.nmxc.ltd/sakurairo_vision/@3.0/display_icon/fluent_design/mail.webp
Reusing existing connection to web.archive.org:443.
HTTP request sent, awaiting response... 200 OK
Length: 6446 (6.3K) [image/webp]
Saving to: ‘blog.epheia.moe/web.archive.org/web/20251227031920im_/https:/s.nmxc.ltd/sakurairo_vision/@3.0/display_icon/fluent_design/mail.webp’

     0K ......                                                100% 1.50G=0s

2026-09-17 00:26:56 (1.50 GB/s) - ‘blog.epheia.moe/web.archive.org/web/20251227031920im_/https:/s.nmxc.ltd/sakurairo_vision/@3.0/display_icon/fluent_design/mail.webp’ saved [6446/6446]

--2026-09-17 00:26:58--  https://web.archive.org/web/20251227031920/https://blog.epheia.moe/a/author/epheia/
Reusing existing connection to web.archive.org:443.
HTTP request sent, awaiting response... 302 FOUND
Location: https://web.archive.org/web/20260210034219/https://blog.epheia.moe/a/author/epheia/ [following]
--2026-09-17 00:26:59--  https://web.archive.org/web/20260210034219/https://blog.epheia.moe/a/author/epheia/
Reusing existing connection to web.archive.org:443.
HTTP request sent, awaiting response... 200 OK
Length: unspecified [text/html]
Saving to: ‘blog.epheia.moe/web.archive.org/web/20251227031920/https:/blog.epheia.moe/a/author/epheia/index.html’

     0K .......... .......... .......... .......... .......... 11.6M
    50K .......... .......... .......... .......... .......... 12.1M
   100K .......... .......... .......... .......... .......... 9.99M
   150K .......... .......... .......... .......... .......... 21.9M
   200K .......... .......... .......... .......... .......... 8.62M
   250K .......                                                15.9M=0.02s

Last-modified header missing -- time-stamps turned off.
2026-09-17 00:27:00 (11.7 MB/s) - ‘blog.epheia.moe/web.archive.org/web/20251227031920/https:/blog.epheia.moe/a/author/epheia/index.html’ saved [263828]

--2026-09-17 00:27:01--  https://web.archive.org/web/20251227031920/https://blog.epheia.moe/a/shuoshuo/210/
Reusing existing connection to web.archive.org:443.
HTTP request sent, awaiting response... 302 FOUND
Location: https://web.archive.org/web/20251230010614/https://blog.epheia.moe/a/shuoshuo/210 [following]
--2026-09-17 00:27:02--  https://web.archive.org/web/20251230010614/https://blog.epheia.moe/a/shuoshuo/210
Reusing existing connection to web.archive.org:443.
HTTP request sent, awaiting response... 200 OK
Length: unspecified [text/html]
Saving to: ‘blog.epheia.moe/web.archive.org/web/20251227031920/https:/blog.epheia.moe/a/shuoshuo/210/index.html’

     0K .......... .......... .......... .......... .......... 8.58M
    50K .......... .......... .......... .......... ..........  571K
   100K .......... .......... .......... .......... .......... 1.21M
   150K .......... .......... .......... .......... .......... 20.9M
   200K .......... .......... .......... .......... .......    18.6M=0.1s

Last-modified header missing -- time-stamps turned off.
2026-09-17 00:27:02 (1.74 MB/s) - ‘blog.epheia.moe/web.archive.org/web/20251227031920/https:/blog.epheia.moe/a/shuoshuo/210/index.html’ saved [253451]

--2026-09-17 00:27:03--  https://web.archive.org/web/20251227031920im_/https://blog.epheia.moe/wp-content/uploads/2025/12/1765116127-Screenshot_20251207_144919-1024x960.jpg
Reusing existing connection to web.archive.org:443.
HTTP request sent, awaiting response... 200 OK
Length: unspecified [image/jpeg]
Saving to: ‘blog.epheia.moe/web.archive.org/web/20251227031920im_/https:/blog.epheia.moe/wp-content/uploads/2025/12/1765116127-Screenshot_20251207_144919-1024x960.jpg’

     0K .......... .......... .......... .......... .......... 10.2M
    50K .......... .......... .......... .......... .......... 11.7M
   100K .......... .......... .......... ...                   19.1M=0.01s

2026-09-17 00:27:04 (12.2 MB/s) - ‘blog.epheia.moe/web.archive.org/web/20251227031920im_/https:/blog.epheia.moe/wp-content/uploads/2025/12/1765116127-Screenshot_20251207_144919-1024x960.jpg’ saved [137102]

--2026-09-17 00:27:05--  https://web.archive.org/web/20251227031920im_/https://blog.epheia.moe/wp-content/uploads/2025/12/1765116127-Screenshot_20251207_144919-300x281.jpg
Reusing existing connection to web.archive.org:443.
HTTP request sent, awaiting response... 302 FOUND
Location: https://web.archive.org/web/20251230010620im_/https://blog.epheia.moe/wp-content/uploads/2025/12/1765116127-Screenshot_20251207_144919-300x281.jpg [following]
--2026-09-17 00:27:06--  https://web.archive.org/web/20251230010620im_/https://blog.epheia.moe/wp-content/uploads/2025/12/1765116127-Screenshot_20251207_144919-300x281.jpg
Reusing existing connection to web.archive.org:443.
HTTP request sent, awaiting response... 200 OK
Length: unspecified [image/jpeg]
Saving to: ‘blog.epheia.moe/web.archive.org/web/20251227031920im_/https:/blog.epheia.moe/wp-content/uploads/2025/12/1765116127-Screenshot_20251207_144919-300x281.jpg’

     0K .......... .......... ..                               39.9M=0.001s

2026-09-17 00:27:07 (39.9 MB/s) - ‘blog.epheia.moe/web.archive.org/web/20251227031920im_/https:/blog.epheia.moe/wp-content/uploads/2025/12/1765116127-Screenshot_20251207_144919-300x281.jpg’ saved [23369]

--2026-09-17 00:27:08--  https://web.archive.org/web/20251227031920im_/https://blog.epheia.moe/wp-content/uploads/2025/12/1765116127-Screenshot_20251207_144919-768x720.jpg
Reusing existing connection to web.archive.org:443.
HTTP request sent, awaiting response... 302 FOUND
Location: https://web.archive.org/web/20251230010620im_/https://blog.epheia.moe/wp-content/uploads/2025/12/1765116127-Screenshot_20251207_144919-768x720.jpg [following]
--2026-09-17 00:27:10--  https://web.archive.org/web/20251230010620im_/https://blog.epheia.moe/wp-content/uploads/2025/12/1765116127-Screenshot_20251207_144919-768x720.jpg
Reusing existing connection to web.archive.org:443.
HTTP request sent, awaiting response... 200 OK
Length: unspecified [image/jpeg]
Saving to: ‘blog.epheia.moe/web.archive.org/web/20251227031920im_/https:/blog.epheia.moe/wp-content/uploads/2025/12/1765116127-Screenshot_20251207_144919-768x720.jpg’

     0K .......... .......... .......... .......... .......... 37.2M
    50K .......... .......... .......... ......                83.8M=0.002s

2026-09-17 00:27:10 (48.5 MB/s) - ‘blog.epheia.moe/web.archive.org/web/20251227031920im_/https:/blog.epheia.moe/wp-content/uploads/2025/12/1765116127-Screenshot_20251207_144919-768x720.jpg’ saved [88282]

--2026-09-17 00:27:11--  https://web.archive.org/web/20251227031920im_/https://blog.epheia.moe/wp-content/uploads/2025/12/1765116127-Screenshot_20251207_144919.jpg
Reusing existing connection to web.archive.org:443.
HTTP request sent, awaiting response... 302 FOUND
Location: https://web.archive.org/web/20251230010620im_/https://blog.epheia.moe/wp-content/uploads/2025/12/1765116127-Screenshot_20251207_144919.jpg [following]
--2026-09-17 00:27:12--  https://web.archive.org/web/20251230010620im_/https://blog.epheia.moe/wp-content/uploads/2025/12/1765116127-Screenshot_20251207_144919.jpg
Reusing existing connection to web.archive.org:443.
HTTP request sent, awaiting response... 200 OK
Length: unspecified [image/jpeg]
Saving to: ‘blog.epheia.moe/web.archive.org/web/20251227031920im_/https:/blog.epheia.moe/wp-content/uploads/2025/12/1765116127-Screenshot_20251207_144919.jpg’

     0K .......... .......... .......... .......... .......... 11.8M
    50K .......... .......... .......... .......... .......... 11.4M
   100K .......... .......... .......... .......... .......... 17.6M
   150K .......... .......... .......... .......... .......... 11.3M
   200K .......... .......... .......... .......... .......... 15.0M
   250K .......... .......... .......... .......... .......... 17.3M
   300K .......... .......... .......... .......... .......... 12.8M
   350K .......... .......... .......... .......... .......... 14.4M
   400K .......... .......... .......... .......... .......... 9.71M
   450K .......... .......... .......... .......... .......... 30.6M
   500K .......... .......... .......... .......... .......... 25.0M
   550K .......... .......... .......... ...                   17.4M=0.04s

2026-09-17 00:27:12 (14.5 MB/s) - ‘blog.epheia.moe/web.archive.org/web/20251227031920im_/https:/blog.epheia.moe/wp-content/uploads/2025/12/1765116127-Screenshot_20251207_144919.jpg’ saved [597209]

--2026-09-17 00:27:13--  https://web.archive.org/web/20251227031920im_/https://blog.epheia.moe/wp-content/uploads/2025/12/1765116133-Screenshot_20251207_144931-1024x399.jpg
Reusing existing connection to web.archive.org:443.
HTTP request sent, awaiting response... 200 OK
Length: unspecified [image/jpeg]
Saving to: ‘blog.epheia.moe/web.archive.org/web/20251227031920im_/https:/blog.epheia.moe/wp-content/uploads/2025/12/1765116133-Screenshot_20251207_144931-1024x399.jpg’

     0K .......... .......... .......... .......... .......... 60.1M
    50K ..                                                     45.3K=0.001s

2026-09-17 00:27:13 (62.8 MB/s) - ‘blog.epheia.moe/web.archive.org/web/20251227031920im_/https:/blog.epheia.moe/wp-content/uploads/2025/12/1765116133-Screenshot_20251207_144931-1024x399.jpg’ saved [53521]

--2026-09-17 00:27:15--  https://web.archive.org/web/20251227031920im_/https://blog.epheia.moe/wp-content/uploads/2025/12/1765116133-Screenshot_20251207_144931-300x117.jpg
Reusing existing connection to web.archive.org:443.
HTTP request sent, awaiting response... 302 FOUND
Location: https://web.archive.org/web/20251230010620im_/https://blog.epheia.moe/wp-content/uploads/2025/12/1765116133-Screenshot_20251207_144931-300x117.jpg [following]
--2026-09-17 00:27:16--  https://web.archive.org/web/20251230010620im_/https://blog.epheia.moe/wp-content/uploads/2025/12/1765116133-Screenshot_20251207_144931-300x117.jpg
Reusing existing connection to web.archive.org:443.
HTTP request sent, awaiting response... 200 OK
Length: unspecified [image/jpeg]
Saving to: ‘blog.epheia.moe/web.archive.org/web/20251227031920im_/https:/blog.epheia.moe/wp-content/uploads/2025/12/1765116133-Screenshot_20251207_144931-300x117.jpg’

     0K ........                                                381M=0s

2026-09-17 00:27:16 (381 MB/s) - ‘blog.epheia.moe/web.archive.org/web/20251227031920im_/https:/blog.epheia.moe/wp-content/uploads/2025/12/1765116133-Screenshot_20251207_144931-300x117.jpg’ saved [8393]

--2026-09-17 00:27:17--  https://web.archive.org/web/20251227031920im_/https://blog.epheia.moe/wp-content/uploads/2025/12/1765116133-Screenshot_20251207_144931-768x299.jpg
Reusing existing connection to web.archive.org:443.
HTTP request sent, awaiting response... 302 FOUND
Location: https://web.archive.org/web/20251230010620im_/https://blog.epheia.moe/wp-content/uploads/2025/12/1765116133-Screenshot_20251207_144931-768x299.jpg [following]
--2026-09-17 00:27:18--  https://web.archive.org/web/20251230010620im_/https://blog.epheia.moe/wp-content/uploads/2025/12/1765116133-Screenshot_20251207_144931-768x299.jpg
Reusing existing connection to web.archive.org:443.
HTTP request sent, awaiting response... 200 OK
Length: unspecified [image/jpeg]
Saving to: ‘blog.epheia.moe/web.archive.org/web/20251227031920im_/https:/blog.epheia.moe/wp-content/uploads/2025/12/1765116133-Screenshot_20251207_144931-768x299.jpg’

     0K .......... .......... .......... ...                   10.9M=0.003s

2026-09-17 00:27:19 (10.9 MB/s) - ‘blog.epheia.moe/web.archive.org/web/20251227031920im_/https:/blog.epheia.moe/wp-content/uploads/2025/12/1765116133-Screenshot_20251207_144931-768x299.jpg’ saved [34322]

--2026-09-17 00:27:19--  https://web.archive.org/web/20251227031920im_/https://blog.epheia.moe/wp-content/uploads/2025/12/1765116133-Screenshot_20251207_144931.jpg
Reusing existing connection to web.archive.org:443.
HTTP request sent, awaiting response... 302 FOUND
Location: https://web.archive.org/web/20251230010620im_/https://blog.epheia.moe/wp-content/uploads/2025/12/1765116133-Screenshot_20251207_144931.jpg [following]
--2026-09-17 00:27:21--  https://web.archive.org/web/20251230010620im_/https://blog.epheia.moe/wp-content/uploads/2025/12/1765116133-Screenshot_20251207_144931.jpg
Reusing existing connection to web.archive.org:443.
HTTP request sent, awaiting response... 200 OK
Length: unspecified [image/jpeg]
Saving to: ‘blog.epheia.moe/web.archive.org/web/20251227031920im_/https:/blog.epheia.moe/wp-content/uploads/2025/12/1765116133-Screenshot_20251207_144931.jpg’

     0K .......... .......... .......... .......... .......... 48.3M
    50K .......... .......... .......... .......... .......... 44.0M
   100K .......... .......... .......... .......... .......... 34.0M
   150K .......... .......... .......... .......... .......... 13.1M
   200K                                                        13.2K=0.007s

2026-09-17 00:27:21 (26.9 MB/s) - ‘blog.epheia.moe/web.archive.org/web/20251227031920im_/https:/blog.epheia.moe/wp-content/uploads/2025/12/1765116133-Screenshot_20251207_144931.jpg’ saved [205476]

--2026-09-17 00:27:22--  https://web.archive.org/web/20251227031920im_/https://blog.epheia.moe/wp-content/uploads/2025/12/1765116140-20251207_135058-788x1024.jpg
Reusing existing connection to web.archive.org:443.
HTTP request sent, awaiting response... 200 OK
Length: unspecified [image/jpeg]
Saving to: ‘blog.epheia.moe/web.archive.org/web/20251227031920im_/https:/blog.epheia.moe/wp-content/uploads/2025/12/1765116140-20251207_135058-788x1024.jpg’

     0K .......... .......... .......... .......... .......... 10.8M
    50K .......... .......... .......... .......... .......    11.5M=0.009s

2026-09-17 00:27:22 (11.1 MB/s) - ‘blog.epheia.moe/web.archive.org/web/20251227031920im_/https:/blog.epheia.moe/wp-content/uploads/2025/12/1765116140-20251207_135058-788x1024.jpg’ saved [100251]

--2026-09-17 00:27:23--  https://web.archive.org/web/20251227031920im_/https://blog.epheia.moe/wp-content/uploads/2025/12/1765116140-20251207_135058-231x300.jpg
Reusing existing connection to web.archive.org:443.
HTTP request sent, awaiting response... 302 FOUND
Location: https://web.archive.org/web/20251230010626im_/https://blog.epheia.moe/wp-content/uploads/2025/12/1765116140-20251207_135058-231x300.jpg [following]
--2026-09-17 00:27:25--  https://web.archive.org/web/20251230010626im_/https://blog.epheia.moe/wp-content/uploads/2025/12/1765116140-20251207_135058-231x300.jpg
Reusing existing connection to web.archive.org:443.
HTTP request sent, awaiting response... 200 OK
Length: unspecified [image/jpeg]
Saving to: ‘blog.epheia.moe/web.archive.org/web/20251227031920im_/https:/blog.epheia.moe/wp-content/uploads/2025/12/1765116140-20251207_135058-231x300.jpg’

     0K .......... ........                                    61.6M=0s

2026-09-17 00:27:25 (61.6 MB/s) - ‘blog.epheia.moe/web.archive.org/web/20251227031920im_/https:/blog.epheia.moe/wp-content/uploads/2025/12/1765116140-20251207_135058-231x300.jpg’ saved [19191]

--2026-09-17 00:27:26--  https://web.archive.org/web/20251227031920im_/https://blog.epheia.moe/wp-content/uploads/2025/12/1765116140-20251207_135058-768x998.jpg
Reusing existing connection to web.archive.org:443.
HTTP request sent, awaiting response... 302 FOUND
Location: https://web.archive.org/web/20251230010626im_/https://blog.epheia.moe/wp-content/uploads/2025/12/1765116140-20251207_135058-768x998.jpg [following]
--2026-09-17 00:27:28--  https://web.archive.org/web/20251230010626im_/https://blog.epheia.moe/wp-content/uploads/2025/12/1765116140-20251207_135058-768x998.jpg
Reusing existing connection to web.archive.org:443.
HTTP request sent, awaiting response... 200 OK
Length: unspecified [image/jpeg]
Saving to: ‘blog.epheia.moe/web.archive.org/web/20251227031920im_/https:/blog.epheia.moe/wp-content/uploads/2025/12/1765116140-20251207_135058-768x998.jpg’

     0K .......... .......... .......... .......... .......... 10.6M
    50K .......... .......... .......... .......... ....       12.9M=0.008s

2026-09-17 00:27:28 (11.6 MB/s) - ‘blog.epheia.moe/web.archive.org/web/20251227031920im_/https:/blog.epheia.moe/wp-content/uploads/2025/12/1765116140-20251207_135058-768x998.jpg’ saved [96420]

--2026-09-17 00:27:29--  https://web.archive.org/web/20251227031920im_/https://blog.epheia.moe/wp-content/uploads/2025/12/1765116140-20251207_135058.jpg
Reusing existing connection to web.archive.org:443.
HTTP request sent, awaiting response... 302 FOUND
Location: https://web.archive.org/web/20251230010626im_/https://blog.epheia.moe/wp-content/uploads/2025/12/1765116140-20251207_135058.jpg [following]
--2026-09-17 00:27:32--  https://web.archive.org/web/20251230010626im_/https://blog.epheia.moe/wp-content/uploads/2025/12/1765116140-20251207_135058.jpg
Reusing existing connection to web.archive.org:443.
HTTP request sent, awaiting response... 200 OK
Length: unspecified [image/jpeg]
Saving to: ‘blog.epheia.moe/web.archive.org/web/20251227031920im_/https:/blog.epheia.moe/wp-content/uploads/2025/12/1765116140-20251207_135058.jpg’

     0K .......... .......... .......... .......... .......... 13.3M
    50K .......... .......... .......... .......... .......... 11.9M
   100K .......... .......... .....                            76.0M=0.008s

2026-09-17 00:27:32 (15.2 MB/s) - ‘blog.epheia.moe/web.archive.org/web/20251227031920im_/https:/blog.epheia.moe/wp-content/uploads/2025/12/1765116140-20251207_135058.jpg’ saved [128532]

--2026-09-17 00:27:33--  https://web.archive.org/web/20251227031920/https://blog.epheia.moe/a/shuoshuo/%e5%88%9a%e6%90%ad%e5%a5%bd%e7%8a%b6%e6%80%81%e9%a1%b5%e5%b0%b1%e6%9c%89%e7%94%a8%e4%ba%86/
Reusing existing connection to web.archive.org:443.
HTTP request sent, awaiting response... 302 FOUND
Location: https://web.archive.org/web/20251228102112/https://blog.epheia.moe/a/shuoshuo/%e5%88%9a%e6%90%ad%e5%a5%bd%e7%8a%b6%e6%80%81%e9%a1%b5%e5%b0%b1%e6%9c%89%e7%94%a8%e4%ba%86 [following]
--2026-09-17 00:27:34--  https://web.archive.org/web/20251228102112/https://blog.epheia.moe/a/shuoshuo/%e5%88%9a%e6%90%ad%e5%a5%bd%e7%8a%b6%e6%80%81%e9%a1%b5%e5%b0%b1%e6%9c%89%e7%94%a8%e4%ba%86
Reusing existing connection to web.archive.org:443.
HTTP request sent, awaiting response... 200 OK
Length: unspecified [text/html]
Saving to: ‘blog.epheia.moe/web.archive.org/web/20251227031920/https:/blog.epheia.moe/a/shuoshuo/刚搭好状态页就有用了/index.html’

     0K .......... .......... .......... .......... .......... 15.2M
    50K .......... .......... .......... .......... .......... 10.3M
   100K .......... .......... .......... .......... .......... 20.7M
   150K .......... .......... .......... .......... .......... 22.8M
   200K .......... .......... .......... .......... ........   14.2M=0.02s

Last-modified header missing -- time-stamps turned off.
2026-09-17 00:27:34 (15.4 MB/s) - ‘blog.epheia.moe/web.archive.org/web/20251227031920/https:/blog.epheia.moe/a/shuoshuo/刚搭好状态页就有用了/index.html’ saved [254304]

--2026-09-17 00:27:36--  https://web.archive.org/web/20251227031920im_/https://blog.epheia.moe/wp-content/uploads/2025/12/1765113079-%E5%B1%8F%E5%B9%95%E6%88%AA%E5%9B%BE-2025-12-07-202338-1024x546.png
Reusing existing connection to web.archive.org:443.
HTTP request sent, awaiting response... 302 FOUND
Location: https://web.archive.org/web/20251227031921im_/https://blog.epheia.moe/wp-content/uploads/2025/12/1765113079-%E5%B1%8F%E5%B9%95%E6%88%AA%E5%9B%BE-2025-12-07-202338-1024x546.png [following]
--2026-09-17 00:27:38--  https://web.archive.org/web/20251227031921im_/https://blog.epheia.moe/wp-content/uploads/2025/12/1765113079-%E5%B1%8F%E5%B9%95%E6%88%AA%E5%9B%BE-2025-12-07-202338-1024x546.png
Reusing existing connection to web.archive.org:443.
HTTP request sent, awaiting response... 200 OK
Length: unspecified [image/png]
Saving to: ‘blog.epheia.moe/web.archive.org/web/20251227031920im_/https:/blog.epheia.moe/wp-content/uploads/2025/12/1765113079-屏幕截图-2025-12-07-202338-1024x546.png’

     0K .......... .......... .......... .......... .........  35.0M=0.001s

2026-09-17 00:27:38 (35.0 MB/s) - ‘blog.epheia.moe/web.archive.org/web/20251227031920im_/https:/blog.epheia.moe/wp-content/uploads/2025/12/1765113079-屏幕截图-2025-12-07-202338-1024x546.png’ saved [50760]

--2026-09-17 00:27:39--  https://web.archive.org/web/20251227031920im_/https://blog.epheia.moe/wp-content/uploads/2025/12/1765113079-%E5%B1%8F%E5%B9%95%E6%88%AA%E5%9B%BE-2025-12-07-202338-300x160.png
Reusing existing connection to web.archive.org:443.
HTTP request sent, awaiting response... 302 FOUND
Location: https://web.archive.org/web/20251230100139im_/https://blog.epheia.moe/wp-content/uploads/2025/12/1765113079-%E5%B1%8F%E5%B9%95%E6%88%AA%E5%9B%BE-2025-12-07-202338-300x160.png [following]
--2026-09-17 00:27:41--  https://web.archive.org/web/20251230100139im_/https://blog.epheia.moe/wp-content/uploads/2025/12/1765113079-%E5%B1%8F%E5%B9%95%E6%88%AA%E5%9B%BE-2025-12-07-202338-300x160.png
Reusing existing connection to web.archive.org:443.
HTTP request sent, awaiting response... 200 OK
Length: unspecified [image/png]
Saving to: ‘blog.epheia.moe/web.archive.org/web/20251227031920im_/https:/blog.epheia.moe/wp-content/uploads/2025/12/1765113079-屏幕截图-2025-12-07-202338-300x160.png’

     0K .........                                              1.44G=0s

2026-09-17 00:27:41 (1.44 GB/s) - ‘blog.epheia.moe/web.archive.org/web/20251227031920im_/https:/blog.epheia.moe/wp-content/uploads/2025/12/1765113079-屏幕截图-2025-12-07-202338-300x160.png’ saved [9289]

--2026-09-17 00:27:43--  https://web.archive.org/web/20251227031920im_/https://blog.epheia.moe/wp-content/uploads/2025/12/1765113079-%E5%B1%8F%E5%B9%95%E6%88%AA%E5%9B%BE-2025-12-07-202338-768x409.png
Reusing existing connection to web.archive.org:443.
HTTP request sent, awaiting response... 302 FOUND
Location: https://web.archive.org/web/20251230100139im_/https://blog.epheia.moe/wp-content/uploads/2025/12/1765113079-%E5%B1%8F%E5%B9%95%E6%88%AA%E5%9B%BE-2025-12-07-202338-768x409.png [following]
--2026-09-17 00:27:45--  https://web.archive.org/web/20251230100139im_/https://blog.epheia.moe/wp-content/uploads/2025/12/1765113079-%E5%B1%8F%E5%B9%95%E6%88%AA%E5%9B%BE-2025-12-07-202338-768x409.png
Reusing existing connection to web.archive.org:443.
HTTP request sent, awaiting response... 200 OK
Length: unspecified [image/png]
Saving to: ‘blog.epheia.moe/web.archive.org/web/20251227031920im_/https:/blog.epheia.moe/wp-content/uploads/2025/12/1765113079-屏幕截图-2025-12-07-202338-768x409.png’

     0K .......... .......... .......... ..                    62.4M=0.001s

2026-09-17 00:27:45 (62.4 MB/s) - ‘blog.epheia.moe/web.archive.org/web/20251227031920im_/https:/blog.epheia.moe/wp-content/uploads/2025/12/1765113079-屏幕截图-2025-12-07-202338-768x409.png’ saved [33624]

--2026-09-17 00:27:46--  https://web.archive.org/web/20251227031920im_/https://blog.epheia.moe/wp-content/uploads/2025/12/1765113079-%E5%B1%8F%E5%B9%95%E6%88%AA%E5%9B%BE-2025-12-07-202338-1536x819.png
Reusing existing connection to web.archive.org:443.
HTTP request sent, awaiting response... 302 FOUND
Location: https://web.archive.org/web/20251230100139im_/https://blog.epheia.moe/wp-content/uploads/2025/12/1765113079-%E5%B1%8F%E5%B9%95%E6%88%AA%E5%9B%BE-2025-12-07-202338-1536x819.png [following]
--2026-09-17 00:27:47--  https://web.archive.org/web/20251230100139im_/https://blog.epheia.moe/wp-content/uploads/2025/12/1765113079-%E5%B1%8F%E5%B9%95%E6%88%AA%E5%9B%BE-2025-12-07-202338-1536x819.png
Reusing existing connection to web.archive.org:443.
HTTP request sent, awaiting response... 200 OK
Length: unspecified [image/png]
Saving to: ‘blog.epheia.moe/web.archive.org/web/20251227031920im_/https:/blog.epheia.moe/wp-content/uploads/2025/12/1765113079-屏幕截图-2025-12-07-202338-1536x819.png’

     0K .......... .......... .......... .......... .......... 24.9M
    50K .......... .......... .......... .....                 35.8M=0.003s

2026-09-17 00:27:47 (28.5 MB/s) - ‘blog.epheia.moe/web.archive.org/web/20251227031920im_/https:/blog.epheia.moe/wp-content/uploads/2025/12/1765113079-屏幕截图-2025-12-07-202338-1536x819.png’ saved [87945]

--2026-09-17 00:27:48--  https://web.archive.org/web/20251227031920im_/https://blog.epheia.moe/wp-content/uploads/2025/12/1765113079-%E5%B1%8F%E5%B9%95%E6%88%AA%E5%9B%BE-2025-12-07-202338.png
Reusing existing connection to web.archive.org:443.
HTTP request sent, awaiting response... 302 FOUND
Location: https://web.archive.org/web/20251230100139im_/https://blog.epheia.moe/wp-content/uploads/2025/12/1765113079-%E5%B1%8F%E5%B9%95%E6%88%AA%E5%9B%BE-2025-12-07-202338.png [following]
--2026-09-17 00:27:49--  https://web.archive.org/web/20251230100139im_/https://blog.epheia.moe/wp-content/uploads/2025/12/1765113079-%E5%B1%8F%E5%B9%95%E6%88%AA%E5%9B%BE-2025-12-07-202338.png
Reusing existing connection to web.archive.org:443.
HTTP request sent, awaiting response... 200 OK
Length: unspecified [image/png]
Saving to: ‘blog.epheia.moe/web.archive.org/web/20251227031920im_/https:/blog.epheia.moe/wp-content/uploads/2025/12/1765113079-屏幕截图-2025-12-07-202338.png’

     0K .......... .......... .......... .......... .......... 21.3M
    50K .......... .......... ..                               35.0M=0.003s

2026-09-17 00:27:50 (24.3 MB/s) - ‘blog.epheia.moe/web.archive.org/web/20251227031920im_/https:/blog.epheia.moe/wp-content/uploads/2025/12/1765113079-屏幕截图-2025-12-07-202338.png’ saved [74413]

--2026-09-17 00:27:50--  https://web.archive.org/web/20251227031920/https://blog.epheia.moe/a/140
Reusing existing connection to web.archive.org:443.
HTTP request sent, awaiting response... 302 FOUND
Location: https://web.archive.org/web/20260206162955/https://blog.epheia.moe/a/140 [following]
--2026-09-17 00:27:51--  https://web.archive.org/web/20260206162955/https://blog.epheia.moe/a/140
Reusing existing connection to web.archive.org:443.
HTTP request sent, awaiting response... 200 OK
Length: unspecified [text/html]
Saving to: ‘blog.epheia.moe/web.archive.org/web/20251227031920/https:/blog.epheia.moe/a/140.html’

     0K .......... .......... .......... .......... .......... 9.29M
    50K .......... .......... .......... .......... .......... 17.8M
   100K .......... .......... .......... .......... .......... 16.2M
   150K .......... .......... .......... .......... .......... 13.8M
   200K .......... .......... .......... .........             17.3M=0.02s

Last-modified header missing -- time-stamps turned off.
2026-09-17 00:27:51 (13.9 MB/s) - ‘blog.epheia.moe/web.archive.org/web/20251227031920/https:/blog.epheia.moe/a/140.html’ saved [245680]

--2026-09-17 00:27:53--  https://web.archive.org/web/20251227031920/https://blog.epheia.moe/a/119
Reusing existing connection to web.archive.org:443.
HTTP request sent, awaiting response... 302 FOUND
Location: https://web.archive.org/web/20251228064038/https://blog.epheia.moe/a/119 [following]
--2026-09-17 00:27:54--  https://web.archive.org/web/20251228064038/https://blog.epheia.moe/a/119
Reusing existing connection to web.archive.org:443.
HTTP request sent, awaiting response... 200 OK
Length: unspecified [text/html]
Saving to: ‘blog.epheia.moe/web.archive.org/web/20251227031920/https:/blog.epheia.moe/a/119.html’

     0K .......... .......... .......... .......... .......... 72.8M
    50K .......... .......... .......... .......... .......... 12.4M
   100K .......... .......... .......... .......... .......... 31.4M
   150K .......... .......... .......... .......... .......... 57.3M
   200K .......... .......... .......... .......... .......... 33.7M
   250K .......... .                                           50.1M=0.009s

Last-modified header missing -- time-stamps turned off.
2026-09-17 00:27:54 (29.4 MB/s) - ‘blog.epheia.moe/web.archive.org/web/20251227031920/https:/blog.epheia.moe/a/119.html’ saved [267289]

--2026-09-17 00:27:55--  https://web.archive.org/web/20251227031920/https://blog.epheia.moe/a/6
Reusing existing connection to web.archive.org:443.
HTTP request sent, awaiting response... 302 FOUND
Location: https://web.archive.org/web/20260222105121/https://blog.epheia.moe/a/6 [following]
--2026-09-17 00:27:56--  https://web.archive.org/web/20260222105121/https://blog.epheia.moe/a/6
Reusing existing connection to web.archive.org:443.
HTTP request sent, awaiting response... 200 OK
Length: unspecified [text/html]
Saving to: ‘blog.epheia.moe/web.archive.org/web/20251227031920/https:/blog.epheia.moe/a/6.html’

     0K .......... .......... .......... .......... .......... 10.3M
    50K .......... .......... .......... .......... .......... 10.9M
   100K .......... .......... .......... .......... .......... 15.2M
   150K .......... .......... .......... .......... .......... 17.8M
   200K .......... .......... .......... .......               16.6M=0.02s

Last-modified header missing -- time-stamps turned off.
2026-09-17 00:27:57 (13.4 MB/s) - ‘blog.epheia.moe/web.archive.org/web/20251227031920/https:/blog.epheia.moe/a/6.html’ saved [243548]

--2026-09-17 00:27:57--  https://web.archive.org/web/20251227031920js_/https://blog.epheia.moe/wp-content/themes/Sakurairo/js/polyfill.js?ver=3.0.4
Reusing existing connection to web.archive.org:443.
HTTP request sent, awaiting response... 302 FOUND
Location: https://web.archive.org/web/20251227031921js_/https://blog.epheia.moe/wp-content/themes/Sakurairo/js/polyfill.js?ver=3.0.4 [following]
--2026-09-17 00:27:59--  https://web.archive.org/web/20251227031921js_/https://blog.epheia.moe/wp-content/themes/Sakurairo/js/polyfill.js?ver=3.0.4
Reusing existing connection to web.archive.org:443.
HTTP request sent, awaiting response... 200 OK
Length: unspecified [application/javascript]
Saving to: ‘blog.epheia.moe/web.archive.org/web/20251227031920js_/https:/blog.epheia.moe/wp-content/themes/Sakurairo/js/polyfill.js?ver=3.0.4’

     0K .......... .......... ...                              57.6M=0s

2026-09-17 00:27:59 (57.6 MB/s) - ‘blog.epheia.moe/web.archive.org/web/20251227031920js_/https:/blog.epheia.moe/wp-content/themes/Sakurairo/js/polyfill.js?ver=3.0.4’ saved [23923]

--2026-09-17 00:28:00--  https://web.archive.org/web/20251227031920js_/https://blog.epheia.moe/wp-content/themes/Sakurairo/js/app.js?ver=3.0.4
Reusing existing connection to web.archive.org:443.
HTTP request sent, awaiting response... 200 OK
Length: unspecified [application/javascript]
Saving to: ‘blog.epheia.moe/web.archive.org/web/20251227031920js_/https:/blog.epheia.moe/wp-content/themes/Sakurairo/js/app.js?ver=3.0.4’

     0K .......... .......... .......... .......... .......... 10.2M
    50K .......... .........                                   60.6M=0.005s

2026-09-17 00:28:01 (13.3 MB/s) - ‘blog.epheia.moe/web.archive.org/web/20251227031920js_/https:/blog.epheia.moe/wp-content/themes/Sakurairo/js/app.js?ver=3.0.4’ saved [70901]

--2026-09-17 00:28:02--  https://web.archive.org/web/20251227031920js_/https://s.nmxc.ltd/sakurairo/@3.0.4/js/smoothscroll.js?ver=3.0.4
Reusing existing connection to web.archive.org:443.
HTTP request sent, awaiting response... 302 FOUND
Location: https://web.archive.org/web/20251227031922js_/https://s.nmxc.ltd/sakurairo/@3.0.4/js/smoothscroll.js?ver=3.0.4 [following]
--2026-09-17 00:28:03--  https://web.archive.org/web/20251227031922js_/https://s.nmxc.ltd/sakurairo/@3.0.4/js/smoothscroll.js?ver=3.0.4
Reusing existing connection to web.archive.org:443.
HTTP request sent, awaiting response... 200 OK
Length: unspecified [application/javascript]
Saving to: ‘blog.epheia.moe/web.archive.org/web/20251227031920js_/https:/s.nmxc.ltd/sakurairo/@3.0.4/js/smoothscroll.js?ver=3.0.4’

     0K .......... ...                                         46.7M=0s

2026-09-17 00:28:04 (46.7 MB/s) - ‘blog.epheia.moe/web.archive.org/web/20251227031920js_/https:/s.nmxc.ltd/sakurairo/@3.0.4/js/smoothscroll.js?ver=3.0.4’ saved [13704]

--2026-09-17 00:28:04--  https://web.archive.org/web/20251227031920/https://blog.epheia.moe/a/date/2025/10/
Reusing existing connection to web.archive.org:443.
HTTP request sent, awaiting response... 302 FOUND
Location: https://web.archive.org/web/20260103055039/https://blog.epheia.moe/a/date/2025/10/ [following]
--2026-09-17 00:28:06--  https://web.archive.org/web/20260103055039/https://blog.epheia.moe/a/date/2025/10/
Reusing existing connection to web.archive.org:443.
HTTP request sent, awaiting response... 200 OK
Length: unspecified [text/html]
Saving to: ‘blog.epheia.moe/web.archive.org/web/20251227031920/https:/blog.epheia.moe/a/date/2025/10/index.html’

     0K .......... .......... .......... .......... .......... 13.5M
    50K .......... .......... .......... .......... .......... 9.14M
   100K .......... .......... .......... .......... .......... 20.5M
   150K .......... .......... .......... .......... .......... 14.9M
   200K .......... .......... .......... ........              15.6M=0.02s

Last-modified header missing -- time-stamps turned off.
2026-09-17 00:28:06 (13.7 MB/s) - ‘blog.epheia.moe/web.archive.org/web/20251227031920/https:/blog.epheia.moe/a/date/2025/10/index.html’ saved [244070]

--2026-09-17 00:28:07--  https://web.archive.org/web/20251228102112im_/https://blog.epheia.moe/a/shuoshuo/%E5%88%9A%E6%90%AD%E5%A5%BD%E7%8A%B6%E6%80%81%E9%A1%B5%E5%B0%B1%E6%9C%89%E7%94%A8%E4%BA%86/
Reusing existing connection to web.archive.org:443.
HTTP request sent, awaiting response... 200 OK
Length: unspecified [text/html]
Saving to: ‘blog.epheia.moe/web.archive.org/web/20251228102112im_/https:/blog.epheia.moe/a/shuoshuo/刚搭好状态页就有用了/index.html’

     0K .......... .......... .......... .......... .......... 67.4M
    50K .......... .......... .......... .......... .......... 22.1M
   100K .......... .......... .......... .......... .......... 30.1M
   150K .......... .......... .......... .......... .......... 9.61M
   200K .......... .......... .......... .......... ........   40.5M=0.01s

Last-modified header missing -- time-stamps turned off.
2026-09-17 00:28:07 (22.5 MB/s) - ‘blog.epheia.moe/web.archive.org/web/20251228102112im_/https:/blog.epheia.moe/a/shuoshuo/刚搭好状态页就有用了/index.html’ saved [254301]

--2026-09-17 00:28:09--  https://web.archive.org/web/20260206130558im_/https://s4.zstatic.net/ajax/libs/font-awesome/6.7.2/webfonts/fa-brands-400.woff2
Reusing existing connection to web.archive.org:443.
HTTP request sent, awaiting response... 302 FOUND
Location: https://web.archive.org/web/20260206130604im_/https://s4.zstatic.net/ajax/libs/font-awesome/6.7.2/webfonts/fa-brands-400.woff2 [following]
--2026-09-17 00:28:11--  https://web.archive.org/web/20260206130604im_/https://s4.zstatic.net/ajax/libs/font-awesome/6.7.2/webfonts/fa-brands-400.woff2
Reusing existing connection to web.archive.org:443.
HTTP request sent, awaiting response... 200 OK
Length: 118684 (116K) [application/octet-stream]
Saving to: ‘blog.epheia.moe/web.archive.org/web/20260206130558im_/https:/s4.zstatic.net/ajax/libs/font-awesome/6.7.2/webfonts/fa-brands-400.woff2’

     0K .......... .......... .......... .......... .......... 43% 14.2M 0s
    50K .......... .......... .......... .......... .......... 86% 17.3M 0s
   100K .......... .....                                      100% 71.2M=0.006s

Last-modified header missing -- time-stamps turned off.
2026-09-17 00:28:11 (17.5 MB/s) - ‘blog.epheia.moe/web.archive.org/web/20260206130558im_/https:/s4.zstatic.net/ajax/libs/font-awesome/6.7.2/webfonts/fa-brands-400.woff2’ saved [118684/118684]

--2026-09-17 00:28:12--  https://web.archive.org/web/20260206130558im_/https://s4.zstatic.net/ajax/libs/font-awesome/6.7.2/webfonts/fa-brands-400.ttf
Reusing existing connection to web.archive.org:443.
HTTP request sent, awaiting response... 302 FOUND
Location: https://web.archive.org/web/20260207232244im_/https://s4.zstatic.net/ajax/libs/font-awesome/6.7.2/webfonts/fa-brands-400.ttf [following]
--2026-09-17 00:28:14--  https://web.archive.org/web/20260207232244im_/https://s4.zstatic.net/ajax/libs/font-awesome/6.7.2/webfonts/fa-brands-400.ttf
Reusing existing connection to web.archive.org:443.
HTTP request sent, awaiting response... 200 OK
Length: 210792 (206K) [application/octet-stream]
Saving to: ‘blog.epheia.moe/web.archive.org/web/20260206130558im_/https:/s4.zstatic.net/ajax/libs/font-awesome/6.7.2/webfonts/fa-brands-400.ttf’

     0K .......... .......... .......... .......... .......... 24% 9.15M 0s
    50K .......... .......... .......... .......... .......... 48% 16.9M 0s
   100K .......... .......... .......... .......... .......... 72% 12.9M 0s
   150K .......... .......... .......... .......... .......... 97% 25.9M 0s
   200K .....                                                 100% 28.0M=0.01s

Last-modified header missing -- time-stamps turned off.
2026-09-17 00:28:15 (14.3 MB/s) - ‘blog.epheia.moe/web.archive.org/web/20260206130558im_/https:/s4.zstatic.net/ajax/libs/font-awesome/6.7.2/webfonts/fa-brands-400.ttf’ saved [210792/210792]

--2026-09-17 00:28:16--  https://web.archive.org/web/20260206130558im_/https://s4.zstatic.net/ajax/libs/font-awesome/6.7.2/webfonts/fa-regular-400.woff2
Reusing existing connection to web.archive.org:443.
HTTP request sent, awaiting response... 302 FOUND
Location: https://web.archive.org/web/20260206130608im_/https://s4.zstatic.net/ajax/libs/font-awesome/6.7.2/webfonts/fa-regular-400.woff2 [following]
--2026-09-17 00:28:17--  https://web.archive.org/web/20260206130608im_/https://s4.zstatic.net/ajax/libs/font-awesome/6.7.2/webfonts/fa-regular-400.woff2
Reusing existing connection to web.archive.org:443.
HTTP request sent, awaiting response... 200 OK
Length: 25472 (25K) [application/octet-stream]
Saving to: ‘blog.epheia.moe/web.archive.org/web/20260206130558im_/https:/s4.zstatic.net/ajax/libs/font-awesome/6.7.2/webfonts/fa-regular-400.woff2’

     0K .......... .......... ....                            100% 59.1M=0s

2026-09-17 00:28:17 (59.1 MB/s) - ‘blog.epheia.moe/web.archive.org/web/20260206130558im_/https:/s4.zstatic.net/ajax/libs/font-awesome/6.7.2/webfonts/fa-regular-400.woff2’ saved [25472/25472]

--2026-09-17 00:28:19--  https://web.archive.org/web/20260206130558im_/https://s4.zstatic.net/ajax/libs/font-awesome/6.7.2/webfonts/fa-regular-400.ttf
Reusing existing connection to web.archive.org:443.
HTTP request sent, awaiting response... 302 FOUND
Location: https://web.archive.org/web/20260130114108im_/https://s4.zstatic.net/ajax/libs/font-awesome/6.7.2/webfonts/fa-regular-400.ttf [following]
--2026-09-17 00:28:20--  https://web.archive.org/web/20260130114108im_/https://s4.zstatic.net/ajax/libs/font-awesome/6.7.2/webfonts/fa-regular-400.ttf
Reusing existing connection to web.archive.org:443.
HTTP request sent, awaiting response... 200 OK
Length: unspecified [application/octet-stream]
Saving to: ‘blog.epheia.moe/web.archive.org/web/20260206130558im_/https:/s4.zstatic.net/ajax/libs/font-awesome/6.7.2/webfonts/fa-regular-400.ttf’

     0K .......... .......... .......... .......... .......... 13.9M
    50K .......... ......                                      61.9M=0.004s

2026-09-17 00:28:20 (17.2 MB/s) - ‘blog.epheia.moe/web.archive.org/web/20260206130558im_/https:/s4.zstatic.net/ajax/libs/font-awesome/6.7.2/webfonts/fa-regular-400.ttf’ saved [68064]

--2026-09-17 00:28:21--  https://web.archive.org/web/20260206130558im_/https://s4.zstatic.net/ajax/libs/font-awesome/6.7.2/webfonts/fa-solid-900.woff2
Reusing existing connection to web.archive.org:443.
HTTP request sent, awaiting response... 302 FOUND
Location: https://web.archive.org/web/20260206130604im_/https://s4.zstatic.net/ajax/libs/font-awesome/6.7.2/webfonts/fa-solid-900.woff2 [following]
--2026-09-17 00:28:23--  https://web.archive.org/web/20260206130604im_/https://s4.zstatic.net/ajax/libs/font-awesome/6.7.2/webfonts/fa-solid-900.woff2
Reusing existing connection to web.archive.org:443.
HTTP request sent, awaiting response... 200 OK
Length: 158220 (155K) [application/octet-stream]
Saving to: ‘blog.epheia.moe/web.archive.org/web/20260206130558im_/https:/s4.zstatic.net/ajax/libs/font-awesome/6.7.2/webfonts/fa-solid-900.woff2’

     0K .......... .......... .......... .......... .......... 32% 36.9M 0s
    50K .......... .......... .......... .......... .......... 64% 47.7M 0s
   100K .......... .......... .......... .......... .......... 97% 34.4M 0s
   150K ....                                                  100% 90.2K=0.004s

2026-09-17 00:28:23 (40.0 MB/s) - ‘blog.epheia.moe/web.archive.org/web/20260206130558im_/https:/s4.zstatic.net/ajax/libs/font-awesome/6.7.2/webfonts/fa-solid-900.woff2’ saved [158220/158220]

--2026-09-17 00:28:24--  https://web.archive.org/web/20260206130558im_/https://s4.zstatic.net/ajax/libs/font-awesome/6.7.2/webfonts/fa-solid-900.ttf
Reusing existing connection to web.archive.org:443.
HTTP request sent, awaiting response... 302 FOUND
Location: https://web.archive.org/web/20260130114110im_/https://s4.zstatic.net/ajax/libs/font-awesome/6.7.2/webfonts/fa-solid-900.ttf [following]
--2026-09-17 00:28:25--  https://web.archive.org/web/20260130114110im_/https://s4.zstatic.net/ajax/libs/font-awesome/6.7.2/webfonts/fa-solid-900.ttf
Reusing existing connection to web.archive.org:443.
HTTP request sent, awaiting response... 200 OK
Length: unspecified [application/octet-stream]
Saving to: ‘blog.epheia.moe/web.archive.org/web/20260206130558im_/https:/s4.zstatic.net/ajax/libs/font-awesome/6.7.2/webfonts/fa-solid-900.ttf’

     0K .......... .......... .......... .......... .......... 11.1M
    50K .......... .......... .......... .......... .......... 13.8M
   100K .......... .......... .......... .......... .......... 21.0M
   150K .......... .......... .......... .......... .......... 14.9M
   200K .......... .......... .......... .......... .......... 11.2M
   250K .......... .......... .......... .......... .......... 23.8M
   300K .......... .......... .......... .......... .......... 10.2M
   350K .......... .......... .......... .......... .......... 11.6M
   400K .......... ......                                       104M=0.03s

Last-modified header missing -- time-stamps turned off.
2026-09-17 00:28:26 (14.0 MB/s) - ‘blog.epheia.moe/web.archive.org/web/20260206130558im_/https:/s4.zstatic.net/ajax/libs/font-awesome/6.7.2/webfonts/fa-solid-900.ttf’ saved [426112]

--2026-09-17 00:28:27--  https://web.archive.org/web/20260206130558im_/https://s4.zstatic.net/ajax/libs/font-awesome/6.7.2/webfonts/fa-v4compatibility.woff2
Reusing existing connection to web.archive.org:443.
HTTP request sent, awaiting response... 302 FOUND
Location: https://web.archive.org/web/20260130114112im_/https://s4.zstatic.net/ajax/libs/font-awesome/6.7.2/webfonts/fa-v4compatibility.woff2 [following]
--2026-09-17 00:28:28--  https://web.archive.org/web/20260130114112im_/https://s4.zstatic.net/ajax/libs/font-awesome/6.7.2/webfonts/fa-v4compatibility.woff2
Reusing existing connection to web.archive.org:443.
HTTP request sent, awaiting response... 200 OK
Length: unspecified [application/octet-stream]
Saving to: ‘blog.epheia.moe/web.archive.org/web/20260206130558im_/https:/s4.zstatic.net/ajax/libs/font-awesome/6.7.2/webfonts/fa-v4compatibility.woff2’

     0K ....                                                   1.49G=0s

Last-modified header missing -- time-stamps turned off.
2026-09-17 00:28:28 (1.49 GB/s) - ‘blog.epheia.moe/web.archive.org/web/20260206130558im_/https:/s4.zstatic.net/ajax/libs/font-awesome/6.7.2/webfonts/fa-v4compatibility.woff2’ saved [4796]

--2026-09-17 00:28:29--  https://web.archive.org/web/20260206130558im_/https://s4.zstatic.net/ajax/libs/font-awesome/6.7.2/webfonts/fa-v4compatibility.ttf
Reusing existing connection to web.archive.org:443.
HTTP request sent, awaiting response... 302 FOUND
Location: https://web.archive.org/web/20260130114113im_/https://s4.zstatic.net/ajax/libs/font-awesome/6.7.2/webfonts/fa-v4compatibility.ttf [following]
--2026-09-17 00:28:31--  https://web.archive.org/web/20260130114113im_/https://s4.zstatic.net/ajax/libs/font-awesome/6.7.2/webfonts/fa-v4compatibility.ttf
Reusing existing connection to web.archive.org:443.
HTTP request sent, awaiting response... 200 OK
Length: unspecified [application/octet-stream]
Saving to: ‘blog.epheia.moe/web.archive.org/web/20260206130558im_/https:/s4.zstatic.net/ajax/libs/font-awesome/6.7.2/webfonts/fa-v4compatibility.ttf’

     0K ..........                                             1.68G=0s

Last-modified header missing -- time-stamps turned off.
2026-09-17 00:28:31 (1.68 GB/s) - ‘blog.epheia.moe/web.archive.org/web/20260206130558im_/https:/s4.zstatic.net/ajax/libs/font-awesome/6.7.2/webfonts/fa-v4compatibility.ttf’ saved [10836]

--2026-09-17 00:28:32--  https://web.archive.org/web/20260222024812im_/https://s4.zstatic.net/ajax/libs/font-awesome/6.7.2/webfonts/fa-brands-400.woff2
Reusing existing connection to web.archive.org:443.
HTTP request sent, awaiting response... 302 FOUND
Location: https://web.archive.org/web/20260222031930im_/https://s4.zstatic.net/ajax/libs/font-awesome/6.7.2/webfonts/fa-brands-400.woff2 [following]
--2026-09-17 00:28:34--  https://web.archive.org/web/20260222031930im_/https://s4.zstatic.net/ajax/libs/font-awesome/6.7.2/webfonts/fa-brands-400.woff2
Reusing existing connection to web.archive.org:443.
HTTP request sent, awaiting response... 200 OK
Length: 118684 (116K) [application/octet-stream]
Saving to: ‘blog.epheia.moe/web.archive.org/web/20260222024812im_/https:/s4.zstatic.net/ajax/libs/font-awesome/6.7.2/webfonts/fa-brands-400.woff2’

     0K .......... .......... .......... .......... .......... 43% 13.0M 0s
    50K .......... .......... .......... .......... .......... 86% 3.19M 0s
   100K .......... .....                                      100% 60.0M=0.02s

Last-modified header missing -- time-stamps turned off.
2026-09-17 00:28:35 (5.86 MB/s) - ‘blog.epheia.moe/web.archive.org/web/20260222024812im_/https:/s4.zstatic.net/ajax/libs/font-awesome/6.7.2/webfonts/fa-brands-400.woff2’ saved [118684/118684]

--2026-09-17 00:28:36--  https://web.archive.org/web/20260222024812im_/https://s4.zstatic.net/ajax/libs/font-awesome/6.7.2/webfonts/fa-brands-400.ttf
Reusing existing connection to web.archive.org:443.
HTTP request sent, awaiting response... 302 FOUND
Location: https://web.archive.org/web/20260227030610im_/https://s4.zstatic.net/ajax/libs/font-awesome/6.7.2/webfonts/fa-brands-400.ttf [following]
--2026-09-17 00:28:37--  https://web.archive.org/web/20260227030610im_/https://s4.zstatic.net/ajax/libs/font-awesome/6.7.2/webfonts/fa-brands-400.ttf
Reusing existing connection to web.archive.org:443.
HTTP request sent, awaiting response... 200 OK
Length: 210792 (206K) [application/octet-stream]
Saving to: ‘blog.epheia.moe/web.archive.org/web/20260222024812im_/https:/s4.zstatic.net/ajax/libs/font-awesome/6.7.2/webfonts/fa-brands-400.ttf’

     0K .......... .......... .......... .......... .......... 24% 9.00M 0s
    50K .......... .......... .......... .......... .......... 48% 21.8M 0s
   100K .......... .......... .......... .......... .......... 72% 10.2M 0s
   150K .......... .......... .......... .......... .......... 97% 50.1M 0s
   200K .....                                                 100% 14.3M=0.01s

Last-modified header missing -- time-stamps turned off.
2026-09-17 00:28:38 (14.5 MB/s) - ‘blog.epheia.moe/web.archive.org/web/20260222024812im_/https:/s4.zstatic.net/ajax/libs/font-awesome/6.7.2/webfonts/fa-brands-400.ttf’ saved [210792/210792]

--2026-09-17 00:28:39--  https://web.archive.org/web/20260222024812im_/https://s4.zstatic.net/ajax/libs/font-awesome/6.7.2/webfonts/fa-regular-400.woff2
Reusing existing connection to web.archive.org:443.
HTTP request sent, awaiting response... 302 FOUND
Location: https://web.archive.org/web/20260222031930im_/https://s4.zstatic.net/ajax/libs/font-awesome/6.7.2/webfonts/fa-regular-400.woff2 [following]
--2026-09-17 00:28:40--  https://web.archive.org/web/20260222031930im_/https://s4.zstatic.net/ajax/libs/font-awesome/6.7.2/webfonts/fa-regular-400.woff2
Reusing existing connection to web.archive.org:443.
HTTP request sent, awaiting response... 200 OK
Length: 25472 (25K) [application/octet-stream]
Saving to: ‘blog.epheia.moe/web.archive.org/web/20260222024812im_/https:/s4.zstatic.net/ajax/libs/font-awesome/6.7.2/webfonts/fa-regular-400.woff2’

     0K .......... .......... ....                            100%  132M=0s

2026-09-17 00:28:41 (132 MB/s) - ‘blog.epheia.moe/web.archive.org/web/20260222024812im_/https:/s4.zstatic.net/ajax/libs/font-awesome/6.7.2/webfonts/fa-regular-400.woff2’ saved [25472/25472]

--2026-09-17 00:28:41--  https://web.archive.org/web/20260222024812im_/https://s4.zstatic.net/ajax/libs/font-awesome/6.7.2/webfonts/fa-regular-400.ttf
Reusing existing connection to web.archive.org:443.
HTTP request sent, awaiting response... 302 FOUND
Location: https://web.archive.org/web/20260227030610im_/https://s4.zstatic.net/ajax/libs/font-awesome/6.7.2/webfonts/fa-regular-400.ttf [following]
--2026-09-17 00:28:42--  https://web.archive.org/web/20260227030610im_/https://s4.zstatic.net/ajax/libs/font-awesome/6.7.2/webfonts/fa-regular-400.ttf
Reusing existing connection to web.archive.org:443.
HTTP request sent, awaiting response... 200 OK
Length: unspecified [application/octet-stream]
Saving to: ‘blog.epheia.moe/web.archive.org/web/20260222024812im_/https:/s4.zstatic.net/ajax/libs/font-awesome/6.7.2/webfonts/fa-regular-400.ttf’

     0K .......... .......... .......... .......... .......... 51.9M
    50K .......... ......                                       109M=0.001s

2026-09-17 00:28:44 (59.7 MB/s) - ‘blog.epheia.moe/web.archive.org/web/20260222024812im_/https:/s4.zstatic.net/ajax/libs/font-awesome/6.7.2/webfonts/fa-regular-400.ttf’ saved [68064]

--2026-09-17 00:28:45--  https://web.archive.org/web/20260222024812im_/https://s4.zstatic.net/ajax/libs/font-awesome/6.7.2/webfonts/fa-solid-900.woff2
Reusing existing connection to web.archive.org:443.
HTTP request sent, awaiting response... 302 FOUND
Location: https://web.archive.org/web/20260222031929im_/https://s4.zstatic.net/ajax/libs/font-awesome/6.7.2/webfonts/fa-solid-900.woff2 [following]
--2026-09-17 00:28:46--  https://web.archive.org/web/20260222031929im_/https://s4.zstatic.net/ajax/libs/font-awesome/6.7.2/webfonts/fa-solid-900.woff2
Reusing existing connection to web.archive.org:443.
HTTP request sent, awaiting response... 200 OK
Length: 158220 (155K) [application/octet-stream]
Saving to: ‘blog.epheia.moe/web.archive.org/web/20260222024812im_/https:/s4.zstatic.net/ajax/libs/font-awesome/6.7.2/webfonts/fa-solid-900.woff2’

     0K .......... .......... .......... .......... .......... 32% 69.6M 0s
    50K .......... .......... .......... .......... .......... 64% 34.0M 0s
   100K .......... .......... .......... .......... .......... 97% 50.0M 0s
   150K ....                                                  100% 90.2K=0.003s

2026-09-17 00:28:47 (48.4 MB/s) - ‘blog.epheia.moe/web.archive.org/web/20260222024812im_/https:/s4.zstatic.net/ajax/libs/font-awesome/6.7.2/webfonts/fa-solid-900.woff2’ saved [158220/158220]

--2026-09-17 00:28:49--  https://web.archive.org/web/20260222024812im_/https://s4.zstatic.net/ajax/libs/font-awesome/6.7.2/webfonts/fa-solid-900.ttf
Reusing existing connection to web.archive.org:443.
HTTP request sent, awaiting response... 302 FOUND
Location: https://web.archive.org/web/20260227030610im_/https://s4.zstatic.net/ajax/libs/font-awesome/6.7.2/webfonts/fa-solid-900.ttf [following]
--2026-09-17 00:28:50--  https://web.archive.org/web/20260227030610im_/https://s4.zstatic.net/ajax/libs/font-awesome/6.7.2/webfonts/fa-solid-900.ttf
Reusing existing connection to web.archive.org:443.
HTTP request sent, awaiting response... 200 OK
Length: 426112 (416K) [application/octet-stream]
Saving to: ‘blog.epheia.moe/web.archive.org/web/20260222024812im_/https:/s4.zstatic.net/ajax/libs/font-awesome/6.7.2/webfonts/fa-solid-900.ttf’

     0K .......... .......... .......... .......... .......... 12% 22.2M 0s
    50K .......... .......... .......... .......... .......... 24% 41.1M 0s
   100K .......... .......... .......... .......... .......... 36% 46.5M 0s
   150K .......... .......... .......... .......... .......... 48% 25.7M 0s
   200K .......... .......... .......... .......... .......... 60% 53.7M 0s
   250K .......... .......... .......... .......... .......... 72% 41.2M 0s
   300K .......... .......... .......... .......... .......... 84% 16.6M 0s
   350K .......... .......... .......... .......... .......... 96% 27.6M 0s
   400K .......... ......                                     100% 71.9M=0.01s

Last-modified header missing -- time-stamps turned off.
2026-09-17 00:28:50 (30.4 MB/s) - ‘blog.epheia.moe/web.archive.org/web/20260222024812im_/https:/s4.zstatic.net/ajax/libs/font-awesome/6.7.2/webfonts/fa-solid-900.ttf’ saved [426112/426112]

--2026-09-17 00:28:51--  https://web.archive.org/web/20260222024812im_/https://s4.zstatic.net/ajax/libs/font-awesome/6.7.2/webfonts/fa-v4compatibility.woff2
Reusing existing connection to web.archive.org:443.
HTTP request sent, awaiting response... 302 FOUND
Location: https://web.archive.org/web/20260227030610im_/https://s4.zstatic.net/ajax/libs/font-awesome/6.7.2/webfonts/fa-v4compatibility.woff2 [following]
--2026-09-17 00:28:52--  https://web.archive.org/web/20260227030610im_/https://s4.zstatic.net/ajax/libs/font-awesome/6.7.2/webfonts/fa-v4compatibility.woff2
Reusing existing connection to web.archive.org:443.
HTTP request sent, awaiting response... 200 OK
Length: 4796 (4.7K) [application/octet-stream]
Saving to: ‘blog.epheia.moe/web.archive.org/web/20260222024812im_/https:/s4.zstatic.net/ajax/libs/font-awesome/6.7.2/webfonts/fa-v4compatibility.woff2’

     0K ....                                                  100%  915M=0s

Last-modified header missing -- time-stamps turned off.
2026-09-17 00:28:53 (915 MB/s) - ‘blog.epheia.moe/web.archive.org/web/20260222024812im_/https:/s4.zstatic.net/ajax/libs/font-awesome/6.7.2/webfonts/fa-v4compatibility.woff2’ saved [4796/4796]

--2026-09-17 00:28:54--  https://web.archive.org/web/20260222024812im_/https://s4.zstatic.net/ajax/libs/font-awesome/6.7.2/webfonts/fa-v4compatibility.ttf
Reusing existing connection to web.archive.org:443.
HTTP request sent, awaiting response... 302 FOUND
Location: https://web.archive.org/web/20260227030610im_/https://s4.zstatic.net/ajax/libs/font-awesome/6.7.2/webfonts/fa-v4compatibility.ttf [following]
--2026-09-17 00:28:56--  https://web.archive.org/web/20260227030610im_/https://s4.zstatic.net/ajax/libs/font-awesome/6.7.2/webfonts/fa-v4compatibility.ttf
Reusing existing connection to web.archive.org:443.
HTTP request sent, awaiting response... 200 OK
Length: unspecified [application/octet-stream]
Saving to: ‘blog.epheia.moe/web.archive.org/web/20260222024812im_/https:/s4.zstatic.net/ajax/libs/font-awesome/6.7.2/webfonts/fa-v4compatibility.ttf’

     0K ..........                                              939M=0s

Last-modified header missing -- time-stamps turned off.
2026-09-17 00:28:57 (939 MB/s) - ‘blog.epheia.moe/web.archive.org/web/20260222024812im_/https:/s4.zstatic.net/ajax/libs/font-awesome/6.7.2/webfonts/fa-v4compatibility.ttf’ saved [10836]

--2026-09-17 00:28:58--  https://web.archive.org/web/20251230014327im_/https://s4.zstatic.net/ajax/libs/font-awesome/6.7.2/webfonts/fa-brands-400.woff2
Reusing existing connection to web.archive.org:443.
HTTP request sent, awaiting response... 302 FOUND
Location: https://web.archive.org/web/20251229213659im_/https://s4.zstatic.net/ajax/libs/font-awesome/6.7.2/webfonts/fa-brands-400.woff2 [following]
--2026-09-17 00:28:59--  https://web.archive.org/web/20251229213659im_/https://s4.zstatic.net/ajax/libs/font-awesome/6.7.2/webfonts/fa-brands-400.woff2
Reusing existing connection to web.archive.org:443.
HTTP request sent, awaiting response... 200 OK
Length: unspecified [application/octet-stream]
Saving to: ‘blog.epheia.moe/web.archive.org/web/20251230014327im_/https:/s4.zstatic.net/ajax/libs/font-awesome/6.7.2/webfonts/fa-brands-400.woff2’

     0K .......... .......... .......... .......... .......... 14.3M
    50K .......... .......... .......... .......... .......... 10.5M
   100K .......... .....                                       34.8M=0.009s

2026-09-17 00:29:00 (13.3 MB/s) - ‘blog.epheia.moe/web.archive.org/web/20251230014327im_/https:/s4.zstatic.net/ajax/libs/font-awesome/6.7.2/webfonts/fa-brands-400.woff2’ saved [118684]

--2026-09-17 00:29:01--  https://web.archive.org/web/20251230014327im_/https://s4.zstatic.net/ajax/libs/font-awesome/6.7.2/webfonts/fa-brands-400.ttf
Reusing existing connection to web.archive.org:443.
HTTP request sent, awaiting response... 302 FOUND
Location: https://web.archive.org/web/20260123101515im_/https://s4.zstatic.net/ajax/libs/font-awesome/6.7.2/webfonts/fa-brands-400.ttf [following]
--2026-09-17 00:29:02--  https://web.archive.org/web/20260123101515im_/https://s4.zstatic.net/ajax/libs/font-awesome/6.7.2/webfonts/fa-brands-400.ttf
Reusing existing connection to web.archive.org:443.
HTTP request sent, awaiting response... 200 OK
Length: unspecified [application/octet-stream]
Saving to: ‘blog.epheia.moe/web.archive.org/web/20251230014327im_/https:/s4.zstatic.net/ajax/libs/font-awesome/6.7.2/webfonts/fa-brands-400.ttf’

     0K .......... .......... .......... .......... .......... 30.3M
    50K .......... .......... .......... .......... .......... 30.1M
   100K .......... .......... .......... .......... .......... 35.3M
   150K .......... .......... .......... .......... .......... 9.76M
   200K .....                                                  9.85M=0.01s

2026-09-17 00:29:03 (19.7 MB/s) - ‘blog.epheia.moe/web.archive.org/web/20251230014327im_/https:/s4.zstatic.net/ajax/libs/font-awesome/6.7.2/webfonts/fa-brands-400.ttf’ saved [210792]

--2026-09-17 00:29:04--  https://web.archive.org/web/20251230014327im_/https://s4.zstatic.net/ajax/libs/font-awesome/6.7.2/webfonts/fa-regular-400.woff2
Reusing existing connection to web.archive.org:443.
HTTP request sent, awaiting response... 302 FOUND
Location: https://web.archive.org/web/20251229213700im_/https://s4.zstatic.net/ajax/libs/font-awesome/6.7.2/webfonts/fa-regular-400.woff2 [following]
--2026-09-17 00:29:06--  https://web.archive.org/web/20251229213700im_/https://s4.zstatic.net/ajax/libs/font-awesome/6.7.2/webfonts/fa-regular-400.woff2
Reusing existing connection to web.archive.org:443.
HTTP request sent, awaiting response... 200 OK
Length: unspecified [application/octet-stream]
Saving to: ‘blog.epheia.moe/web.archive.org/web/20251230014327im_/https:/s4.zstatic.net/ajax/libs/font-awesome/6.7.2/webfonts/fa-regular-400.woff2’

     0K .......... .......... ....                             69.4M=0s

2026-09-17 00:29:07 (69.4 MB/s) - ‘blog.epheia.moe/web.archive.org/web/20251230014327im_/https:/s4.zstatic.net/ajax/libs/font-awesome/6.7.2/webfonts/fa-regular-400.woff2’ saved [25472]

--2026-09-17 00:29:07--  https://web.archive.org/web/20251230014327im_/https://s4.zstatic.net/ajax/libs/font-awesome/6.7.2/webfonts/fa-regular-400.ttf
Reusing existing connection to web.archive.org:443.
HTTP request sent, awaiting response... 302 FOUND
Location: https://web.archive.org/web/20260119144720im_/https://s4.zstatic.net/ajax/libs/font-awesome/6.7.2/webfonts/fa-regular-400.ttf [following]
--2026-09-17 00:29:09--  https://web.archive.org/web/20260119144720im_/https://s4.zstatic.net/ajax/libs/font-awesome/6.7.2/webfonts/fa-regular-400.ttf
Reusing existing connection to web.archive.org:443.
HTTP request sent, awaiting response... 200 OK
Length: unspecified [application/octet-stream]
Saving to: ‘blog.epheia.moe/web.archive.org/web/20251230014327im_/https:/s4.zstatic.net/ajax/libs/font-awesome/6.7.2/webfonts/fa-regular-400.ttf’

     0K .......... .......... .......... .......... .......... 8.58M
    50K .......... ......                                      20.5M=0.006s

2026-09-17 00:29:09 (10.0 MB/s) - ‘blog.epheia.moe/web.archive.org/web/20251230014327im_/https:/s4.zstatic.net/ajax/libs/font-awesome/6.7.2/webfonts/fa-regular-400.ttf’ saved [68064]

--2026-09-17 00:29:10--  https://web.archive.org/web/20251230014327im_/https://s4.zstatic.net/ajax/libs/font-awesome/6.7.2/webfonts/fa-solid-900.woff2
Reusing existing connection to web.archive.org:443.
HTTP request sent, awaiting response... 302 FOUND
Location: https://web.archive.org/web/20251229213659im_/https://s4.zstatic.net/ajax/libs/font-awesome/6.7.2/webfonts/fa-solid-900.woff2 [following]
--2026-09-17 00:29:12--  https://web.archive.org/web/20251229213659im_/https://s4.zstatic.net/ajax/libs/font-awesome/6.7.2/webfonts/fa-solid-900.woff2
Reusing existing connection to web.archive.org:443.
HTTP request sent, awaiting response... 200 OK
Length: unspecified [application/octet-stream]
Saving to: ‘blog.epheia.moe/web.archive.org/web/20251230014327im_/https:/s4.zstatic.net/ajax/libs/font-awesome/6.7.2/webfonts/fa-solid-900.woff2’

     0K .......... .......... .......... .......... .......... 6.29M
    50K .......... .......... .......... .......... .......... 11.4M
   100K .......... .......... .......... .......... .......... 11.0M
   150K ....                                                   90.2K=0.02s

2026-09-17 00:29:13 (9.14 MB/s) - ‘blog.epheia.moe/web.archive.org/web/20251230014327im_/https:/s4.zstatic.net/ajax/libs/font-awesome/6.7.2/webfonts/fa-solid-900.woff2’ saved [158220]

--2026-09-17 00:29:13--  https://web.archive.org/web/20251230014327im_/https://s4.zstatic.net/ajax/libs/font-awesome/6.7.2/webfonts/fa-solid-900.ttf
Reusing existing connection to web.archive.org:443.
HTTP request sent, awaiting response... 302 FOUND
Location: https://web.archive.org/web/20251213160536im_/https://s4.zstatic.net/ajax/libs/font-awesome/6.7.2/webfonts/fa-solid-900.ttf [following]
--2026-09-17 00:29:15--  https://web.archive.org/web/20251213160536im_/https://s4.zstatic.net/ajax/libs/font-awesome/6.7.2/webfonts/fa-solid-900.ttf
Reusing existing connection to web.archive.org:443.
HTTP request sent, awaiting response... 200 OK
Length: unspecified [application/octet-stream]
Saving to: ‘blog.epheia.moe/web.archive.org/web/20251230014327im_/https:/s4.zstatic.net/ajax/libs/font-awesome/6.7.2/webfonts/fa-solid-900.ttf’

     0K .......... .......... .......... .......... .......... 9.79M
    50K .......... .......... .......... .......... .......... 6.35M
   100K .......... .......... .......... .......... .......... 35.6M
   150K .......... .......... .......... .......... .......... 9.86M
   200K .......... .......... .......... .......... .......... 14.7M
   250K .......... .......... .......... .......... .......... 5.76M
   300K .......... .......... .......... .......... .......... 19.1M
   350K .......... .......... .......... .......... .......... 29.0M
   400K .......... ......                                      47.9M=0.04s

Last-modified header missing -- time-stamps turned off.
2026-09-17 00:29:15 (11.5 MB/s) - ‘blog.epheia.moe/web.archive.org/web/20251230014327im_/https:/s4.zstatic.net/ajax/libs/font-awesome/6.7.2/webfonts/fa-solid-900.ttf’ saved [426112]

--2026-09-17 00:29:16--  https://web.archive.org/web/20251230014327im_/https://s4.zstatic.net/ajax/libs/font-awesome/6.7.2/webfonts/fa-v4compatibility.woff2
Reusing existing connection to web.archive.org:443.
HTTP request sent, awaiting response... 302 FOUND
Location: https://web.archive.org/web/20260128024719im_/https://s4.zstatic.net/ajax/libs/font-awesome/6.7.2/webfonts/fa-v4compatibility.woff2 [following]
--2026-09-17 00:29:18--  https://web.archive.org/web/20260128024719im_/https://s4.zstatic.net/ajax/libs/font-awesome/6.7.2/webfonts/fa-v4compatibility.woff2
Reusing existing connection to web.archive.org:443.
HTTP request sent, awaiting response... 200 OK
Length: unspecified [application/octet-stream]
Saving to: ‘blog.epheia.moe/web.archive.org/web/20251230014327im_/https:/s4.zstatic.net/ajax/libs/font-awesome/6.7.2/webfonts/fa-v4compatibility.woff2’

     0K ....                                                   1.12G=0s

Last-modified header missing -- time-stamps turned off.
2026-09-17 00:29:18 (1.12 GB/s) - ‘blog.epheia.moe/web.archive.org/web/20251230014327im_/https:/s4.zstatic.net/ajax/libs/font-awesome/6.7.2/webfonts/fa-v4compatibility.woff2’ saved [4796]

--2026-09-17 00:29:19--  https://web.archive.org/web/20251230014327im_/https://s4.zstatic.net/ajax/libs/font-awesome/6.7.2/webfonts/fa-v4compatibility.ttf
Reusing existing connection to web.archive.org:443.
HTTP request sent, awaiting response... 302 FOUND
Location: https://web.archive.org/web/20260128024719im_/https://s4.zstatic.net/ajax/libs/font-awesome/6.7.2/webfonts/fa-v4compatibility.ttf [following]
--2026-09-17 00:29:20--  https://web.archive.org/web/20260128024719im_/https://s4.zstatic.net/ajax/libs/font-awesome/6.7.2/webfonts/fa-v4compatibility.ttf
Reusing existing connection to web.archive.org:443.
HTTP request sent, awaiting response... 200 OK
Length: unspecified [application/octet-stream]
Saving to: ‘blog.epheia.moe/web.archive.org/web/20251230014327im_/https:/s4.zstatic.net/ajax/libs/font-awesome/6.7.2/webfonts/fa-v4compatibility.ttf’

     0K ..........                                              738M=0s

Last-modified header missing -- time-stamps turned off.
2026-09-17 00:29:20 (738 MB/s) - ‘blog.epheia.moe/web.archive.org/web/20251230014327im_/https:/s4.zstatic.net/ajax/libs/font-awesome/6.7.2/webfonts/fa-v4compatibility.ttf’ saved [10836]

--2026-09-17 00:29:21--  https://web.archive.org/web/20251230010614im_/https://blog.epheia.moe/a/shuoshuo/210/
Reusing existing connection to web.archive.org:443.
HTTP request sent, awaiting response... 200 OK
Length: unspecified [text/html]
Saving to: ‘blog.epheia.moe/web.archive.org/web/20251230010614im_/https:/blog.epheia.moe/a/shuoshuo/210/index.html’

     0K .......... .......... .......... .......... .......... 34.6M
    50K .......... .......... .......... .......... .......... 15.1M
   100K .......... .......... .......... .......... .......... 17.6M
   150K .......... .......... .......... .......... .......... 9.63M
   200K .......... .......... .......... .......... .......    20.4M=0.01s

Last-modified header missing -- time-stamps turned off.
2026-09-17 00:29:21 (16.4 MB/s) - ‘blog.epheia.moe/web.archive.org/web/20251230010614im_/https:/blog.epheia.moe/a/shuoshuo/210/index.html’ saved [253607]

--2026-09-17 00:29:22--  https://web.archive.org/web/20251227012834im_/https://s4.zstatic.net/ajax/libs/font-awesome/6.7.2/webfonts/fa-brands-400.woff2
Reusing existing connection to web.archive.org:443.
HTTP request sent, awaiting response... 302 FOUND
Location: https://web.archive.org/web/20251227004335im_/https://s4.zstatic.net/ajax/libs/font-awesome/6.7.2/webfonts/fa-brands-400.woff2 [following]
--2026-09-17 00:29:24--  https://web.archive.org/web/20251227004335im_/https://s4.zstatic.net/ajax/libs/font-awesome/6.7.2/webfonts/fa-brands-400.woff2
Reusing existing connection to web.archive.org:443.
HTTP request sent, awaiting response... 200 OK
Length: unspecified [application/octet-stream]
Saving to: ‘blog.epheia.moe/web.archive.org/web/20251227012834im_/https:/s4.zstatic.net/ajax/libs/font-awesome/6.7.2/webfonts/fa-brands-400.woff2’

     0K .......... .......... .......... .......... .......... 25.1M
    50K .......... .......... .......... .......... .......... 24.6M
   100K .......... .....                                       50.1M=0.004s

2026-09-17 00:29:24 (26.7 MB/s) - ‘blog.epheia.moe/web.archive.org/web/20251227012834im_/https:/s4.zstatic.net/ajax/libs/font-awesome/6.7.2/webfonts/fa-brands-400.woff2’ saved [118684]

--2026-09-17 00:29:25--  https://web.archive.org/web/20251227012834im_/https://s4.zstatic.net/ajax/libs/font-awesome/6.7.2/webfonts/fa-brands-400.ttf
Reusing existing connection to web.archive.org:443.
HTTP request sent, awaiting response... 302 FOUND
Location: https://web.archive.org/web/20260123101515im_/https://s4.zstatic.net/ajax/libs/font-awesome/6.7.2/webfonts/fa-brands-400.ttf [following]
--2026-09-17 00:29:26--  https://web.archive.org/web/20260123101515im_/https://s4.zstatic.net/ajax/libs/font-awesome/6.7.2/webfonts/fa-brands-400.ttf
Reusing existing connection to web.archive.org:443.
HTTP request sent, awaiting response... 200 OK
Length: unspecified [application/octet-stream]
Saving to: ‘blog.epheia.moe/web.archive.org/web/20251227012834im_/https:/s4.zstatic.net/ajax/libs/font-awesome/6.7.2/webfonts/fa-brands-400.ttf’

     0K .......... .......... .......... .......... .......... 6.42M
    50K .......... .......... .......... .......... .......... 8.76M
   100K .......... .......... .......... .......... .......... 22.8M
   150K .......... .......... .......... .......... .......... 17.3M
   200K .....                                                  35.7M=0.02s

2026-09-17 00:29:26 (11.0 MB/s) - ‘blog.epheia.moe/web.archive.org/web/20251227012834im_/https:/s4.zstatic.net/ajax/libs/font-awesome/6.7.2/webfonts/fa-brands-400.ttf’ saved [210792]

--2026-09-17 00:29:28--  https://web.archive.org/web/20251227012834im_/https://s4.zstatic.net/ajax/libs/font-awesome/6.7.2/webfonts/fa-regular-400.woff2
Reusing existing connection to web.archive.org:443.
HTTP request sent, awaiting response... 302 FOUND
Location: https://web.archive.org/web/20251227012836im_/https://s4.zstatic.net/ajax/libs/font-awesome/6.7.2/webfonts/fa-regular-400.woff2 [following]
--2026-09-17 00:29:29--  https://web.archive.org/web/20251227012836im_/https://s4.zstatic.net/ajax/libs/font-awesome/6.7.2/webfonts/fa-regular-400.woff2
Reusing existing connection to web.archive.org:443.
HTTP request sent, awaiting response... 200 OK
Length: unspecified [application/octet-stream]
Saving to: ‘blog.epheia.moe/web.archive.org/web/20251227012834im_/https:/s4.zstatic.net/ajax/libs/font-awesome/6.7.2/webfonts/fa-regular-400.woff2’

     0K .......... .......... ....                             63.4M=0s

2026-09-17 00:29:30 (63.4 MB/s) - ‘blog.epheia.moe/web.archive.org/web/20251227012834im_/https:/s4.zstatic.net/ajax/libs/font-awesome/6.7.2/webfonts/fa-regular-400.woff2’ saved [25472]

--2026-09-17 00:29:31--  https://web.archive.org/web/20251227012834im_/https://s4.zstatic.net/ajax/libs/font-awesome/6.7.2/webfonts/fa-regular-400.ttf
Reusing existing connection to web.archive.org:443.
HTTP request sent, awaiting response... 302 FOUND
Location: https://web.archive.org/web/20260119144720im_/https://s4.zstatic.net/ajax/libs/font-awesome/6.7.2/webfonts/fa-regular-400.ttf [following]
--2026-09-17 00:29:33--  https://web.archive.org/web/20260119144720im_/https://s4.zstatic.net/ajax/libs/font-awesome/6.7.2/webfonts/fa-regular-400.ttf
Reusing existing connection to web.archive.org:443.
HTTP request sent, awaiting response... 200 OK
Length: unspecified [application/octet-stream]
Saving to: ‘blog.epheia.moe/web.archive.org/web/20251227012834im_/https:/s4.zstatic.net/ajax/libs/font-awesome/6.7.2/webfonts/fa-regular-400.ttf’

     0K .......... .......... .......... .......... .......... 40.4M
    50K .......... ......                                      35.0M=0.002s

2026-09-17 00:29:33 (38.9 MB/s) - ‘blog.epheia.moe/web.archive.org/web/20251227012834im_/https:/s4.zstatic.net/ajax/libs/font-awesome/6.7.2/webfonts/fa-regular-400.ttf’ saved [68064]

--2026-09-17 00:29:34--  https://web.archive.org/web/20251227012834im_/https://s4.zstatic.net/ajax/libs/font-awesome/6.7.2/webfonts/fa-solid-900.woff2
Reusing existing connection to web.archive.org:443.
HTTP request sent, awaiting response... 302 FOUND
Location: https://web.archive.org/web/20251227004335im_/https://s4.zstatic.net/ajax/libs/font-awesome/6.7.2/webfonts/fa-solid-900.woff2 [following]
--2026-09-17 00:29:36--  https://web.archive.org/web/20251227004335im_/https://s4.zstatic.net/ajax/libs/font-awesome/6.7.2/webfonts/fa-solid-900.woff2
Reusing existing connection to web.archive.org:443.
HTTP request sent, awaiting response... 200 OK
Length: unspecified [application/octet-stream]
Saving to: ‘blog.epheia.moe/web.archive.org/web/20251227012834im_/https:/s4.zstatic.net/ajax/libs/font-awesome/6.7.2/webfonts/fa-solid-900.woff2’

     0K .......... .......... .......... .......... .......... 8.97M
    50K .......... .......... .......... .......... .......... 3.83M
   100K .......... .......... .......... .......... .......... 17.3M
   150K ....                                                   90.2K=0.02s

2026-09-17 00:29:36 (7.18 MB/s) - ‘blog.epheia.moe/web.archive.org/web/20251227012834im_/https:/s4.zstatic.net/ajax/libs/font-awesome/6.7.2/webfonts/fa-solid-900.woff2’ saved [158220]

--2026-09-17 00:29:37--  https://web.archive.org/web/20251227012834im_/https://s4.zstatic.net/ajax/libs/font-awesome/6.7.2/webfonts/fa-solid-900.ttf
Reusing existing connection to web.archive.org:443.
HTTP request sent, awaiting response... 302 FOUND
Location: https://web.archive.org/web/20251213160536im_/https://s4.zstatic.net/ajax/libs/font-awesome/6.7.2/webfonts/fa-solid-900.ttf [following]
--2026-09-17 00:29:39--  https://web.archive.org/web/20251213160536im_/https://s4.zstatic.net/ajax/libs/font-awesome/6.7.2/webfonts/fa-solid-900.ttf
Reusing existing connection to web.archive.org:443.
HTTP request sent, awaiting response... 200 OK
Length: unspecified [application/octet-stream]
Saving to: ‘blog.epheia.moe/web.archive.org/web/20251227012834im_/https:/s4.zstatic.net/ajax/libs/font-awesome/6.7.2/webfonts/fa-solid-900.ttf’

     0K .......... .......... .......... .......... .......... 11.3M
    50K .......... .......... .......... .......... .......... 2.06M
   100K .......... .......... .......... .......... .......... 17.8M
   150K .......... .......... .......... .......... .......... 23.0M
   200K .......... .......... .......... .......... .......... 10.5M
   250K .......... .......... .......... .......... .......... 33.7M
   300K .......... .......... .......... .......... .......... 28.6M
   350K .......... .......... .......... .......... .......... 15.7M
   400K .......... ......                                      17.0M=0.04s

Last-modified header missing -- time-stamps turned off.
2026-09-17 00:29:39 (9.07 MB/s) - ‘blog.epheia.moe/web.archive.org/web/20251227012834im_/https:/s4.zstatic.net/ajax/libs/font-awesome/6.7.2/webfonts/fa-solid-900.ttf’ saved [426112]

--2026-09-17 00:29:40--  https://web.archive.org/web/20251227012834im_/https://s4.zstatic.net/ajax/libs/font-awesome/6.7.2/webfonts/fa-v4compatibility.woff2
Reusing existing connection to web.archive.org:443.
HTTP request sent, awaiting response... 302 FOUND
Location: https://web.archive.org/web/20260128024719im_/https://s4.zstatic.net/ajax/libs/font-awesome/6.7.2/webfonts/fa-v4compatibility.woff2 [following]
--2026-09-17 00:29:41--  https://web.archive.org/web/20260128024719im_/https://s4.zstatic.net/ajax/libs/font-awesome/6.7.2/webfonts/fa-v4compatibility.woff2
Reusing existing connection to web.archive.org:443.
HTTP request sent, awaiting response... 200 OK
Length: unspecified [application/octet-stream]
Saving to: ‘blog.epheia.moe/web.archive.org/web/20251227012834im_/https:/s4.zstatic.net/ajax/libs/font-awesome/6.7.2/webfonts/fa-v4compatibility.woff2’

     0K ....                                                   1.49G=0s

Last-modified header missing -- time-stamps turned off.
2026-09-17 00:29:41 (1.49 GB/s) - ‘blog.epheia.moe/web.archive.org/web/20251227012834im_/https:/s4.zstatic.net/ajax/libs/font-awesome/6.7.2/webfonts/fa-v4compatibility.woff2’ saved [4796]

--2026-09-17 00:29:42--  https://web.archive.org/web/20251227012834im_/https://s4.zstatic.net/ajax/libs/font-awesome/6.7.2/webfonts/fa-v4compatibility.ttf
Reusing existing connection to web.archive.org:443.
HTTP request sent, awaiting response... 302 FOUND
Location: https://web.archive.org/web/20260128024719im_/https://s4.zstatic.net/ajax/libs/font-awesome/6.7.2/webfonts/fa-v4compatibility.ttf [following]
--2026-09-17 00:29:44--  https://web.archive.org/web/20260128024719im_/https://s4.zstatic.net/ajax/libs/font-awesome/6.7.2/webfonts/fa-v4compatibility.ttf
Reusing existing connection to web.archive.org:443.
HTTP request sent, awaiting response... 200 OK
Length: unspecified [application/octet-stream]
Saving to: ‘blog.epheia.moe/web.archive.org/web/20251227012834im_/https:/s4.zstatic.net/ajax/libs/font-awesome/6.7.2/webfonts/fa-v4compatibility.ttf’

     0K ..........                                             1.44G=0s

Last-modified header missing -- time-stamps turned off.
2026-09-17 00:29:44 (1.44 GB/s) - ‘blog.epheia.moe/web.archive.org/web/20251227012834im_/https:/s4.zstatic.net/ajax/libs/font-awesome/6.7.2/webfonts/fa-v4compatibility.ttf’ saved [10836]

FINISHED --2026-09-17 00:29:44--
Total wall clock time: 26m 47s
Downloaded: 387 files, 42M in 14s (3.07 MB/s)
Converting links in blog.epheia.moe/web.archive.org/web/20251228102112/https:/blog.epheia.moe/a/shuoshuo/刚搭好状态页就有用了/index.html... 256.
50-206
Converting links in blog.epheia.moe/web.archive.org/web/20251227031920/https:/blog.epheia.moe/a/140.html... 250.
45-205
Converting links in blog.epheia.moe/web.archive.org/web/20260210034219/https:/blog.epheia.moe/a/6.html... 253.
48-205
Converting links in blog.epheia.moe/web.archive.org/web/20251230100138/https:/blog.epheia.moe/a/119.html... 276.
71-205
Converting links in blog.epheia.moe/web.archive.org/web/20260604214342im_/https:/blog.epheia.moe/index.html... 270.
61-209
Converting links in blog.epheia.moe/web.archive.org/web/20251228064038/https:/blog.epheia.moe/a/author/epheia/index.html... 277.
72-205
Converting links in blog.epheia.moe/web.archive.org/web/20251227031920/https:/blog.epheia.moe/a/shuoshuo/刚搭好状态页就有用了/index.html... 256.
50-206
Converting links in blog.epheia.moe/web.archive.org/web/20251228064038/https:/s.nmxc.ltd/index.html... nothing to do.
Converting links in blog.epheia.moe/web.archive.org/web/20251228102112/https:/blog.epheia.moe/a/date/2025/10/index.html... 249.
44-205
Converting links in blog.epheia.moe/web.archive.org/web/20251230100138/https:/blog.epheia.moe/a/140.html... 250.
45-205
Converting links in blog.epheia.moe/web.archive.org/web/20260210034219/https:/blog.epheia.moe/index.html... 277.
72-205
Converting links in blog.epheia.moe/web.archive.org/web/20260222105121/https:/blog.epheia.moe/a/date/2025/10/index.html... 249.
44-205
Converting links in blog.epheia.moe/web.archive.org/web/20251227031920im_/https:/blog.epheia.moe/index.html... 277.
72-205
Converting links in blog.epheia.moe/web.archive.org/web/20260206162955/https:/blog.epheia.moe/a/119.html... 276.
71-205
Converting links in blog.epheia.moe/web.archive.org/web/20251228064038/https:/blog.epheia.moe/a/140.html... 250.
45-205
Converting links in blog.epheia.moe/web.archive.org/web/20251230010614/https:/blog.epheia.moe/a/shuoshuo/刚搭好状态页就有用了/index.html... 256.
50-206
Converting links in blog.epheia.moe/web.archive.org/web/20251228102112/https:/blog.epheia.moe/index.html... 277.
72-205
Converting links in blog.epheia.moe/web.archive.org/web/20260604214342/https:/s.nmxc.ltd/index.html... nothing to do.
Converting links in blog.epheia.moe/web.archive.org/web/20251227031920/https:/s.nmxc.ltd/index.html... nothing to do.
Converting links in blog.epheia.moe/web.archive.org/web/20260222105121/https:/blog.epheia.moe/a/author/epheia/index.html... 277.
72-205
Converting links in blog.epheia.moe/web.archive.org/web/20251230100138/https:/blog.epheia.moe/a/shuoshuo/刚搭好状态页就有用了/index.html... 256.
50-206
Converting links in blog.epheia.moe/web.archive.org/web/20260210034219/https:/blog.epheia.moe/a/date/2025/10/index.html... 249.
44-205
Converting links in blog.epheia.moe/web.archive.org/web/20260222105121/https:/blog.epheia.moe/index.html... 277.
72-205
Converting links in blog.epheia.moe/web.archive.org/web/20260210034219/https:/blog.epheia.moe/a/shuoshuo/刚搭好状态页就有用了/index.html... 256.
50-206
Converting links in blog.epheia.moe/web.archive.org/web/20260210034219im_/https:/blog.epheia.moe/a/author/epheia/index.html... 277.
72-205
Converting links in blog.epheia.moe/web.archive.org/web/20251228064038im_/https:/blog.epheia.moe/a/119.html... 276.
71-205
Converting links in blog.epheia.moe/web.archive.org/web/20251230100138/https:/blog.epheia.moe/a/6.html... 253.
48-205
Converting links in blog.epheia.moe/web.archive.org/web/20251230100138/https:/blog.epheia.moe/a/shuoshuo/210/index.html... 265.
60-205
Converting links in blog.epheia.moe/web.archive.org/web/20251230010614/https:/blog.epheia.moe/index.html... 277.
72-205
Converting links in blog.epheia.moe/web.archive.org/web/20260206162955/https:/s.nmxc.ltd/index.html... nothing to do.
Converting links in blog.epheia.moe/web.archive.org/web/20251230010614/https:/s.nmxc.ltd/index.html... nothing to do.
Converting links in blog.epheia.moe/web.archive.org/web/20251228064038/https:/blog.epheia.moe/index.html... 277.
72-205
Converting links in blog.epheia.moe/web.archive.org/web/20260604214342/https:/blog.epheia.moe/a/date/2025/10/index.html... 249.
44-205
Converting links in blog.epheia.moe/web.archive.org/web/20260210034219/https:/s.nmxc.ltd/index.html... nothing to do.
Converting links in blog.epheia.moe/web.archive.org/web/20251228102112im_/https:/blog.epheia.moe/a/shuoshuo/刚搭好状态页就有用了.html... 256.
50-206
Converting links in blog.epheia.moe/web.archive.org/web/20260206162955/https:/blog.epheia.moe/index.html... 277.
72-205
Converting links in blog.epheia.moe/web.archive.org/web/20251228064038/https:/blog.epheia.moe/a/6.html... 253.
48-205
Converting links in blog.epheia.moe/web.archive.org/web/20251227031920/https:/blog.epheia.moe/a/shuoshuo/210/index.html... 265.
60-205
Converting links in blog.epheia.moe/web.archive.org/web/20260103055039/https:/blog.epheia.moe/a/6.html... 253.
48-205
Converting links in blog.epheia.moe/web.archive.org/web/20251230100138/https:/s.nmxc.ltd/index.html... nothing to do.
Converting links in blog.epheia.moe/web.archive.org/web/20251230100138/https:/blog.epheia.moe/a/date/2025/10/index.html... 249.
44-205
Converting links in blog.epheia.moe/web.archive.org/web/20251227031920/https:/blog.epheia.moe/a/6.html... 253.
48-205
Converting links in blog.epheia.moe/web.archive.org/web/20251230010614/https:/blog.epheia.moe/a/author/epheia/index.html... 277.
72-205
Converting links in blog.epheia.moe/web.archive.org/web/20260222105121im_/https:/blog.epheia.moe/a/6.html... 253.
48-205
Converting links in blog.epheia.moe/web.archive.org/web/20260103055039/https:/blog.epheia.moe/a/119.html... 276.
71-205
Converting links in blog.epheia.moe/web.archive.org/web/20260206162955im_/https:/blog.epheia.moe/a/140.html... 250.
45-205
Converting links in blog.epheia.moe/web.archive.org/web/20251230010614im_/https:/blog.epheia.moe/a/shuoshuo/210/index.html... 265.
60-205
Converting links in blog.epheia.moe/web.archive.org/web/20260206162955/https:/blog.epheia.moe/a/author/epheia/index.html... 277.
72-205
Converting links in blog.epheia.moe/web.archive.org/web/20251227031920/https:/blog.epheia.moe/a/date/2025/10/index.html... 249.
44-205
Converting links in blog.epheia.moe/web.archive.org/web/20251230010614/https:/blog.epheia.moe/a/shuoshuo/210/index.html... 265.
60-205
Converting links in blog.epheia.moe/web.archive.org/web/20251228102112/https:/s.nmxc.ltd/index.html... nothing to do.
Converting links in blog.epheia.moe/web.archive.org/web/20251230100138/https:/blog.epheia.moe/a/author/epheia/index.html... 277.
72-205
Converting links in blog.epheia.moe/web.archive.org/web/20260210034219/https:/blog.epheia.moe/a/119.html... 276.
71-205
Converting links in blog.epheia.moe/web.archive.org/web/20251230010614im_/https:/blog.epheia.moe/a/shuoshuo/210.html... 265.
60-205
Converting links in blog.epheia.moe/web.archive.org/web/20260604214342/https:/blog.epheia.moe/a/author/epheia/index.html... 277.
72-205
Converting links in blog.epheia.moe/web.archive.org/web/20251230010614/https:/blog.epheia.moe/a/date/2025/10/index.html... 249.
44-205
Converting links in blog.epheia.moe/web.archive.org/web/20260103055039/https:/blog.epheia.moe/a/140.html... 250.
45-205
Converting links in blog.epheia.moe/web.archive.org/web/20260206162955/https:/blog.epheia.moe/a/date/2025/10/index.html... 249.
44-205
Converting links in blog.epheia.moe/web.archive.org/web/20260210034219/https:/blog.epheia.moe/a/140.html... 250.
45-205
Converting links in blog.epheia.moe/web.archive.org/web/20251228102112/https:/blog.epheia.moe/a/shuoshuo/210/index.html... 265.
60-205
Converting links in blog.epheia.moe/web.archive.org/web/20260222105121/https:/blog.epheia.moe/a/119.html... 276.
71-205
Converting links in blog.epheia.moe/web.archive.org/web/20260604214342/https:/blog.epheia.moe/index.html... 270.
61-209
Converting links in blog.epheia.moe/web.archive.org/web/20260222105121/https:/s.nmxc.ltd/index.html... nothing to do.
Converting links in blog.epheia.moe/web.archive.org/web/20260103055039/https:/s.nmxc.ltd/index.html... nothing to do.
Converting links in blog.epheia.moe/web.archive.org/web/20251228064038/https:/blog.epheia.moe/a/date/2025/10/index.html... 249.
44-205
Converting links in blog.epheia.moe/web.archive.org/web/20251227031920/https:/blog.epheia.moe/a/author/epheia/index.html... 277.
72-205
Converting links in blog.epheia.moe/web.archive.org/web/20251228102112im_/https:/blog.epheia.moe/a/shuoshuo/刚搭好状态页就有用了/index.html... 256.
50-206
Converting links in blog.epheia.moe/web.archive.org/web/20260103055039im_/https:/blog.epheia.moe/a/date/2025/10/index.html... 249.
44-205
Converting links in blog.epheia.moe/web.archive.org/web/20260103055039/https:/blog.epheia.moe/index.html... 277.
72-205
Converting links in blog.epheia.moe/web.archive.org/web/20251227031920/https:/blog.epheia.moe/a/119.html... 276.
71-205
Converting links in blog.epheia.moe/web.archive.org/web/20251228102112/https:/blog.epheia.moe/a/author/epheia/index.html... 277.
72-205
Converting links in blog.epheia.moe/web.archive.org/web/20251230100138im_/https:/blog.epheia.moe/index.html... 277.
72-205
Converting links in blog.epheia.moe/web.archive.org/web/20251230100138/https:/s4.zstatic.net/ajax/libs/font-awesome/6.7.2/css/all.min.css... 20.
20-0
Converting links in blog.epheia.moe/web.archive.org/web/20260604214342/https:/s4.zstatic.net/ajax/libs/font-awesome/6.7.2/css/all.min.css... 20.
20-0
Converting links in blog.epheia.moe/web.archive.org/web/20260222105121/https:/blog.epheia.moe/wp-content/themes/Sakurairo/css/index.html?iro_header&github&no_wave&minify&3.0.4.css... nothing to do.
Converting links in blog.epheia.moe/web.archive.org/web/20260103055039cs_/https:/s4.zstatic.net/ajax/libs/font-awesome/6.7.2/css/all.min.css... 20.
20-0
Converting links in blog.epheia.moe/web.archive.org/web/20251230100138/https:/blog.epheia.moe/wp-content/themes/Sakurairo/css/index.html?iro_header&github&no_wave&minify&3.0.4.css... nothing to do.
Converting links in blog.epheia.moe/web.archive.org/web/20251228102112/https:/blog.epheia.moe/wp-content/themes/Sakurairo/css/index.html?iro_header&github&no_wave&minify&3.0.4.css... nothing to do.
Converting links in blog.epheia.moe/web.archive.org/web/20260210034219/https:/blog.epheia.moe/wp-content/themes/Sakurairo/css/index.html?iro_header&github&no_wave&minify&3.0.4.css... nothing to do.
Converting links in blog.epheia.moe/web.archive.org/web/20251228064038cs_/https:/s4.zstatic.net/ajax/libs/font-awesome/6.7.2/css/all.min.css... 20.
20-0
Converting links in blog.epheia.moe/web.archive.org/web/20251228102112cs_/https:/s4.zstatic.net/ajax/libs/font-awesome/6.7.2/css/all.min.css... 20.
20-0
Converting links in blog.epheia.moe/web.archive.org/web/20260103055039/https:/s4.zstatic.net/ajax/libs/font-awesome/6.7.2/css/all.min.css... 20.
20-0
Converting links in blog.epheia.moe/web.archive.org/web/20260206162955/https:/s4.zstatic.net/ajax/libs/font-awesome/6.7.2/css/all.min.css... 20.
20-0
Converting links in blog.epheia.moe/web.archive.org/web/20260103055039cs_/https:/blog.epheia.moe/wp-content/themes/Sakurairo/css/index.html?iro_header&github&no_wave&minify&3.0.4.css... nothing to do.
Converting links in blog.epheia.moe/web.archive.org/web/20251228102112cs_/https:/blog.epheia.moe/wp-content/themes/Sakurairo/css/index.html?iro_header&github&no_wave&minify&3.0.4.css... nothing to do.
Converting links in blog.epheia.moe/web.archive.org/web/20251228064038/https:/s4.zstatic.net/ajax/libs/font-awesome/6.7.2/css/all.min.css... 20.
20-0
Converting links in blog.epheia.moe/web.archive.org/web/20260103055039/https:/blog.epheia.moe/wp-content/themes/Sakurairo/css/index.html?iro_header&github&no_wave&minify&3.0.4.css... nothing to do.
Converting links in blog.epheia.moe/web.archive.org/web/20251228064038cs_/https:/blog.epheia.moe/wp-content/themes/Sakurairo/css/index.html?iro_header&github&no_wave&minify&3.0.4.css... nothing to do.
Converting links in blog.epheia.moe/web.archive.org/web/20251230100138cs_/https:/blog.epheia.moe/wp-content/themes/Sakurairo/css/index.html?iro_header&github&no_wave&minify&3.0.4.css... nothing to do.
Converting links in blog.epheia.moe/web.archive.org/web/20260222105121/https:/s4.zstatic.net/ajax/libs/font-awesome/6.7.2/css/all.min.css... 20.
20-0
Converting links in blog.epheia.moe/web.archive.org/web/20251230100138cs_/https:/s4.zstatic.net/ajax/libs/font-awesome/6.7.2/css/all.min.css... 20.
20-0
Converting links in blog.epheia.moe/web.archive.org/web/20251230010614cs_/https:/s4.zstatic.net/ajax/libs/font-awesome/6.7.2/css/all.min.css... 20.
20-0
Converting links in blog.epheia.moe/web.archive.org/web/20251227031920/https:/s4.zstatic.net/ajax/libs/font-awesome/6.7.2/css/all.min.css... 20.
20-0
Converting links in blog.epheia.moe/web.archive.org/web/20251227031920cs_/https:/s4.zstatic.net/ajax/libs/font-awesome/6.7.2/css/all.min.css... 20.
20-0
Converting links in blog.epheia.moe/web.archive.org/web/20260206162955cs_/https:/blog.epheia.moe/wp-content/themes/Sakurairo/css/index.html?iro_header&github&no_wave&minify&3.0.4.css... nothing to do.
Converting links in blog.epheia.moe/web.archive.org/web/20260210034219cs_/https:/blog.epheia.moe/wp-content/themes/Sakurairo/css/index.html?iro_header&github&no_wave&minify&3.0.4.css... nothing to do.
Converting links in blog.epheia.moe/web.archive.org/web/20260604214342cs_/https:/blog.epheia.moe/wp-includes/css/dist/block-library/style.min.css?ver=7.0.css... nothing to do.
Converting links in blog.epheia.moe/web.archive.org/web/20251230010614/https:/blog.epheia.moe/wp-content/themes/Sakurairo/css/index.html?iro_header&github&no_wave&minify&3.0.4.css... nothing to do.
Converting links in blog.epheia.moe/web.archive.org/web/20260210034219cs_/https:/s4.zstatic.net/ajax/libs/font-awesome/6.7.2/css/all.min.css... 20.
20-0
Converting links in blog.epheia.moe/web.archive.org/web/20251228102112/https:/s4.zstatic.net/ajax/libs/font-awesome/6.7.2/css/all.min.css... 20.
20-0
Converting links in blog.epheia.moe/web.archive.org/web/20260206162955cs_/https:/s4.zstatic.net/ajax/libs/font-awesome/6.7.2/css/all.min.css... 20.
20-0
Converting links in blog.epheia.moe/web.archive.org/web/20260210034219/https:/s4.zstatic.net/ajax/libs/font-awesome/6.7.2/css/all.min.css... 20.
20-0
Converting links in blog.epheia.moe/web.archive.org/web/20260222105121cs_/https:/s4.zstatic.net/ajax/libs/font-awesome/6.7.2/css/all.min.css... 20.
20-0
Converting links in blog.epheia.moe/web.archive.org/web/20260604214342cs_/https:/s4.zstatic.net/ajax/libs/font-awesome/6.7.2/css/all.min.css... 20.
20-0
Converting links in blog.epheia.moe/web.archive.org/web/20251228064038/https:/blog.epheia.moe/wp-content/themes/Sakurairo/css/index.html?iro_header&github&no_wave&minify&3.0.4.css... nothing to do.
Converting links in blog.epheia.moe/web.archive.org/web/20251230010614cs_/https:/blog.epheia.moe/wp-content/themes/Sakurairo/css/index.html?iro_header&github&no_wave&minify&3.0.4.css... nothing to do.
Converting links in blog.epheia.moe/web.archive.org/web/20260206162955/https:/blog.epheia.moe/wp-content/themes/Sakurairo/css/index.html?iro_header&github&no_wave&minify&3.0.4.css... nothing to do.
Converting links in blog.epheia.moe/web.archive.org/web/20251230010614/https:/s4.zstatic.net/ajax/libs/font-awesome/6.7.2/css/all.min.css... 20.
20-0
Converting links in blog.epheia.moe/web.archive.org/web/20260222105121cs_/https:/blog.epheia.moe/wp-content/themes/Sakurairo/css/index.html?iro_header&github&no_wave&minify&3.0.4.css... nothing to do.
Converted links in 109 files in 0.5 seconds.
